Emp_ID,Department,Location,Hire_Date,Status,Base_Salary_USD,Weekly_Capacity_Hrs,Performance_Rating
EMP-000001,It,Remote,2017-05-26,Active,81429.0,40.0,4
EMP-000002,Hr,London,2018-02-07,Active,83596.0,0.0,1
EMP-000003,Finance,London,2020-11-03,Terminated,81143.0,40.0,3
EMP-000004,It,London,2022-12-11,Terminated,107047.0,0.0,3
EMP-000005,Support,Remote,2016-08-28,Active,95094.0,40.0,2
EMP-000006,Sales,London,2022-07-25,Active,42015.0,40.0,3
EMP-000007,Finance,London,2016-02-04,Active,72142.0,40.0,5
EMP-000008,Finance,San Francisco,2016-12-07,Active,74651.0,0.0,2
EMP-000009,It,Remote,2015-05-03,Active,128789.0,40.0,4
EMP-000010,It,Remote,2016-04-07,Active,66755.0,35.0,3
EMP-000011,Support,London,2023-04-04,Terminated,50438.0,40.0,3
EMP-000012,It,San Francisco,2019-02-19,On Leave,85958.0,40.0,3
EMP-000013,Support,Chicago,2015-09-13,Active,87425.0,40.0,5
EMP-000014,Support,Remote,2023-08-21,Active,73156.0,40.0,3
EMP-000015,Sales,London,2022-11-29,Terminated,69493.0,35.0,5
EMP-000016,Finance,Remote,2021-10-16,Active,98723.0,40.0,2
EMP-000017,Hr,New York,2023-05-27,Active,53660.0,40.0,5
EMP-000018,Sales,London,2016-12-24,Active,66476.0,40.0,1
EMP-000019,Sales,Remote,2022-07-12,Active,61946.0,20.0,3
EMP-000020,Support,Remote,2021-03-18,Active,102347.0,40.0,5
EMP-000021,Marketing,Remote,2022-10-29,Active,82137.0,40.0,3
EMP-000022,Finance,Remote,2022-03-04,Active,48375.0,40.0,1
EMP-000023,It,Chicago,2018-02-12,Active,50887.0,40.0,4
EMP-000024,Sales,New York,2021-12-20,Active,121835.0,40.0,5
EMP-000025,Hr,London,2017-05-12,Active,102080.0,0.0,4
EMP-000026,Marketing,Remote,2017-12-16,Terminated,96039.0,40.0,5
EMP-000027,Marketing,London,2015-12-21,Active,75306.0,40.0,3
EMP-000028,It,San Francisco,2023-06-01,Active,112712.0,40.0,3
EMP-000029,Sales,Remote,2017-08-14,Active,47415.0,40.0,4
EMP-000030,Hr,Remote,2019-09-08,Active,93824.0,40.0,3
EMP-000031,Finance,Remote,2018-07-10,Terminated,63918.0,40.0,4
EMP-000032,Sales,Remote,2023-08-22,Active,68778.0,40.0,2
EMP-000033,Hr,San Francisco,2018-01-06,Active,93145.0,40.0,3
EMP-000034,It,Chicago,2022-01-03,Active,71411.0,40.0,3
EMP-000035,Marketing,Remote,2022-09-12,Active,64133.0,20.0,4
EMP-000036,Finance,Remote,2018-12-02,Active,62621.0,40.0,3
EMP-000037,Hr,London,2018-05-28,Active,25341.0,40.0,1
EMP-000038,Sales,New York,2021-09-23,Active,94080.0,40.0,3
EMP-000039,Sales,London,2023-03-20,Terminated,49834.0,40.0,3
EMP-000040,Support,London,2021-10-17,Terminated,121460.0,40.0,2
EMP-000041,Support,Chicago,2017-01-16,Terminated,74928.5,40.0,1
EMP-000042,It,New York,2022-12-29,On Leave,74928.5,40.0,3
EMP-000043,It,London,2018-06-27,Terminated,29774.0,35.0,3
EMP-000044,Sales,London,2020-03-09,Active,93287.0,40.0,4
EMP-000045,Hr,San Francisco,2022-06-25,Active,99714.0,40.0,3
EMP-000046,Hr,London,2016-09-11,Active,107589.0,40.0,3
EMP-000047,Sales,Chicago,2022-01-22,Terminated,36799.0,40.0,3
EMP-000048,It,Remote,2020-05-13,Active,57432.0,20.0,3
EMP-000049,Marketing,San Francisco,2023-01-15,Active,89413.0,40.0,4
EMP-000050,Marketing,New York,2016-07-19,Active,78711.0,40.0,3
EMP-000051,It,London,2018-10-14,Active,82334.0,20.0,3
EMP-000052,Marketing,Remote,2022-06-30,Active,65993.0,40.0,3
EMP-000053,Support,San Francisco,2015-03-05,Active,113770.0,40.0,1
EMP-000054,Hr,London,2016-01-04,Active,140212.0,40.0,4
EMP-000055,It,Chicago,2023-11-30,On Leave,77599.0,40.0,3
EMP-000056,Hr,Remote,2017-07-10,Terminated,86336.0,40.0,3
EMP-000057,Sales,Remote,2023-10-12,Terminated,74928.5,40.0,4
EMP-000058,Sales,New York,2016-08-22,On Leave,107101.0,40.0,2
EMP-000059,Support,Remote,2018-04-01,Active,95728.0,40.0,4
EMP-000060,Finance,San Francisco,2021-10-10,Active,48340.0,40.0,3
EMP-000061,Support,New York,2020-12-02,Active,59682.0,40.0,3
EMP-000062,It,Remote,2020-03-25,Active,49768.0,20.0,4
EMP-000063,Finance,Chicago,2019-10-08,Active,74928.5,40.0,3
EMP-000064,Sales,New York,2022-08-04,Terminated,90883.0,40.0,4
EMP-000065,It,Remote,2017-02-11,Active,60108.0,40.0,3
EMP-000066,It,New York,2018-12-25,Active,58111.0,20.0,2
EMP-000067,Hr,London,2016-05-25,Active,95131.0,40.0,4
EMP-000068,Sales,London,2020-05-12,Terminated,97623.0,40.0,2
EMP-000069,Hr,New York,2017-04-03,Active,94953.0,40.0,3
EMP-000070,Marketing,London,2018-01-02,Active,64361.0,40.0,5
EMP-000071,It,Remote,2019-03-30,Active,82646.0,40.0,3
EMP-000072,It,London,2015-03-29,Terminated,77773.0,40.0,4
EMP-000073,Sales,London,2015-10-30,Active,51593.0,20.0,3
EMP-000074,It,London,2021-03-04,Active,51838.0,40.0,4
EMP-000075,Finance,Chicago,2018-11-11,Terminated,85299.0,20.0,3
EMP-000076,It,Remote,2022-10-13,Terminated,79911.0,40.0,3
EMP-000077,Hr,San Francisco,2021-04-02,Active,88834.0,30.0,5
EMP-000078,Hr,London,2015-01-27,Active,94776.0,20.0,4
EMP-000079,It,New York,2020-07-20,Active,112485.0,40.0,3
EMP-000080,Hr,Remote,2015-11-05,Terminated,55602.0,35.0,5
EMP-000081,It,San Francisco,2022-01-10,Terminated,90756.0,40.0,2
EMP-000082,Hr,Remote,2023-12-04,Terminated,74928.5,40.0,1
EMP-000083,Finance,London,2019-10-13,Active,67197.0,40.0,3
EMP-000084,Sales,Remote,2021-02-22,Active,78047.0,20.0,4
EMP-000085,It,London,2017-02-19,Terminated,67836.0,40.0,3
EMP-000086,Support,Remote,2018-12-09,Active,127715.0,40.0,2
EMP-000087,Marketing,Remote,2022-09-14,Terminated,77621.0,40.0,4
EMP-000088,Sales,Remote,2016-07-04,Active,86288.0,20.0,5
EMP-000089,Hr,London,2017-05-22,Active,68400.0,40.0,4
EMP-000090,It,Remote,2019-01-04,Terminated,63009.0,40.0,5
EMP-000091,Sales,Remote,2021-05-30,Active,42450.0,40.0,4
EMP-000092,Hr,New York,2018-05-20,Active,102497.0,40.0,3
EMP-000093,It,Remote,2023-05-08,Terminated,94211.0,40.0,2
EMP-000094,Marketing,Remote,2015-11-07,Terminated,67473.0,30.0,4
EMP-000095,Marketing,Remote,2018-05-03,Terminated,52491.0,30.0,4
EMP-000096,Marketing,Chicago,2021-05-19,Terminated,79498.0,40.0,4
EMP-000097,It,Remote,2017-01-12,Active,62558.0,40.0,4
EMP-000098,Hr,San Francisco,2020-11-27,Active,69449.0,40.0,3
EMP-000099,Marketing,London,2016-06-23,Active,43411.0,40.0,5
EMP-000100,Finance,London,2015-07-04,Active,80427.0,40.0,4
EMP-000101,It,San Francisco,2016-02-02,Active,80925.0,0.0,1
EMP-000102,It,London,2023-05-15,Terminated,102368.0,40.0,4
EMP-000103,It,New York,2019-12-19,Active,71231.0,0.0,3
EMP-000104,Hr,New York,2022-03-02,Terminated,66661.0,0.0,2
EMP-000105,It,London,2017-12-29,Active,36081.0,40.0,3
EMP-000106,It,Remote,2020-05-02,Active,102524.0,20.0,3
EMP-000107,Marketing,San Francisco,2019-06-15,Active,97321.0,40.0,3
EMP-000108,Hr,Remote,2023-07-06,Terminated,75718.0,40.0,3
EMP-000109,Marketing,Chicago,2021-09-23,Active,41769.0,40.0,3
EMP-000110,It,New York,2021-07-29,Active,44637.0,40.0,4
EMP-000111,Sales,New York,2015-06-02,Terminated,61322.0,30.0,4
EMP-000112,It,San Francisco,2019-12-12,Active,99131.0,40.0,4
EMP-000113,Sales,New York,2019-03-16,Active,82258.0,40.0,4
EMP-000114,Marketing,Chicago,2023-05-08,Active,37666.0,40.0,3
EMP-000115,It,Chicago,2017-04-25,Active,85105.0,40.0,2
EMP-000116,Hr,Chicago,2017-06-05,Active,54021.0,20.0,3
EMP-000117,Sales,London,2018-09-14,Active,61945.0,0.0,1
EMP-000118,Marketing,Chicago,2017-03-10,Active,99293.0,40.0,3
EMP-000119,Sales,Chicago,2016-02-29,Active,94138.0,40.0,5
EMP-000120,Finance,London,2022-09-19,Active,102327.0,20.0,4
EMP-000121,Sales,Remote,2020-01-10,Active,74422.0,30.0,3
EMP-000122,Finance,Remote,2022-10-02,Active,97076.0,40.0,4
EMP-000123,It,New York,2022-06-24,Active,60347.0,40.0,4
EMP-000124,It,Chicago,2017-07-16,Active,68561.0,40.0,3
EMP-000125,Finance,New York,2019-12-06,Active,66843.0,40.0,4
EMP-000126,Sales,San Francisco,2015-10-01,On Leave,75597.0,40.0,3
EMP-000127,It,New York,2023-03-28,Active,42838.0,40.0,4
EMP-000128,Sales,London,2018-08-21,On Leave,69375.0,20.0,2
EMP-000129,Hr,Remote,2018-07-18,Active,111291.0,40.0,2
EMP-000130,Hr,London,2017-09-22,Active,74928.5,40.0,5
EMP-000131,Hr,New York,2019-02-23,Active,41767.0,0.0,3
EMP-000132,Finance,New York,2017-04-07,Terminated,43783.0,40.0,4
EMP-000133,Sales,New York,2018-05-17,Active,141546.0,30.0,4
EMP-000134,Finance,Remote,2022-03-14,Active,86621.0,20.0,5
EMP-000135,It,Remote,2022-07-05,Active,68243.0,40.0,2
EMP-000136,Finance,San Francisco,2017-09-26,Active,76708.0,40.0,4
EMP-000137,Sales,London,2019-03-22,Active,80691.0,40.0,3
EMP-000138,Sales,New York,2022-11-12,Active,58989.0,40.0,3
EMP-000139,It,New York,2015-06-23,Active,62070.0,40.0,2
EMP-000140,Sales,New York,2023-01-01,Terminated,71058.0,40.0,4
EMP-000141,Sales,New York,2016-12-21,Active,56881.0,40.0,3
EMP-000142,Sales,Remote,2021-02-08,Active,65077.0,20.0,3
EMP-000143,Hr,Remote,2020-03-29,Active,83827.0,20.0,4
EMP-000144,Sales,Remote,2019-12-23,Active,50071.0,40.0,3
EMP-000145,Sales,San Francisco,2022-09-25,Active,140249.0,40.0,3
EMP-000146,It,London,2015-11-30,Active,93829.0,0.0,3
EMP-000147,Support,Chicago,2018-02-14,Active,43248.0,40.0,4
EMP-000148,Support,London,2019-11-05,Active,13052.0,30.0,5
EMP-000149,Sales,Remote,2022-04-20,Active,57812.0,40.0,3
EMP-000150,Sales,London,2016-12-12,Active,92109.0,40.0,3
EMP-000151,Support,New York,2022-03-24,Active,87262.0,40.0,3
EMP-000152,Support,Remote,2018-08-06,Active,72229.0,40.0,4
EMP-000153,Sales,San Francisco,2016-09-12,Active,59964.0,20.0,5
EMP-000154,Support,Chicago,2021-10-30,Active,52397.0,40.0,3
EMP-000155,Finance,Remote,2015-10-26,Terminated,64935.0,40.0,1
EMP-000156,It,San Francisco,2019-08-20,Active,49691.0,35.0,2
EMP-000157,It,Remote,2015-07-29,Active,65028.0,40.0,3
EMP-000158,It,Chicago,2018-03-17,Terminated,108274.0,40.0,3
EMP-000159,Sales,San Francisco,2020-05-29,Active,55719.0,20.0,3
EMP-000160,Hr,London,2020-01-02,Active,90272.0,30.0,3
EMP-000161,It,Remote,2018-08-23,On Leave,94086.0,0.0,5
EMP-000162,Sales,Remote,2018-11-11,Terminated,48010.0,40.0,2
EMP-000163,Sales,London,2017-01-15,Terminated,53916.0,40.0,4
EMP-000164,Hr,San Francisco,2019-02-07,Active,101724.0,40.0,3
EMP-000165,It,San Francisco,2023-07-31,Active,74928.5,40.0,4
EMP-000166,Sales,London,2022-08-27,On Leave,73563.0,40.0,5
EMP-000167,Sales,Remote,2016-04-22,Active,74928.5,40.0,3
EMP-000168,It,Chicago,2015-04-08,Terminated,99496.0,40.0,2
EMP-000169,It,Remote,2023-05-27,Active,77131.0,20.0,4
EMP-000170,Marketing,New York,2019-09-28,Active,96018.0,40.0,3
EMP-000171,Sales,London,2019-11-03,Terminated,73602.0,40.0,5
EMP-000172,Finance,Chicago,2022-01-10,Active,100456.0,40.0,2
EMP-000173,Support,Remote,2017-10-31,Terminated,23843.0,40.0,3
EMP-000174,Hr,London,2019-05-04,Active,71518.0,30.0,5
EMP-000175,Sales,San Francisco,2023-09-19,Terminated,22842.0,30.0,4
EMP-000176,Marketing,London,2021-01-18,Active,79034.0,40.0,3
EMP-000177,Support,Remote,2016-05-20,Active,69096.0,40.0,4
EMP-000178,Support,London,2016-03-13,Active,109018.0,30.0,2
EMP-000179,Sales,London,2016-11-02,Active,92796.0,35.0,3
EMP-000180,Support,London,2021-11-25,On Leave,61848.0,30.0,3
EMP-000181,Finance,Remote,2017-08-28,Terminated,64845.0,40.0,1
EMP-000182,It,London,2015-03-12,Active,84517.0,40.0,3
EMP-000183,Marketing,New York,2023-07-01,Active,60686.0,0.0,3
EMP-000184,Support,New York,2016-07-11,Terminated,74191.0,40.0,3
EMP-000185,Sales,London,2015-02-01,Terminated,107917.0,40.0,4
EMP-000186,Finance,Chicago,2017-02-18,Active,54272.0,40.0,3
EMP-000187,It,Chicago,2017-02-11,Active,63808.0,40.0,3
EMP-000188,It,London,2018-10-19,Terminated,67314.0,40.0,2
EMP-000189,It,London,2023-04-14,Active,153952.0,20.0,4
EMP-000190,Marketing,San Francisco,2022-11-29,Terminated,90206.0,40.0,3
EMP-000191,It,New York,2019-02-10,Active,103302.0,0.0,3
EMP-000192,Support,San Francisco,2018-09-12,Terminated,94203.0,35.0,4
EMP-000193,Sales,New York,2019-12-30,Active,95885.0,40.0,3
EMP-000194,It,London,2017-03-11,Active,86839.0,40.0,3
EMP-000195,It,Chicago,2015-06-21,Active,84132.0,40.0,4
EMP-000196,It,London,2023-06-15,Active,38731.0,20.0,4
EMP-000197,It,Chicago,2016-09-05,Active,83947.0,40.0,5
EMP-000198,Hr,London,2016-10-14,On Leave,72291.0,40.0,3
EMP-000199,Finance,San Francisco,2019-04-02,Active,88636.0,40.0,1
EMP-000200,Support,San Francisco,2019-06-04,Active,73229.0,40.0,3
EMP-000201,It,Remote,2015-03-02,Active,94079.0,40.0,1
EMP-000202,Sales,London,2016-05-01,Active,98498.0,40.0,5
EMP-000203,It,London,2018-05-27,Active,2196.0,40.0,3
EMP-000204,Sales,London,2021-02-25,Active,64153.0,40.0,5
EMP-000205,Hr,New York,2017-01-20,Active,28565.0,40.0,5
EMP-000206,Finance,San Francisco,2018-10-22,Terminated,80974.0,35.0,4
EMP-000207,Sales,London,2020-01-06,Terminated,74928.5,40.0,2
EMP-000208,Hr,San Francisco,2022-12-30,Active,108896.0,40.0,3
EMP-000209,Marketing,Chicago,2017-12-07,Active,80181.0,40.0,3
EMP-000210,Finance,New York,2016-03-15,Terminated,62862.0,40.0,4
EMP-000211,It,London,2019-05-28,Active,98464.0,30.0,3
EMP-000212,It,Remote,2021-09-20,Active,67045.0,40.0,3
EMP-000213,Finance,Remote,2015-12-28,Active,62550.0,40.0,3
EMP-000214,It,New York,2018-10-27,Active,84841.0,40.0,1
EMP-000215,Support,Chicago,2015-02-28,Active,115324.0,40.0,3
EMP-000216,Finance,London,2015-04-21,Active,96339.0,40.0,3
EMP-000217,Hr,Chicago,2019-05-07,Active,89173.0,40.0,3
EMP-000218,Finance,Chicago,2017-09-07,Active,143774.0,40.0,2
EMP-000219,Sales,London,2022-08-09,Active,56690.0,40.0,3
EMP-000220,It,Chicago,2020-06-02,Active,56132.0,20.0,3
EMP-000221,Support,London,2019-02-01,Active,78639.0,40.0,3
EMP-000222,Support,Remote,2018-09-02,Active,112876.0,40.0,3
EMP-000223,Marketing,Remote,2019-06-23,Active,51458.0,40.0,3
EMP-000224,Hr,Chicago,2015-05-13,Active,118864.0,40.0,3
EMP-000225,It,Chicago,2023-01-13,Active,39022.0,40.0,2
EMP-000226,It,San Francisco,2023-12-26,Terminated,71970.0,40.0,3
EMP-000227,Finance,Remote,2016-08-19,Active,74928.5,40.0,3
EMP-000228,Marketing,New York,2016-01-31,Active,52934.0,35.0,5
EMP-000229,Sales,Remote,2016-04-16,Terminated,59469.0,40.0,3
EMP-000230,Finance,Remote,2020-12-12,Active,94916.0,30.0,4
EMP-000231,Marketing,London,2020-12-14,Active,111039.0,40.0,3
EMP-000232,Hr,London,2022-08-19,Active,22135.0,40.0,4
EMP-000233,Hr,London,2021-10-07,Active,79506.0,0.0,3
EMP-000234,Hr,Remote,2019-01-18,Active,72167.0,0.0,4
EMP-000235,Hr,Remote,2020-07-07,Terminated,77685.0,40.0,2
EMP-000236,Hr,Remote,2021-03-12,Active,67081.0,40.0,5
EMP-000237,Marketing,Chicago,2019-08-13,Active,42738.0,20.0,2
EMP-000238,Marketing,London,2019-04-13,Active,113557.0,40.0,3
EMP-000239,Support,Chicago,2020-10-21,Terminated,103983.0,20.0,3
EMP-000240,Sales,London,2020-01-07,On Leave,72400.0,40.0,5
EMP-000241,It,London,2020-10-17,Active,62792.0,20.0,3
EMP-000242,It,Remote,2020-07-07,Active,59764.0,40.0,4
EMP-000243,Hr,Remote,2021-06-21,Active,10359.0,0.0,3
EMP-000244,Sales,New York,2020-10-13,Active,83846.0,40.0,4
EMP-000245,It,San Francisco,2019-09-05,Active,94508.0,40.0,3
EMP-000246,Marketing,Remote,2021-02-19,Active,78448.0,40.0,3
EMP-000247,Sales,New York,2019-01-17,Terminated,72842.0,40.0,3
EMP-000248,Sales,Remote,2017-03-05,Active,78335.0,40.0,3
EMP-000249,Sales,New York,2015-01-05,Active,74928.5,20.0,1
EMP-000250,Support,London,2020-01-15,Active,62511.0,40.0,3
EMP-000251,Marketing,San Francisco,2020-04-25,Active,70842.0,40.0,3
EMP-000252,Sales,Remote,2023-10-01,Active,92417.0,40.0,4
EMP-000253,Hr,Remote,2018-04-03,Terminated,109471.0,0.0,3
EMP-000254,Finance,Remote,2018-07-19,Active,69271.0,40.0,3
EMP-000255,Sales,London,2016-10-25,Terminated,48880.0,40.0,4
EMP-000256,Support,San Francisco,2015-08-20,Active,75891.0,35.0,5
EMP-000257,It,London,2021-12-15,Active,125287.0,30.0,4
EMP-000258,Marketing,Chicago,2017-03-31,Active,51055.0,40.0,2
EMP-000259,Sales,New York,2020-06-24,Terminated,97146.0,40.0,3
EMP-000260,Support,Remote,2021-03-10,Active,108399.0,40.0,3
EMP-000261,Sales,Remote,2019-03-29,Active,66000.0,40.0,3
EMP-000262,Marketing,Chicago,2022-11-20,Active,57482.0,30.0,3
EMP-000263,Finance,London,2018-12-29,Active,89374.0,35.0,3
EMP-000264,Sales,San Francisco,2017-07-25,Active,83830.0,40.0,3
EMP-000265,Support,New York,2023-01-24,Active,92369.0,40.0,4
EMP-000266,It,Remote,2022-10-02,Active,74928.5,40.0,4
EMP-000267,Hr,Remote,2016-06-23,Active,79176.0,40.0,4
EMP-000268,Sales,Remote,2015-03-27,Active,45194.0,20.0,4
EMP-000269,It,Chicago,2015-10-23,Active,76666.0,40.0,2
EMP-000270,Support,Chicago,2017-07-30,Terminated,81039.0,40.0,5
EMP-000271,Marketing,New York,2023-10-01,Active,106679.0,40.0,4
EMP-000272,Sales,San Francisco,2020-01-10,Terminated,70081.0,20.0,2
EMP-000273,Sales,London,2018-05-11,Terminated,64773.0,40.0,3
EMP-000274,Sales,London,2022-12-31,Active,40720.0,40.0,3
EMP-000275,Sales,San Francisco,2019-01-29,Active,88685.0,40.0,3
EMP-000276,Hr,San Francisco,2017-11-02,Terminated,158705.0,40.0,4
EMP-000277,Sales,San Francisco,2023-06-21,Active,69435.0,0.0,3
EMP-000278,Marketing,London,2022-08-24,Active,86299.0,40.0,5
EMP-000279,Sales,New York,2022-08-05,Terminated,61304.0,40.0,3
EMP-000280,It,London,2019-08-11,Active,42968.0,40.0,3
EMP-000281,Hr,New York,2022-02-07,Terminated,85856.0,40.0,3
EMP-000282,Hr,London,2016-08-12,Active,75705.0,40.0,3
EMP-000283,Marketing,London,2020-02-28,Active,15361.0,30.0,4
EMP-000284,It,San Francisco,2023-11-08,Active,115251.0,40.0,3
EMP-000285,It,New York,2017-08-14,Terminated,85399.0,35.0,3
EMP-000286,Support,London,2022-02-24,Active,74928.5,20.0,3
EMP-000287,Sales,London,2019-06-01,Active,64451.0,20.0,4
EMP-000288,Finance,London,2015-05-11,Terminated,85132.0,40.0,4
EMP-000289,Sales,Remote,2021-11-13,On Leave,86285.0,40.0,3
EMP-000290,Sales,London,2016-07-08,Terminated,85033.0,40.0,4
EMP-000291,Sales,San Francisco,2020-09-06,Active,101700.0,40.0,1
EMP-000292,Support,Remote,2015-10-09,On Leave,107382.0,40.0,3
EMP-000293,Sales,San Francisco,2023-07-10,Active,125140.0,40.0,3
EMP-000294,It,Remote,2017-08-16,Active,54079.0,40.0,3
EMP-000295,It,London,2017-01-14,Active,60664.0,40.0,3
EMP-000296,Hr,Remote,2016-02-29,Active,84030.0,40.0,4
EMP-000297,Marketing,Remote,2023-07-07,Active,55523.0,40.0,4
EMP-000298,It,New York,2021-05-29,Active,59550.0,40.0,3
EMP-000299,Finance,Remote,2021-09-03,Terminated,86881.0,40.0,3
EMP-000300,Sales,Chicago,2019-06-30,Active,97521.0,30.0,2
EMP-000301,Sales,London,2019-04-10,Active,106898.0,40.0,1
EMP-000302,Sales,New York,2015-12-28,Active,70185.0,40.0,3
EMP-000303,Support,Remote,2020-01-15,Active,86579.0,0.0,4
EMP-000304,Marketing,London,2017-03-22,Terminated,81069.0,40.0,4
EMP-000305,It,San Francisco,2023-10-17,Active,75441.0,40.0,3
EMP-000306,Finance,Remote,2022-03-03,Terminated,54600.0,40.0,3
EMP-000307,Hr,London,2018-09-19,Terminated,74928.5,40.0,3
EMP-000308,It,Remote,2016-05-12,Active,91667.0,40.0,3
EMP-000309,Sales,London,2022-01-25,Active,74928.5,20.0,3
EMP-000310,Marketing,New York,2016-02-06,Active,30577.0,40.0,3
EMP-000311,Sales,San Francisco,2016-09-14,Terminated,74206.0,40.0,4
EMP-000312,It,Chicago,2016-11-26,Active,111381.0,20.0,1
EMP-000313,Hr,San Francisco,2020-01-05,Active,5129.0,40.0,5
EMP-000314,It,Remote,2022-01-31,Active,67792.0,40.0,5
EMP-000315,Support,Remote,2017-10-30,Active,91880.0,40.0,2
EMP-000316,Sales,San Francisco,2015-10-06,Terminated,29413.0,20.0,1
EMP-000317,Support,Chicago,2019-03-07,Terminated,69667.0,40.0,3
EMP-000318,Sales,London,2021-09-25,Active,46514.0,40.0,4
EMP-000319,It,New York,2016-12-29,Terminated,49821.0,30.0,3
EMP-000320,Marketing,London,2016-12-23,Terminated,74928.5,40.0,3
EMP-000321,Sales,Remote,2023-07-11,Active,46921.0,30.0,3
EMP-000322,Finance,Chicago,2023-08-03,Active,44842.0,35.0,3
EMP-000323,Hr,Remote,2023-11-30,On Leave,73519.0,0.0,2
EMP-000324,It,Remote,2022-04-08,Terminated,130678.0,20.0,4
EMP-000325,Marketing,Remote,2016-09-10,Active,93944.0,40.0,4
EMP-000326,Marketing,Remote,2016-11-27,Active,100263.0,40.0,2
EMP-000327,Support,San Francisco,2018-01-23,Terminated,94932.0,20.0,3
EMP-000328,It,Remote,2017-11-11,Active,57562.0,40.0,3
EMP-000329,Sales,Remote,2023-08-11,Terminated,82771.0,40.0,3
EMP-000330,Sales,London,2022-02-06,Terminated,102442.0,40.0,3
EMP-000331,Sales,Chicago,2021-07-07,Terminated,95708.0,40.0,3
EMP-000332,Sales,London,2016-09-03,On Leave,79864.0,35.0,3
EMP-000333,Hr,London,2023-03-09,Active,88001.0,40.0,3
EMP-000334,Support,Remote,2022-06-14,On Leave,74928.5,0.0,2
EMP-000335,Marketing,Remote,2016-06-21,Active,95986.0,40.0,3
EMP-000336,Sales,New York,2022-11-03,On Leave,67121.0,40.0,2
EMP-000337,Finance,London,2017-06-13,Active,73149.0,40.0,3
EMP-000338,Support,Remote,2015-09-23,Active,48646.0,0.0,1
EMP-000339,Hr,Remote,2020-11-28,Active,133676.0,20.0,1
EMP-000340,Hr,San Francisco,2020-11-19,Terminated,115097.0,0.0,4
EMP-000341,Support,London,2015-11-09,Active,77080.0,0.0,3
EMP-000342,Hr,London,2017-11-14,Active,129521.0,20.0,3
EMP-000343,Support,London,2023-12-08,Terminated,74928.5,20.0,3
EMP-000344,It,London,2021-02-07,Terminated,64229.0,40.0,3
EMP-000345,Support,New York,2021-07-27,Active,97661.0,40.0,3
EMP-000346,It,Remote,2016-11-30,Active,84966.0,20.0,3
EMP-000347,Support,Remote,2015-09-16,Active,95946.0,40.0,3
EMP-000348,Hr,London,2017-06-29,Terminated,74928.5,20.0,3
EMP-000349,Sales,Remote,2017-03-29,Terminated,54742.0,35.0,3
EMP-000350,It,London,2017-02-09,Terminated,112212.0,40.0,4
EMP-000351,Hr,Remote,2016-09-25,Active,117328.0,20.0,1
EMP-000352,Sales,New York,2020-03-04,Active,110378.0,35.0,3
EMP-000353,Sales,Chicago,2017-12-14,Terminated,130466.0,40.0,4
EMP-000354,Sales,Remote,2022-05-20,Active,89434.0,40.0,1
EMP-000355,Sales,Remote,2016-08-27,Active,87677.0,40.0,1
EMP-000356,It,Remote,2019-03-08,Active,52170.0,40.0,3
EMP-000357,It,San Francisco,2015-02-14,Terminated,60487.0,30.0,3
EMP-000358,Sales,London,2019-05-03,On Leave,25293.0,20.0,3
EMP-000359,Sales,New York,2015-07-03,Active,66963.0,40.0,4
EMP-000360,Support,San Francisco,2023-10-19,Terminated,23537.0,40.0,1
EMP-000361,Hr,San Francisco,2022-02-11,Active,102024.0,40.0,3
EMP-000362,Sales,Remote,2019-05-30,Active,84710.0,35.0,5
EMP-000363,Sales,New York,2015-10-12,Active,24346.0,20.0,3
EMP-000364,It,Remote,2020-05-01,Active,70253.0,40.0,3
EMP-000365,It,London,2021-10-30,Active,124191.0,40.0,3
EMP-000366,It,Remote,2016-09-18,Terminated,71858.0,20.0,3
EMP-000367,Marketing,San Francisco,2020-02-11,Active,74928.5,40.0,3
EMP-000368,It,London,2022-04-30,Active,30362.0,40.0,3
EMP-000369,Support,Chicago,2021-11-30,Active,31109.0,40.0,3
EMP-000370,It,San Francisco,2022-03-24,Active,88389.0,20.0,3
EMP-000371,Hr,Remote,2022-11-30,Active,64153.0,40.0,5
EMP-000372,Sales,Remote,2023-06-10,Active,66225.0,40.0,3
EMP-000373,It,Remote,2018-08-25,Terminated,64256.0,0.0,3
EMP-000374,Sales,Remote,2020-02-13,Terminated,71494.0,40.0,2
EMP-000375,Sales,New York,2022-02-11,Terminated,44321.0,40.0,3
EMP-000376,Hr,San Francisco,2021-04-10,Active,82903.0,40.0,3
EMP-000377,Hr,London,2023-12-17,Active,39432.0,40.0,3
EMP-000378,Sales,London,2015-02-14,Active,56104.0,40.0,3
EMP-000379,It,London,2018-03-13,Active,100271.0,40.0,3
EMP-000380,Sales,Remote,2017-07-12,Active,84405.0,40.0,4
EMP-000381,Sales,Remote,2017-05-12,Active,92142.0,35.0,5
EMP-000382,Marketing,Remote,2017-01-01,On Leave,128760.0,40.0,4
EMP-000383,Hr,Remote,2021-05-19,Active,73509.0,20.0,4
EMP-000384,Finance,New York,2015-10-06,Active,75537.0,40.0,3
EMP-000385,Finance,Remote,2021-09-03,Active,68392.0,35.0,3
EMP-000386,Sales,London,2021-03-29,Terminated,63915.0,0.0,3
EMP-000387,Support,London,2017-04-04,Terminated,49735.0,40.0,4
EMP-000388,It,San Francisco,2017-04-11,Active,77102.0,40.0,1
EMP-000389,Sales,Chicago,2020-08-29,Terminated,83876.0,35.0,3
EMP-000390,Sales,New York,2021-11-10,Terminated,85269.0,40.0,3
EMP-000391,Support,Remote,2022-11-21,Active,76609.0,40.0,3
EMP-000392,Support,San Francisco,2022-09-01,Active,98154.0,40.0,3
EMP-000393,Sales,Chicago,2023-09-07,Active,75736.0,20.0,4
EMP-000394,Sales,Remote,2020-03-26,Active,64767.0,40.0,5
EMP-000395,Support,Remote,2023-03-06,Terminated,51825.0,40.0,3
EMP-000396,Hr,London,2022-04-11,Active,36276.0,40.0,3
EMP-000397,Sales,Chicago,2023-01-19,Active,111510.0,20.0,4
EMP-000398,Marketing,Remote,2015-02-08,On Leave,57524.0,40.0,3
EMP-000399,Sales,Remote,2023-09-10,Active,51858.0,40.0,3
EMP-000400,Sales,London,2019-04-06,Active,64562.0,0.0,4
EMP-000401,Sales,Remote,2022-03-08,Active,68040.0,40.0,3
EMP-000402,Hr,London,2016-02-23,Active,115963.0,30.0,2
EMP-000403,Support,San Francisco,2018-07-25,Active,66796.0,40.0,3
EMP-000404,Sales,Remote,2017-06-11,Terminated,140835.0,40.0,2
EMP-000405,Sales,London,2017-08-16,Active,76592.0,20.0,4
EMP-000406,Hr,New York,2016-02-10,Terminated,126426.0,0.0,3
EMP-000407,Marketing,New York,2022-04-02,Active,97348.0,40.0,3
EMP-000408,Sales,San Francisco,2015-01-31,Active,84026.0,20.0,3
EMP-000409,Hr,Chicago,2017-10-24,Terminated,114446.0,20.0,4
EMP-000410,Marketing,London,2016-07-27,Active,103056.0,40.0,2
EMP-000411,Support,London,2020-04-20,Terminated,90867.0,20.0,4
EMP-000412,Sales,Remote,2017-04-15,Terminated,132940.0,40.0,4
EMP-000413,Marketing,London,2017-05-01,Active,62540.0,20.0,3
EMP-000414,Sales,New York,2019-05-25,Active,50127.0,40.0,2
EMP-000415,Support,New York,2020-11-15,Terminated,58094.0,40.0,4
EMP-000416,Sales,San Francisco,2016-02-03,Terminated,118807.0,35.0,3
EMP-000417,Finance,Chicago,2016-07-30,Active,111269.0,20.0,4
EMP-000418,It,Chicago,2017-03-23,Active,61868.0,40.0,3
EMP-000419,Sales,San Francisco,2023-10-06,Active,16134.0,40.0,3
EMP-000420,Marketing,London,2018-07-29,Active,69854.0,40.0,3
EMP-000421,It,New York,2020-05-22,On Leave,49668.0,40.0,3
EMP-000422,It,London,2017-03-04,Active,62652.0,40.0,3
EMP-000423,Marketing,London,2019-06-01,Active,48640.0,40.0,3
EMP-000424,Support,London,2015-09-01,Active,34762.0,40.0,2
EMP-000425,Sales,New York,2015-04-25,Active,122080.0,40.0,5
EMP-000426,Finance,Chicago,2019-03-21,Active,57908.0,40.0,3
EMP-000427,Sales,Remote,2018-08-03,Active,110317.0,30.0,2
EMP-000428,Hr,London,2016-03-25,Active,69466.0,40.0,2
EMP-000429,Sales,New York,2021-03-10,Active,46730.0,20.0,3
EMP-000430,Hr,London,2023-12-08,Active,87727.0,40.0,1
EMP-000431,Sales,London,2018-07-24,Active,65224.0,40.0,3
EMP-000432,Marketing,Remote,2020-08-14,Terminated,69822.0,40.0,5
EMP-000433,Finance,New York,2023-09-01,On Leave,78623.0,40.0,4
EMP-000434,Sales,San Francisco,2022-06-26,Active,54695.0,40.0,3
EMP-000435,Hr,Remote,2019-03-04,Active,34472.0,40.0,2
EMP-000436,Sales,London,2021-08-21,On Leave,73718.0,40.0,3
EMP-000437,Sales,San Francisco,2016-02-26,Active,99098.0,40.0,3
EMP-000438,Sales,San Francisco,2019-08-11,Active,52460.0,40.0,3
EMP-000439,It,San Francisco,2017-07-06,Active,78849.0,40.0,3
EMP-000440,Support,New York,2016-06-13,Active,112638.0,20.0,3
EMP-000441,Sales,Chicago,2018-11-02,Active,72756.0,40.0,3
EMP-000442,Sales,London,2016-03-06,Active,77152.0,40.0,4
EMP-000443,Sales,Remote,2021-04-16,Active,76380.0,40.0,3
EMP-000444,Sales,London,2019-02-08,Active,57941.0,40.0,1
EMP-000445,Hr,Chicago,2019-10-12,Active,50166.0,40.0,4
EMP-000446,Support,London,2016-04-26,Active,50268.0,20.0,3
EMP-000447,Support,New York,2016-04-04,Active,84205.0,40.0,3
EMP-000448,Marketing,San Francisco,2020-04-01,Active,93947.0,20.0,1
EMP-000449,It,London,2023-11-12,Active,95127.0,30.0,3
EMP-000450,Marketing,London,2015-11-13,Active,65536.0,40.0,3
EMP-000451,Marketing,Remote,2017-07-28,Active,102333.0,40.0,5
EMP-000452,Marketing,London,2022-10-28,Active,82684.0,0.0,2
EMP-000453,Marketing,Chicago,2015-08-26,Active,76769.0,40.0,4
EMP-000454,Marketing,Remote,2022-11-19,Active,74928.5,40.0,5
EMP-000455,Finance,Chicago,2019-09-20,Active,54565.0,40.0,3
EMP-000456,Support,London,2018-09-03,Active,36973.0,40.0,3
EMP-000457,Marketing,London,2017-10-14,Active,90677.0,40.0,5
EMP-000458,Sales,London,2017-09-03,Active,77376.0,40.0,3
EMP-000459,Support,London,2017-10-02,Terminated,48200.0,40.0,4
EMP-000460,Support,New York,2022-12-18,Active,82609.0,40.0,4
EMP-000461,It,Remote,2021-07-07,Active,39413.0,40.0,3
EMP-000462,Finance,London,2021-01-10,Terminated,48906.0,40.0,3
EMP-000463,Marketing,London,2022-03-10,Terminated,57244.0,40.0,4
EMP-000464,Sales,San Francisco,2017-04-25,Active,88503.0,40.0,3
EMP-000465,Hr,Remote,2020-07-24,Active,109986.0,20.0,3
EMP-000466,It,Chicago,2019-02-21,Terminated,60350.0,30.0,3
EMP-000467,Sales,London,2022-01-15,Active,108061.0,30.0,1
EMP-000468,Sales,Chicago,2017-10-13,Active,76185.0,40.0,1
EMP-000469,Finance,London,2020-10-15,Active,80903.0,0.0,3
EMP-000470,Hr,Chicago,2022-12-09,Active,73405.0,0.0,3
EMP-000471,Finance,Chicago,2018-08-14,Active,70067.0,35.0,3
EMP-000472,Sales,New York,2015-08-07,Active,85983.0,40.0,3
EMP-000473,Support,Chicago,2019-08-24,Terminated,93508.0,40.0,3
EMP-000474,Hr,San Francisco,2018-02-11,Terminated,52885.0,40.0,3
EMP-000475,Support,San Francisco,2021-01-18,Terminated,70267.0,40.0,3
EMP-000476,Sales,Remote,2023-07-24,Active,116732.0,40.0,3
EMP-000477,Sales,London,2019-05-16,Active,79430.0,40.0,3
EMP-000478,Sales,Remote,2019-03-13,Terminated,82167.0,30.0,3
EMP-000479,Sales,Chicago,2020-11-21,Active,104182.0,40.0,3
EMP-000480,Hr,Chicago,2015-12-07,Active,62469.0,40.0,3
EMP-000481,Hr,London,2017-04-13,Active,74151.0,40.0,4
EMP-000482,Marketing,New York,2023-04-09,Active,95421.0,40.0,3
EMP-000483,Finance,Remote,2021-01-11,Active,105973.0,40.0,3
EMP-000484,Marketing,Remote,2015-02-14,Active,15871.0,40.0,3
EMP-000485,Finance,Remote,2016-11-03,Terminated,56583.0,40.0,4
EMP-000486,Marketing,Chicago,2021-02-22,Active,50041.0,20.0,1
EMP-000487,Support,London,2021-11-17,Terminated,71904.0,40.0,5
EMP-000488,Hr,London,2022-07-23,Terminated,51933.0,40.0,4
EMP-000489,Sales,New York,2017-08-18,Active,91603.0,35.0,3
EMP-000490,Finance,London,2023-05-19,Terminated,79310.0,40.0,5
EMP-000491,Sales,Remote,2019-12-23,Terminated,97230.0,40.0,2
EMP-000492,Finance,Remote,2021-04-08,Active,98825.0,40.0,4
EMP-000493,Sales,Remote,2020-05-15,Active,91977.0,20.0,3
EMP-000494,Marketing,Chicago,2016-02-08,Active,74928.5,0.0,4
EMP-000495,Finance,Remote,2023-09-01,Active,77607.0,40.0,3
EMP-000496,It,London,2016-02-08,Active,74928.5,40.0,2
EMP-000497,Support,London,2017-04-17,Active,40882.0,40.0,3
EMP-000498,Hr,Remote,2022-04-28,Active,98845.0,40.0,3
EMP-000499,Sales,San Francisco,2020-07-26,Active,72898.0,40.0,5
EMP-000500,Hr,London,2022-07-17,Active,37435.0,40.0,2
EMP-000501,It,Remote,2019-08-23,Active,88424.0,40.0,2
EMP-000502,Finance,New York,2018-05-24,On Leave,69401.0,40.0,3
EMP-000503,Finance,New York,2023-04-19,Active,23505.0,40.0,3
EMP-000504,Sales,Chicago,2015-04-30,Terminated,40657.0,40.0,3
EMP-000505,It,Chicago,2022-09-15,Active,57485.0,40.0,2
EMP-000506,Sales,San Francisco,2017-01-28,Active,80263.0,30.0,2
EMP-000507,Sales,Remote,2022-08-21,Active,94700.0,20.0,3
EMP-000508,Support,London,2016-04-02,Active,93844.0,40.0,3
EMP-000509,Sales,New York,2020-03-22,Terminated,90072.0,40.0,4
EMP-000510,It,New York,2022-12-29,Active,74141.0,20.0,3
EMP-000511,Sales,New York,2019-04-06,Active,118056.0,20.0,4
EMP-000512,It,London,2021-09-19,Active,92497.0,40.0,3
EMP-000513,It,New York,2022-03-29,Active,80553.0,40.0,5
EMP-000514,Marketing,Remote,2021-08-17,Terminated,89165.0,20.0,4
EMP-000515,It,Remote,2023-04-30,Active,65024.0,40.0,4
EMP-000516,Support,London,2019-01-08,Terminated,73569.0,35.0,3
EMP-000517,Sales,London,2016-07-23,Active,22951.0,20.0,5
EMP-000518,Marketing,San Francisco,2015-06-07,Active,65331.0,40.0,3
EMP-000519,Sales,Remote,2017-03-21,Active,118997.0,40.0,4
EMP-000520,It,New York,2016-04-15,Active,78709.0,40.0,2
EMP-000521,Sales,New York,2020-01-08,Terminated,77668.0,40.0,3
EMP-000522,It,Chicago,2016-08-30,Active,99965.0,40.0,4
EMP-000523,Marketing,Chicago,2015-05-08,Active,83946.0,35.0,2
EMP-000524,It,San Francisco,2015-04-29,Terminated,55338.0,40.0,3
EMP-000525,It,New York,2022-06-26,Active,75591.0,40.0,3
EMP-000526,It,San Francisco,2020-04-28,Active,46620.0,40.0,3
EMP-000527,Support,Remote,2018-03-23,Active,79590.0,40.0,4
EMP-000528,It,London,2023-01-18,Active,54056.0,40.0,3
EMP-000529,It,New York,2015-08-19,Active,98207.0,40.0,3
EMP-000530,It,Remote,2023-10-28,Active,62244.0,40.0,5
EMP-000531,Sales,London,2020-07-18,On Leave,54382.0,35.0,5
EMP-000532,Sales,Remote,2016-08-26,Active,72179.0,40.0,2
EMP-000533,Sales,New York,2021-02-10,Terminated,84135.0,40.0,4
EMP-000534,Sales,London,2021-11-14,Active,44817.0,40.0,3
EMP-000535,Support,Remote,2018-11-12,Active,61968.0,20.0,4
EMP-000536,Marketing,Chicago,2022-10-03,Terminated,77629.0,40.0,3
EMP-000537,Sales,San Francisco,2016-05-10,Active,108459.0,40.0,4
EMP-000538,It,Chicago,2017-07-05,Active,11782.0,40.0,2
EMP-000539,Finance,London,2015-11-04,Active,90379.0,40.0,3
EMP-000540,It,Chicago,2016-11-24,Terminated,65411.0,40.0,4
EMP-000541,It,New York,2017-02-23,Terminated,62635.0,40.0,4
EMP-000542,It,Remote,2023-04-05,Terminated,74928.5,20.0,2
EMP-000543,Support,Chicago,2015-09-14,Active,65903.0,35.0,3
EMP-000544,It,New York,2018-11-05,Active,90520.0,30.0,4
EMP-000545,Sales,London,2019-10-16,Active,61580.0,40.0,4
EMP-000546,Sales,London,2023-02-02,Active,116465.0,40.0,3
EMP-000547,Finance,Remote,2023-12-24,Active,90597.0,40.0,3
EMP-000548,Hr,Chicago,2021-10-12,Active,79949.0,40.0,3
EMP-000549,It,San Francisco,2023-09-26,Active,74928.5,40.0,4
EMP-000550,It,San Francisco,2022-01-31,Active,104746.0,40.0,5
EMP-000551,Sales,Remote,2023-09-02,Terminated,108400.0,40.0,4
EMP-000552,Hr,San Francisco,2021-05-13,Active,45965.0,40.0,4
EMP-000553,Finance,Chicago,2015-09-20,Active,57453.0,40.0,3
EMP-000554,Hr,Chicago,2018-08-14,Active,90866.0,40.0,4
EMP-000555,Sales,Remote,2020-10-26,Active,98417.0,20.0,3
EMP-000556,Sales,Chicago,2018-02-26,Active,67491.0,35.0,3
EMP-000557,Sales,London,2017-06-17,Active,56439.0,40.0,3
EMP-000558,Marketing,New York,2020-03-12,Active,76965.0,30.0,3
EMP-000559,Sales,London,2023-05-27,Terminated,111917.0,0.0,3
EMP-000560,Marketing,London,2015-04-25,Active,74928.5,40.0,4
EMP-000561,Hr,London,2021-12-03,Active,43401.0,35.0,3
EMP-000562,Support,San Francisco,2021-07-03,Active,77740.0,40.0,3
EMP-000563,It,New York,2023-09-04,Active,94569.0,0.0,5
EMP-000564,It,Remote,2023-05-18,Terminated,72466.0,40.0,3
EMP-000565,Hr,San Francisco,2021-11-10,Active,106454.0,35.0,3
EMP-000566,It,New York,2019-09-07,Active,74928.5,40.0,3
EMP-000567,It,Chicago,2016-11-02,On Leave,73456.0,40.0,4
EMP-000568,Sales,Remote,2019-11-28,Active,76079.0,40.0,3
EMP-000569,It,Remote,2021-11-20,Active,28956.0,40.0,3
EMP-000570,It,San Francisco,2023-01-23,On Leave,105256.0,35.0,2
EMP-000571,Marketing,Chicago,2022-02-08,Terminated,66762.0,20.0,3
EMP-000572,Support,San Francisco,2016-10-03,Active,65001.0,40.0,1
EMP-000573,Sales,Remote,2020-05-25,Active,61254.0,40.0,3
EMP-000574,It,New York,2017-12-27,Active,86417.0,35.0,3
EMP-000575,It,Remote,2015-01-31,Active,46783.0,40.0,2
EMP-000576,Marketing,New York,2016-10-20,Terminated,50396.0,0.0,3
EMP-000577,Finance,London,2016-01-08,Terminated,73687.0,40.0,2
EMP-000578,Marketing,London,2022-08-02,Terminated,59337.0,20.0,4
EMP-000579,It,Remote,2017-04-29,Active,83381.0,0.0,3
EMP-000580,It,San Francisco,2017-07-24,Active,60253.0,40.0,4
EMP-000581,Marketing,London,2023-08-22,Active,114876.0,20.0,4
EMP-000582,Sales,London,2018-05-31,Active,92336.0,40.0,4
EMP-000583,Hr,Remote,2015-02-01,Terminated,92022.0,30.0,4
EMP-000584,It,Remote,2017-07-22,Active,59876.0,40.0,3
EMP-000585,Marketing,New York,2016-01-28,Active,135142.0,30.0,3
EMP-000586,It,Remote,2015-12-04,Terminated,64025.0,40.0,3
EMP-000587,Marketing,Chicago,2015-09-12,Active,57155.0,40.0,3
EMP-000588,Support,New York,2020-05-04,Active,92669.0,40.0,3
EMP-000589,Hr,Chicago,2016-09-14,Active,79881.0,40.0,3
EMP-000590,Finance,London,2018-04-02,Active,54540.0,40.0,3
EMP-000591,Sales,Chicago,2022-10-04,On Leave,129896.0,20.0,4
EMP-000592,Sales,Remote,2018-10-26,Terminated,99390.0,40.0,4
EMP-000593,Finance,New York,2023-03-29,Active,75100.0,20.0,3
EMP-000594,Hr,Remote,2019-06-25,Active,135028.0,40.0,3
EMP-000595,Hr,Remote,2018-08-03,Terminated,95270.0,20.0,4
EMP-000596,Hr,London,2021-10-02,Active,74702.0,20.0,2
EMP-000597,Finance,Remote,2015-08-29,Active,132036.0,40.0,1
EMP-000598,It,London,2015-10-22,Terminated,91475.0,40.0,4
EMP-000599,Hr,New York,2020-11-13,Active,90381.0,40.0,3
EMP-000600,Marketing,Remote,2019-05-20,Active,65341.0,40.0,4
EMP-000601,Finance,Remote,2022-02-11,Terminated,76235.0,40.0,3
EMP-000602,Sales,London,2023-03-31,Active,64733.0,40.0,2
EMP-000603,Hr,Remote,2018-06-30,Active,110993.0,0.0,3
EMP-000604,Marketing,San Francisco,2020-05-14,Active,34765.0,40.0,3
EMP-000605,It,San Francisco,2019-07-04,Active,109147.0,40.0,4
EMP-000606,Support,San Francisco,2023-11-01,Active,53066.0,40.0,2
EMP-000607,It,Chicago,2022-06-24,Active,73552.0,0.0,5
EMP-000608,Sales,Remote,2023-03-16,Active,67620.0,40.0,2
EMP-000609,Hr,New York,2017-04-16,Active,61996.0,40.0,3
EMP-000610,Sales,New York,2021-12-14,Terminated,92245.0,40.0,4
EMP-000611,Finance,Chicago,2017-05-22,Active,74870.0,20.0,4
EMP-000612,It,New York,2016-11-17,Terminated,58308.0,20.0,3
EMP-000613,Hr,London,2023-07-01,Active,78850.0,40.0,3
EMP-000614,It,San Francisco,2015-03-05,Terminated,57598.0,40.0,4
EMP-000615,Marketing,Remote,2023-09-09,Active,61556.0,35.0,3
EMP-000616,Support,New York,2016-05-05,Active,37568.0,30.0,4
EMP-000617,Sales,New York,2022-05-17,Active,63742.0,30.0,3
EMP-000618,Sales,London,2017-06-25,Terminated,87355.0,40.0,3
EMP-000619,It,London,2018-02-26,Active,74928.5,40.0,4
EMP-000620,Support,London,2016-12-13,Active,120377.0,40.0,4
EMP-000621,Hr,Remote,2020-04-08,Active,140320.0,35.0,4
EMP-000622,It,San Francisco,2018-02-18,Active,63395.0,40.0,4
EMP-000623,It,Remote,2020-11-30,Active,74928.5,40.0,2
EMP-000624,It,San Francisco,2015-02-21,Active,103245.0,40.0,3
EMP-000625,Finance,San Francisco,2015-07-31,Active,83380.0,0.0,3
EMP-000626,It,Remote,2015-11-24,Active,103397.0,40.0,3
EMP-000627,Finance,London,2018-10-09,Active,84971.0,40.0,3
EMP-000628,Marketing,London,2022-05-02,Active,70141.0,40.0,4
EMP-000629,It,Remote,2022-12-29,Terminated,70283.0,35.0,2
EMP-000630,It,London,2017-03-15,Terminated,85819.0,40.0,3
EMP-000631,Sales,New York,2020-03-02,Active,69722.0,40.0,1
EMP-000632,Hr,Chicago,2021-11-30,Active,105488.0,40.0,3
EMP-000633,Finance,Chicago,2017-08-07,Active,74928.5,20.0,3
EMP-000634,Sales,Remote,2018-09-06,Active,105354.0,40.0,3
EMP-000635,It,New York,2019-09-19,Active,28165.0,40.0,3
EMP-000636,It,Remote,2016-03-19,Active,78628.0,40.0,3
EMP-000637,Sales,London,2015-03-27,Terminated,66724.0,0.0,3
EMP-000638,It,Remote,2016-05-17,Terminated,37091.0,40.0,3
EMP-000639,It,New York,2020-08-22,Active,23500.0,35.0,4
EMP-000640,Sales,New York,2015-08-30,Active,47562.0,40.0,3
EMP-000641,Marketing,Chicago,2016-09-15,Active,76142.0,40.0,5
EMP-000642,Marketing,London,2018-01-15,Active,59945.0,40.0,2
EMP-000643,Sales,London,2015-09-13,Active,48976.0,40.0,5
EMP-000644,Sales,Remote,2016-09-22,Terminated,108807.0,40.0,4
EMP-000645,Sales,Remote,2023-03-15,Terminated,44195.0,40.0,3
EMP-000646,Finance,Chicago,2015-03-05,Active,91978.0,40.0,3
EMP-000647,Finance,Remote,2020-11-17,Terminated,52775.0,40.0,3
EMP-000648,Sales,Remote,2018-06-17,Active,46930.0,40.0,4
EMP-000649,Sales,Remote,2021-01-19,Active,59904.0,40.0,3
EMP-000650,Finance,London,2020-04-19,Active,90498.0,20.0,1
EMP-000651,It,New York,2017-01-04,Terminated,40713.0,20.0,3
EMP-000652,Sales,San Francisco,2022-08-16,Active,82186.0,40.0,3
EMP-000653,It,Remote,2019-06-06,On Leave,50981.0,40.0,3
EMP-000654,Finance,San Francisco,2022-05-27,Terminated,55481.0,35.0,4
EMP-000655,Marketing,London,2018-08-27,Active,85016.0,40.0,2
EMP-000656,Finance,San Francisco,2023-11-11,Terminated,129337.0,40.0,4
EMP-000657,It,Remote,2021-12-07,Active,52225.0,30.0,2
EMP-000658,Support,Remote,2023-09-11,Active,92997.0,40.0,3
EMP-000659,Hr,San Francisco,2019-08-18,Active,67182.0,40.0,3
EMP-000660,It,London,2019-04-07,On Leave,63131.0,40.0,5
EMP-000661,Sales,London,2021-10-19,Active,101784.0,40.0,4
EMP-000662,Support,London,2022-12-03,Terminated,53912.0,35.0,4
EMP-000663,Finance,London,2023-09-05,Terminated,46147.0,40.0,2
EMP-000664,Marketing,Remote,2017-12-02,Active,86504.0,40.0,4
EMP-000665,Sales,San Francisco,2022-03-10,Active,114870.0,40.0,3
EMP-000666,Finance,San Francisco,2016-11-23,Terminated,93750.0,40.0,3
EMP-000667,Marketing,London,2019-11-29,Active,39825.0,40.0,3
EMP-000668,Hr,New York,2016-08-14,On Leave,59617.0,40.0,2
EMP-000669,Finance,Chicago,2018-02-15,Terminated,74928.5,40.0,3
EMP-000670,It,London,2023-05-20,Active,114528.0,40.0,3
EMP-000671,Sales,New York,2016-04-25,Terminated,80718.0,40.0,3
EMP-000672,Marketing,London,2020-09-09,Active,60521.0,40.0,4
EMP-000673,Marketing,New York,2020-05-03,Active,116150.0,40.0,4
EMP-000674,Marketing,London,2016-02-01,Active,74928.5,0.0,3
EMP-000675,Hr,London,2017-12-07,Terminated,59855.0,20.0,3
EMP-000676,Finance,Chicago,2020-01-25,Active,55627.0,30.0,5
EMP-000677,Hr,New York,2016-09-07,Terminated,45125.0,30.0,4
EMP-000678,Sales,London,2022-03-16,Active,145840.0,40.0,3
EMP-000679,It,San Francisco,2023-10-01,Active,110524.0,40.0,3
EMP-000680,It,London,2016-12-06,Active,58593.0,40.0,5
EMP-000681,Sales,Remote,2016-09-06,On Leave,118296.0,40.0,3
EMP-000682,Finance,London,2019-02-04,Active,88333.0,40.0,3
EMP-000683,It,Remote,2021-09-23,Terminated,86853.0,40.0,2
EMP-000684,Hr,Remote,2017-07-14,Terminated,57052.0,40.0,3
EMP-000685,Sales,London,2015-03-07,Active,62147.0,40.0,4
EMP-000686,Marketing,Remote,2019-11-14,Active,73939.0,40.0,3
EMP-000687,Marketing,Remote,2023-08-11,On Leave,25861.0,40.0,2
EMP-000688,Finance,London,2018-07-10,Active,62829.0,30.0,3
EMP-000689,It,Remote,2018-10-12,Terminated,75112.0,40.0,3
EMP-000690,It,London,2023-09-20,Terminated,107738.0,40.0,3
EMP-000691,It,Chicago,2021-04-02,Active,59586.0,40.0,4
EMP-000692,Marketing,San Francisco,2021-06-21,Active,95303.0,40.0,3
EMP-000693,Finance,San Francisco,2020-01-24,Active,23488.0,40.0,3
EMP-000694,Hr,London,2023-10-09,Active,104176.0,20.0,3
EMP-000695,It,Remote,2021-03-14,Active,52491.0,40.0,4
EMP-000696,Hr,London,2023-01-20,Active,78257.0,40.0,3
EMP-000697,It,New York,2021-04-17,Active,85159.0,40.0,5
EMP-000698,It,London,2021-08-13,Active,80254.0,40.0,4
EMP-000699,It,London,2017-08-12,Terminated,72331.0,20.0,3
EMP-000700,Support,London,2017-09-24,Terminated,43962.0,40.0,2
EMP-000701,It,London,2022-01-17,Terminated,52761.0,40.0,3
EMP-000702,Sales,London,2017-09-02,Active,99911.0,40.0,4
EMP-000703,Sales,London,2020-01-24,Active,60066.0,20.0,3
EMP-000704,Sales,San Francisco,2017-03-30,Active,72418.0,40.0,2
EMP-000705,Finance,New York,2022-05-09,Active,37698.0,40.0,4
EMP-000706,Finance,London,2015-12-30,Active,96464.0,40.0,4
EMP-000707,Hr,San Francisco,2022-06-19,Terminated,42013.0,40.0,3
EMP-000708,Sales,London,2020-06-04,Active,97899.0,20.0,3
EMP-000709,Sales,Remote,2016-09-06,Active,48432.0,40.0,2
EMP-000710,Sales,London,2019-11-17,Active,100363.0,20.0,3
EMP-000711,It,London,2017-07-17,Active,75255.0,40.0,3
EMP-000712,It,Remote,2017-11-29,Active,61031.0,40.0,4
EMP-000713,Sales,Remote,2018-03-01,Terminated,74928.5,40.0,3
EMP-000714,Hr,London,2015-07-28,Active,73279.0,40.0,2
EMP-000715,Sales,Chicago,2023-11-15,Terminated,65955.0,30.0,3
EMP-000716,Sales,Remote,2015-04-14,Active,97728.0,40.0,4
EMP-000717,Support,New York,2020-12-17,Terminated,37989.0,40.0,3
EMP-000718,Hr,London,2018-05-05,Active,11821.0,40.0,3
EMP-000719,Sales,New York,2020-10-24,Terminated,103949.0,40.0,3
EMP-000720,Hr,Remote,2018-03-16,Active,54092.0,20.0,4
EMP-000721,It,London,2021-01-23,Active,96616.0,40.0,2
EMP-000722,Support,Chicago,2021-07-24,Active,74928.5,40.0,4
EMP-000723,Hr,San Francisco,2021-03-19,On Leave,45900.0,40.0,5
EMP-000724,Sales,Chicago,2016-01-10,Terminated,90182.0,40.0,2
EMP-000725,Sales,London,2020-11-29,Active,64746.0,35.0,3
EMP-000726,Finance,Chicago,2017-07-09,Active,48066.0,40.0,3
EMP-000727,Support,San Francisco,2015-04-05,Active,48718.0,40.0,3
EMP-000728,Support,London,2018-09-25,Active,31679.0,40.0,3
EMP-000729,Finance,San Francisco,2018-11-26,Active,85076.0,0.0,3
EMP-000730,Hr,Remote,2019-03-16,Terminated,51615.0,40.0,3
EMP-000731,Support,San Francisco,2021-05-05,Active,74132.0,40.0,1
EMP-000732,Sales,London,2017-10-12,Terminated,70457.0,30.0,1
EMP-000733,Sales,New York,2017-11-02,Terminated,51461.0,40.0,3
EMP-000734,Sales,Remote,2015-07-19,Active,36928.0,35.0,3
EMP-000735,It,Remote,2021-03-07,Active,138343.0,40.0,1
EMP-000736,Support,New York,2020-02-10,Active,73787.0,40.0,4
EMP-000737,Hr,Remote,2018-02-22,Active,120585.0,40.0,1
EMP-000738,Finance,San Francisco,2021-05-06,Active,104123.0,35.0,3
EMP-000739,Finance,Chicago,2019-11-02,Terminated,66971.0,40.0,3
EMP-000740,Hr,Remote,2019-03-23,On Leave,79524.0,40.0,4
EMP-000741,It,San Francisco,2019-08-08,Active,78798.0,40.0,3
EMP-000742,Marketing,London,2020-09-22,Active,121105.0,35.0,4
EMP-000743,It,London,2020-12-09,Terminated,74928.5,40.0,5
EMP-000744,Finance,Chicago,2017-08-07,Terminated,54818.0,40.0,3
EMP-000745,Support,Chicago,2016-04-07,Active,83790.0,20.0,2
EMP-000746,It,Remote,2016-05-29,Terminated,95108.0,40.0,4
EMP-000747,Support,London,2020-10-02,Terminated,45617.0,0.0,3
EMP-000748,It,London,2022-11-09,Active,74928.5,40.0,3
EMP-000749,Sales,Remote,2018-09-08,Active,108637.0,40.0,3
EMP-000750,It,Remote,2016-07-11,On Leave,53563.0,40.0,2
EMP-000751,Sales,New York,2021-10-22,Terminated,74928.5,40.0,4
EMP-000752,Finance,New York,2022-06-29,Active,104012.0,35.0,3
EMP-000753,It,Remote,2022-12-04,Terminated,66144.0,40.0,3
EMP-000754,It,Remote,2020-06-17,Terminated,50450.0,40.0,4
EMP-000755,It,Remote,2022-09-30,On Leave,97057.0,20.0,5
EMP-000756,Marketing,Remote,2015-02-20,Active,89421.0,30.0,4
EMP-000757,It,Chicago,2015-12-19,Terminated,77360.0,40.0,5
EMP-000758,Support,Chicago,2015-11-01,Active,103115.0,40.0,3
EMP-000759,Sales,New York,2021-05-31,Active,104891.0,40.0,4
EMP-000760,It,London,2015-08-17,Terminated,72929.0,40.0,4
EMP-000761,Hr,Remote,2019-06-20,Active,124358.0,40.0,3
EMP-000762,It,London,2019-04-03,Active,114585.0,40.0,3
EMP-000763,Finance,London,2017-10-18,On Leave,25393.0,40.0,3
EMP-000764,It,San Francisco,2022-11-01,Active,49247.0,0.0,3
EMP-000765,Finance,Chicago,2016-07-14,Active,18618.0,40.0,3
EMP-000766,Support,Remote,2018-03-04,Active,66882.0,40.0,5
EMP-000767,Finance,Remote,2021-12-19,Active,44720.0,40.0,3
EMP-000768,Sales,San Francisco,2015-04-10,Active,54642.0,40.0,1
EMP-000769,Hr,London,2021-01-20,Terminated,102264.0,0.0,5
EMP-000770,Sales,Remote,2022-05-07,Terminated,31129.0,35.0,3
EMP-000771,Finance,London,2023-05-23,Terminated,78243.0,40.0,3
EMP-000772,Finance,Remote,2022-11-20,Active,78092.0,40.0,5
EMP-000773,Sales,San Francisco,2017-11-15,Terminated,72940.0,35.0,5
EMP-000774,Hr,London,2020-04-11,Active,78269.0,40.0,4
EMP-000775,It,London,2015-09-12,Terminated,19193.0,40.0,3
EMP-000776,Finance,Remote,2017-04-27,Active,54761.0,40.0,3
EMP-000777,Sales,London,2015-11-06,Active,113575.0,20.0,3
EMP-000778,Sales,London,2017-11-02,Active,45078.0,40.0,5
EMP-000779,Sales,Remote,2022-11-16,Active,116665.0,40.0,3
EMP-000780,Support,New York,2018-02-15,Terminated,39829.0,20.0,3
EMP-000781,Sales,Chicago,2020-01-21,Terminated,36824.0,40.0,4
EMP-000782,Support,London,2018-11-25,Terminated,51206.0,20.0,4
EMP-000783,Sales,London,2019-02-17,Terminated,103227.0,40.0,3
EMP-000784,Hr,London,2023-09-22,Active,61347.0,35.0,3
EMP-000785,It,New York,2017-08-31,Active,83635.0,20.0,3
EMP-000786,Sales,Remote,2020-08-24,Terminated,76841.0,40.0,3
EMP-000787,It,London,2018-10-12,Active,73638.0,40.0,4
EMP-000788,Sales,London,2015-07-20,Active,106853.0,40.0,2
EMP-000789,Sales,San Francisco,2019-05-28,Terminated,94288.0,40.0,3
EMP-000790,It,Remote,2022-04-27,Active,46427.0,20.0,3
EMP-000791,Marketing,New York,2015-11-21,Active,68111.0,30.0,3
EMP-000792,Sales,Remote,2015-08-17,Active,118586.0,40.0,2
EMP-000793,Finance,London,2016-05-19,Active,82989.0,30.0,3
EMP-000794,Hr,Remote,2021-11-17,Active,37304.0,40.0,4
EMP-000795,Sales,New York,2021-07-07,Active,39074.0,40.0,3
EMP-000796,It,New York,2020-02-01,Active,97254.0,40.0,3
EMP-000797,Finance,New York,2019-03-20,Active,92561.0,40.0,3
EMP-000798,It,San Francisco,2022-12-29,Active,51966.0,40.0,3
EMP-000799,Sales,Chicago,2021-11-25,Terminated,93691.0,40.0,3
EMP-000800,Support,Remote,2022-04-22,Active,114985.0,40.0,2
EMP-000801,Sales,San Francisco,2022-04-27,Active,111446.0,40.0,3
EMP-000802,Marketing,San Francisco,2020-10-13,Active,115107.0,40.0,3
EMP-000803,Sales,Chicago,2019-02-14,Active,88887.0,40.0,3
EMP-000804,Sales,San Francisco,2022-10-13,Active,70559.0,40.0,3
EMP-000805,Marketing,New York,2023-05-02,Active,64938.0,20.0,3
EMP-000806,Hr,New York,2015-03-20,Terminated,74565.0,20.0,4
EMP-000807,Sales,Remote,2015-06-19,Active,53099.0,30.0,3
EMP-000808,Sales,London,2023-08-18,Active,66018.0,40.0,1
EMP-000809,Marketing,San Francisco,2017-06-30,Active,106878.0,30.0,3
EMP-000810,Finance,London,2022-11-10,Active,34773.0,40.0,2
EMP-000811,Support,Remote,2018-07-01,Active,36483.0,40.0,3
EMP-000812,Support,London,2016-01-27,Terminated,95763.0,40.0,3
EMP-000813,Sales,New York,2015-09-22,Active,66246.0,40.0,4
EMP-000814,Hr,Remote,2016-05-29,Active,26859.0,40.0,3
EMP-000815,Hr,Remote,2017-04-01,Active,73467.0,40.0,4
EMP-000816,Finance,Remote,2019-05-25,Terminated,69897.0,40.0,4
EMP-000817,Sales,London,2021-04-24,Active,64223.0,40.0,3
EMP-000818,Support,London,2023-11-17,Active,92143.0,40.0,4
EMP-000819,Hr,Chicago,2018-12-22,Active,41670.0,40.0,3
EMP-000820,Sales,New York,2019-08-31,Active,75325.0,40.0,3
EMP-000821,It,Remote,2019-09-12,Terminated,69726.0,20.0,3
EMP-000822,Hr,Chicago,2019-11-09,Active,75946.0,0.0,3
EMP-000823,Marketing,London,2019-08-29,Active,31695.0,30.0,3
EMP-000824,It,Remote,2015-01-29,Terminated,61934.0,40.0,3
EMP-000825,Sales,Remote,2015-01-06,Active,75494.0,20.0,3
EMP-000826,Hr,Chicago,2015-11-18,Terminated,88529.0,40.0,3
EMP-000827,Support,Chicago,2015-11-30,Active,121160.0,40.0,3
EMP-000828,It,New York,2021-05-05,Active,95149.0,40.0,5
EMP-000829,It,London,2016-11-04,Active,86529.0,40.0,3
EMP-000830,Sales,Remote,2023-01-19,Terminated,106787.0,35.0,3
EMP-000831,Finance,Remote,2023-05-11,Active,74928.5,20.0,4
EMP-000832,Finance,Chicago,2023-10-13,Active,113848.0,30.0,2
EMP-000833,Support,Chicago,2023-06-14,Terminated,102982.0,40.0,4
EMP-000834,Hr,New York,2017-06-12,Active,63853.0,40.0,2
EMP-000835,Sales,London,2019-08-03,Active,123099.0,40.0,3
EMP-000836,Hr,Remote,2016-07-30,Terminated,86173.0,40.0,3
EMP-000837,Support,London,2022-04-04,Terminated,129824.0,40.0,3
EMP-000838,Finance,San Francisco,2022-12-30,Active,82580.0,35.0,4
EMP-000839,Hr,San Francisco,2022-08-30,Active,60952.0,40.0,3
EMP-000840,Finance,London,2018-11-25,Terminated,55812.0,40.0,3
EMP-000841,It,Remote,2021-10-29,Active,66106.0,40.0,4
EMP-000842,Sales,New York,2015-11-17,Terminated,60718.0,40.0,3
EMP-000843,Sales,London,2015-05-13,Active,106785.0,40.0,3
EMP-000844,It,San Francisco,2021-10-11,Terminated,74276.0,40.0,3
EMP-000845,Finance,Chicago,2018-10-30,Active,34649.0,40.0,3
EMP-000846,Finance,San Francisco,2023-12-17,Active,80325.0,40.0,2
EMP-000847,It,Chicago,2015-11-16,Active,78138.0,40.0,3
EMP-000848,It,New York,2022-09-13,Active,74928.5,20.0,3
EMP-000849,It,Chicago,2019-04-27,Active,81690.0,40.0,3
EMP-000850,Marketing,London,2022-06-11,Active,73897.0,40.0,3
EMP-000851,It,Chicago,2022-05-09,Terminated,90844.0,20.0,2
EMP-000852,It,Remote,2023-03-30,Active,89374.0,40.0,2
EMP-000853,Finance,London,2017-09-06,Active,84123.0,40.0,4
EMP-000854,Support,New York,2023-07-19,Terminated,42529.0,35.0,3
EMP-000855,It,London,2016-05-13,Terminated,127975.0,40.0,3
EMP-000856,Finance,Remote,2015-09-27,Active,36100.0,40.0,3
EMP-000857,Support,New York,2018-11-19,Active,74928.5,40.0,5
EMP-000858,Support,San Francisco,2022-06-15,Active,47639.0,40.0,2
EMP-000859,It,Remote,2019-04-06,On Leave,84908.0,20.0,4
EMP-000860,It,New York,2022-06-18,On Leave,78460.0,40.0,3
EMP-000861,Hr,London,2021-07-26,Active,70781.0,40.0,2
EMP-000862,Sales,Chicago,2016-11-19,Active,112944.0,20.0,3
EMP-000863,It,London,2023-07-16,Active,102712.0,40.0,4
EMP-000864,It,New York,2015-07-19,Active,66822.0,40.0,4
EMP-000865,Hr,London,2023-01-31,Active,95103.0,0.0,1
EMP-000866,Sales,Chicago,2017-09-27,Terminated,114117.0,20.0,3
EMP-000867,Finance,New York,2019-07-02,Active,102534.0,35.0,3
EMP-000868,Marketing,San Francisco,2018-10-20,Terminated,71595.0,40.0,5
EMP-000869,It,London,2016-07-18,Active,35242.0,40.0,4
EMP-000870,Marketing,London,2018-03-23,Terminated,83116.0,40.0,3
EMP-000871,Finance,Remote,2016-09-26,Active,91715.0,40.0,3
EMP-000872,Sales,New York,2016-11-01,Active,55760.0,40.0,3
EMP-000873,It,Chicago,2016-09-06,Active,75564.0,20.0,1
EMP-000874,Sales,New York,2019-05-27,On Leave,72928.0,40.0,5
EMP-000875,It,London,2022-03-07,Active,109693.0,40.0,5
EMP-000876,Support,Remote,2020-02-14,Active,121345.0,40.0,1
EMP-000877,It,New York,2023-01-14,Active,104380.0,40.0,3
EMP-000878,It,London,2020-09-23,Active,72861.0,40.0,1
EMP-000879,Finance,London,2021-03-15,Terminated,103693.0,40.0,3
EMP-000880,Finance,London,2021-01-03,Active,91220.0,40.0,5
EMP-000881,Finance,San Francisco,2019-01-17,Active,74928.5,40.0,4
EMP-000882,Marketing,New York,2021-03-15,Active,127310.0,40.0,4
EMP-000883,Support,Remote,2015-08-18,Active,56550.0,40.0,5
EMP-000884,Sales,New York,2022-09-27,Terminated,90098.0,30.0,4
EMP-000885,Sales,Remote,2021-12-31,Active,95989.0,40.0,3
EMP-000886,Finance,London,2017-03-17,Active,67813.0,40.0,4
EMP-000887,Sales,London,2021-11-29,Terminated,88978.0,40.0,3
EMP-000888,Marketing,London,2015-02-11,Terminated,98637.0,40.0,3
EMP-000889,Hr,New York,2016-12-15,Active,81116.0,40.0,4
EMP-000890,Sales,San Francisco,2015-08-03,Active,86812.0,30.0,3
EMP-000891,It,Chicago,2022-01-08,Active,77636.0,40.0,3
EMP-000892,It,New York,2021-10-20,Active,94938.0,40.0,5
EMP-000893,Sales,New York,2022-04-28,Active,74928.5,40.0,2
EMP-000894,Finance,Remote,2015-01-15,Active,67205.0,40.0,4
EMP-000895,Hr,San Francisco,2019-07-06,Terminated,75514.0,40.0,4
EMP-000896,Hr,Remote,2021-05-05,Active,104592.0,40.0,2
EMP-000897,Marketing,Chicago,2016-05-25,Terminated,31316.0,40.0,3
EMP-000898,Hr,London,2020-11-05,Terminated,52266.0,40.0,3
EMP-000899,It,London,2015-10-04,Terminated,131894.0,40.0,4
EMP-000900,Support,New York,2016-08-19,Active,81880.0,40.0,4
EMP-000901,Finance,Remote,2019-04-13,On Leave,64824.0,20.0,3
EMP-000902,Hr,Chicago,2020-11-18,Terminated,94871.0,40.0,5
EMP-000903,Marketing,London,2016-04-24,Active,55374.0,40.0,3
EMP-000904,It,Remote,2016-08-31,Active,22430.0,40.0,4
EMP-000905,Support,San Francisco,2016-11-03,Active,83870.0,40.0,3
EMP-000906,It,San Francisco,2017-02-23,Active,56730.0,40.0,2
EMP-000907,It,Chicago,2017-01-14,Active,77535.0,40.0,4
EMP-000908,Support,London,2018-07-22,Active,83235.0,40.0,3
EMP-000909,It,London,2020-11-19,Terminated,78553.0,40.0,3
EMP-000910,Marketing,San Francisco,2018-12-10,Active,32275.0,40.0,3
EMP-000911,Support,Chicago,2021-12-25,Terminated,75657.0,30.0,4
EMP-000912,Finance,San Francisco,2021-06-22,Active,86115.0,40.0,3
EMP-000913,Finance,San Francisco,2016-02-20,Terminated,39999.0,40.0,3
EMP-000914,It,Remote,2015-06-10,Active,37021.0,20.0,3
EMP-000915,Hr,Remote,2022-11-25,Active,48274.0,40.0,2
EMP-000916,Marketing,San Francisco,2015-09-20,Terminated,93669.0,40.0,2
EMP-000917,It,Remote,2016-05-02,Active,25042.0,40.0,3
EMP-000918,Hr,Remote,2015-03-14,Active,95744.0,40.0,5
EMP-000919,Hr,London,2020-08-27,Active,84801.0,40.0,4
EMP-000920,Sales,Chicago,2020-03-29,Active,68562.0,40.0,3
EMP-000921,Finance,Chicago,2023-11-18,Terminated,37984.0,40.0,3
EMP-000922,It,London,2022-12-25,Active,55088.0,40.0,4
EMP-000923,Sales,London,2018-09-12,Active,94548.0,40.0,2
EMP-000924,It,London,2018-05-06,Active,106418.0,35.0,2
EMP-000925,Sales,London,2017-09-02,Terminated,49216.0,20.0,4
EMP-000926,Support,London,2016-05-15,Active,103547.0,40.0,3
EMP-000927,Finance,London,2016-03-29,On Leave,92147.0,40.0,3
EMP-000928,Hr,New York,2016-03-10,Terminated,74829.0,20.0,3
EMP-000929,Marketing,London,2016-01-11,Active,56554.0,40.0,1
EMP-000930,Sales,Chicago,2017-03-01,Active,60465.0,40.0,3
EMP-000931,It,New York,2017-10-05,Terminated,120573.0,40.0,3
EMP-000932,Hr,London,2023-08-27,Active,79461.0,40.0,4
EMP-000933,Sales,San Francisco,2020-03-16,Active,108247.0,40.0,4
EMP-000934,Sales,San Francisco,2023-11-21,Active,81039.0,40.0,2
EMP-000935,Sales,Chicago,2018-05-09,Terminated,63683.0,40.0,3
EMP-000936,Sales,San Francisco,2019-02-13,Terminated,89602.0,40.0,5
EMP-000937,Marketing,London,2017-12-02,Active,128946.0,40.0,3
EMP-000938,Finance,London,2016-08-24,Active,58897.0,40.0,5
EMP-000939,Marketing,New York,2016-04-15,Active,97847.0,40.0,3
EMP-000940,It,London,2023-07-04,Active,79763.0,40.0,3
EMP-000941,Hr,San Francisco,2023-11-18,Terminated,38762.0,40.0,4
EMP-000942,Finance,Remote,2015-05-28,Active,38203.0,20.0,2
EMP-000943,Sales,New York,2016-05-09,Terminated,63700.0,40.0,3
EMP-000944,Finance,London,2018-10-24,Active,83687.0,40.0,3
EMP-000945,Finance,London,2016-09-04,Active,96959.0,40.0,1
EMP-000946,It,Chicago,2018-04-11,Active,35727.0,40.0,3
EMP-000947,Finance,London,2016-02-29,Active,91317.0,40.0,3
EMP-000948,Sales,Remote,2019-02-09,Active,72040.0,40.0,3
EMP-000949,Marketing,San Francisco,2017-06-12,Active,75083.0,40.0,1
EMP-000950,Finance,New York,2018-03-02,Terminated,89715.0,40.0,3
EMP-000951,Support,Chicago,2015-11-07,Active,118653.0,40.0,3
EMP-000952,Hr,New York,2018-11-08,Active,82591.0,40.0,3
EMP-000953,Finance,Chicago,2023-11-06,Terminated,41082.0,30.0,2
EMP-000954,Hr,London,2017-12-16,Active,70323.0,40.0,2
EMP-000955,Support,New York,2022-11-20,Active,96303.0,40.0,3
EMP-000956,Support,San Francisco,2022-08-03,Terminated,97126.0,40.0,1
EMP-000957,Hr,London,2023-07-27,Terminated,91646.0,40.0,4
EMP-000958,Sales,London,2022-02-10,Active,74928.5,40.0,3
EMP-000959,It,Chicago,2020-12-08,Active,40804.0,40.0,3
EMP-000960,It,Remote,2022-09-16,Active,89738.0,40.0,4
EMP-000961,Sales,New York,2015-09-06,Terminated,44644.0,40.0,2
EMP-000962,Sales,New York,2019-03-02,Terminated,92325.0,40.0,3
EMP-000963,Marketing,London,2023-11-26,Terminated,92332.0,40.0,2
EMP-000964,It,Chicago,2021-12-04,Active,63308.0,40.0,3
EMP-000965,It,Remote,2023-08-29,Active,72188.0,40.0,2
EMP-000966,Sales,Remote,2022-01-06,Terminated,79967.0,40.0,3
EMP-000967,Finance,San Francisco,2022-11-15,Active,59630.0,40.0,2
EMP-000968,Marketing,London,2021-05-11,Active,40458.0,40.0,2
EMP-000969,Marketing,Remote,2021-11-04,Active,74020.0,40.0,4
EMP-000970,Support,Chicago,2019-09-16,Terminated,76626.0,40.0,2
EMP-000971,Sales,Remote,2023-04-26,Active,109026.0,40.0,1
EMP-000972,It,London,2022-06-04,Active,55450.0,40.0,3
EMP-000973,Sales,New York,2022-08-05,Active,101712.0,40.0,3
EMP-000974,Support,London,2021-01-21,Active,46323.0,20.0,4
EMP-000975,Hr,New York,2017-09-28,Terminated,41385.0,40.0,5
EMP-000976,It,London,2015-04-28,Active,67478.0,40.0,4
EMP-000977,Sales,Chicago,2023-06-03,Active,51477.0,40.0,2
EMP-000978,Sales,Chicago,2020-04-10,Active,41035.0,40.0,3
EMP-000979,Sales,Remote,2017-09-06,Active,123608.0,20.0,3
EMP-000980,Marketing,London,2016-05-05,Active,63709.0,40.0,4
EMP-000981,Hr,Chicago,2022-06-19,Active,132783.0,35.0,3
EMP-000982,Sales,Remote,2022-07-12,Terminated,50132.0,40.0,1
EMP-000983,Hr,Remote,2022-05-01,Active,32286.0,40.0,3
EMP-000984,Finance,London,2020-10-21,Active,107282.0,40.0,3
EMP-000985,Sales,New York,2018-04-18,Active,56834.0,40.0,3
EMP-000986,It,Remote,2017-09-26,Active,78472.0,35.0,3
EMP-000987,Hr,San Francisco,2015-01-29,Active,41109.0,40.0,3
EMP-000988,Hr,New York,2022-07-03,Active,74047.0,40.0,3
EMP-000989,It,London,2015-10-15,Active,40709.0,40.0,5
EMP-000990,Sales,Chicago,2020-09-04,Active,73152.0,20.0,4
EMP-000991,It,New York,2019-07-15,Active,63152.0,40.0,3
EMP-000992,Hr,San Francisco,2019-09-28,Active,80757.0,40.0,1
EMP-000993,It,San Francisco,2023-05-05,Active,90642.0,40.0,4
EMP-000994,Hr,Remote,2015-04-14,Terminated,81027.0,40.0,4
EMP-000995,Hr,London,2021-12-17,Active,86276.0,20.0,2
EMP-000996,Finance,New York,2015-06-21,Active,72274.0,40.0,4
EMP-000997,Sales,Remote,2015-05-06,Terminated,64117.0,40.0,3
EMP-000998,Hr,New York,2018-11-13,Active,86753.0,40.0,2
EMP-000999,Sales,Remote,2015-07-27,Active,72214.0,40.0,4
EMP-001000,Support,London,2022-02-06,Active,73167.0,30.0,3
EMP-001001,Marketing,San Francisco,2019-10-07,Active,84944.0,30.0,5
EMP-001002,It,London,2015-04-06,Active,49170.0,0.0,1
EMP-001003,Sales,London,2015-05-14,Active,74928.5,40.0,5
EMP-001004,Sales,Remote,2020-07-06,Active,68766.0,40.0,2
EMP-001005,Sales,London,2022-04-03,On Leave,78105.0,40.0,1
EMP-001006,Finance,Remote,2018-12-10,On Leave,73887.0,0.0,3
EMP-001007,Hr,Remote,2019-12-28,Terminated,91319.0,20.0,3
EMP-001008,Finance,Remote,2022-03-14,On Leave,83480.0,35.0,3
EMP-001009,Hr,London,2020-06-29,Active,73752.0,40.0,4
EMP-001010,Sales,London,2017-01-08,Active,111219.0,40.0,4
EMP-001011,Finance,Remote,2020-07-08,Active,74928.5,40.0,3
EMP-001012,Finance,London,2020-08-27,Terminated,106067.0,40.0,3
EMP-001013,Marketing,London,2021-08-10,Active,74928.5,0.0,4
EMP-001014,Support,San Francisco,2020-08-02,Active,29105.0,40.0,4
EMP-001015,Finance,New York,2023-09-21,Terminated,98232.0,40.0,4
EMP-001016,Marketing,Chicago,2016-10-10,Terminated,101462.0,40.0,3
EMP-001017,It,London,2023-07-24,Terminated,89044.0,40.0,4
EMP-001018,Support,Chicago,2019-11-05,Active,36023.0,40.0,3
EMP-001019,Sales,London,2021-01-17,Active,92066.0,40.0,3
EMP-001020,Finance,Chicago,2015-11-23,Active,100180.0,40.0,5
EMP-001021,It,San Francisco,2018-06-04,Active,60695.0,40.0,3
EMP-001022,Sales,London,2021-12-03,Active,86028.0,40.0,4
EMP-001023,It,Remote,2021-05-12,Active,66170.0,40.0,4
EMP-001024,It,Chicago,2015-05-12,Active,97134.0,40.0,3
EMP-001025,Sales,London,2019-12-02,Active,67162.0,40.0,3
EMP-001026,Marketing,Remote,2015-10-18,Terminated,60497.0,20.0,3
EMP-001027,It,London,2023-12-18,On Leave,74018.0,40.0,3
EMP-001028,Support,Remote,2023-01-28,Active,41459.0,40.0,5
EMP-001029,Finance,Remote,2015-03-11,Active,71535.0,20.0,3
EMP-001030,Finance,Remote,2022-09-23,Active,84052.0,40.0,5
EMP-001031,It,Chicago,2023-04-11,Active,96749.0,40.0,3
EMP-001032,Sales,Remote,2018-03-08,Terminated,81224.0,20.0,4
EMP-001033,Sales,San Francisco,2021-06-23,Terminated,39185.0,40.0,3
EMP-001034,Marketing,San Francisco,2018-12-24,Terminated,108807.0,40.0,3
EMP-001035,Sales,Chicago,2020-11-23,Active,110904.0,40.0,3
EMP-001036,It,London,2018-01-23,On Leave,77814.0,40.0,5
EMP-001037,Sales,New York,2017-11-26,Active,56201.0,20.0,5
EMP-001038,It,London,2018-10-27,Active,61710.0,40.0,1
EMP-001039,Sales,London,2016-04-23,Active,69912.0,40.0,3
EMP-001040,Support,London,2022-06-24,Terminated,81967.0,20.0,4
EMP-001041,Finance,London,2018-02-20,Active,67388.0,40.0,1
EMP-001042,It,Remote,2018-08-08,Active,53540.0,40.0,5
EMP-001043,It,New York,2023-01-17,Active,100575.0,40.0,3
EMP-001044,Sales,Remote,2019-06-21,Active,81432.0,40.0,2
EMP-001045,Marketing,Remote,2019-11-24,Active,48691.0,30.0,3
EMP-001046,Support,London,2023-08-11,Active,82283.0,40.0,3
EMP-001047,Support,London,2022-12-24,Active,79047.0,40.0,5
EMP-001048,Sales,London,2016-07-11,Terminated,57049.0,30.0,2
EMP-001049,Finance,San Francisco,2019-04-05,Active,104876.0,40.0,3
EMP-001050,Sales,Chicago,2023-09-28,Active,78372.0,40.0,5
EMP-001051,It,Chicago,2018-05-08,Active,69584.0,40.0,4
EMP-001052,Sales,Remote,2018-05-06,Terminated,72913.0,40.0,3
EMP-001053,Support,Remote,2016-10-03,Active,86098.0,30.0,4
EMP-001054,It,San Francisco,2016-01-11,Terminated,73195.0,40.0,3
EMP-001055,Sales,London,2021-08-30,Active,72986.0,40.0,3
EMP-001056,Finance,London,2021-12-06,Active,101649.0,40.0,3
EMP-001057,Sales,London,2023-09-21,Terminated,39540.0,40.0,4
EMP-001058,It,New York,2021-12-17,Active,43711.0,20.0,3
EMP-001059,Marketing,Remote,2017-03-10,Active,94424.0,40.0,3
EMP-001060,Hr,Chicago,2015-05-12,Active,135396.0,40.0,3
EMP-001061,Sales,Remote,2023-11-14,Active,96912.0,40.0,2
EMP-001062,Finance,New York,2018-01-24,Active,121605.0,40.0,3
EMP-001063,It,Remote,2017-10-22,Active,64141.0,20.0,3
EMP-001064,Finance,London,2023-02-25,On Leave,59073.0,40.0,5
EMP-001065,Marketing,Chicago,2020-04-07,Active,86413.0,40.0,3
EMP-001066,Support,Remote,2016-12-07,Active,98841.0,40.0,3
EMP-001067,Finance,Remote,2023-01-01,Terminated,42211.0,40.0,4
EMP-001068,It,New York,2023-12-10,Active,69670.0,40.0,4
EMP-001069,Finance,Remote,2015-10-12,Active,74325.0,40.0,5
EMP-001070,Finance,London,2022-10-05,Terminated,58028.0,40.0,2
EMP-001071,Finance,London,2018-07-07,Terminated,60944.0,40.0,4
EMP-001072,It,Remote,2019-09-19,Terminated,96077.0,40.0,3
EMP-001073,It,New York,2023-03-27,Terminated,86742.0,40.0,4
EMP-001074,Support,Remote,2023-10-05,Terminated,94961.0,40.0,4
EMP-001075,Sales,London,2017-05-11,Active,83422.0,35.0,2
EMP-001076,Finance,London,2016-11-30,On Leave,53169.0,40.0,3
EMP-001077,Marketing,London,2015-09-22,Active,85578.0,40.0,3
EMP-001078,Sales,New York,2020-01-21,Active,51198.0,20.0,3
EMP-001079,Marketing,San Francisco,2015-02-14,Active,67206.0,40.0,3
EMP-001080,Sales,London,2018-09-15,Terminated,49094.0,35.0,3
EMP-001081,Support,London,2015-08-30,Active,74928.5,40.0,4
EMP-001082,Finance,Chicago,2018-08-24,Terminated,77262.0,40.0,4
EMP-001083,Finance,New York,2015-05-12,Active,74928.5,40.0,3
EMP-001084,Hr,London,2022-07-08,Active,52921.0,20.0,2
EMP-001085,Marketing,London,2016-11-20,Terminated,103445.0,20.0,4
EMP-001086,Sales,New York,2017-12-15,On Leave,72010.0,40.0,4
EMP-001087,Sales,San Francisco,2022-10-30,Terminated,61802.0,35.0,1
EMP-001088,Sales,Chicago,2021-09-18,Active,47940.0,40.0,3
EMP-001089,Sales,Remote,2016-12-20,On Leave,28200.0,40.0,3
EMP-001090,It,New York,2015-08-25,Terminated,74928.5,40.0,3
EMP-001091,Hr,Chicago,2021-06-10,Active,40545.0,40.0,2
EMP-001092,It,London,2018-07-08,Active,92801.0,40.0,2
EMP-001093,Sales,Chicago,2021-11-23,Active,75737.0,40.0,3
EMP-001094,It,Remote,2019-01-03,On Leave,113959.0,40.0,4
EMP-001095,It,London,2018-02-11,Active,80577.0,35.0,3
EMP-001096,It,Remote,2019-01-23,Active,56834.0,40.0,3
EMP-001097,It,New York,2021-09-26,On Leave,74928.5,40.0,3
EMP-001098,Marketing,London,2023-02-13,Active,74928.5,30.0,4
EMP-001099,Marketing,Remote,2015-06-13,Active,42526.0,30.0,3
EMP-001100,Support,Remote,2019-09-19,Active,64796.0,35.0,2
EMP-001101,Support,London,2015-04-18,Active,116852.0,40.0,3
EMP-001102,It,San Francisco,2019-03-20,Active,90275.0,40.0,5
EMP-001103,Hr,Chicago,2022-12-19,Active,84747.0,40.0,3
EMP-001104,Sales,New York,2018-04-03,Terminated,98608.0,40.0,3
EMP-001105,Marketing,New York,2023-05-23,Active,97676.0,40.0,3
EMP-001106,Hr,New York,2020-09-03,Terminated,114524.0,0.0,3
EMP-001107,Finance,London,2023-05-29,Active,59946.0,40.0,4
EMP-001108,Marketing,London,2021-10-24,Active,65583.0,40.0,4
EMP-001109,Marketing,San Francisco,2015-12-06,Active,51940.0,40.0,3
EMP-001110,Support,Remote,2017-01-29,Active,74183.0,30.0,2
EMP-001111,Sales,Remote,2018-07-19,Active,71694.0,40.0,2
EMP-001112,Sales,London,2016-07-13,Active,31126.0,40.0,4
EMP-001113,Sales,London,2019-06-15,Terminated,58652.0,40.0,4
EMP-001114,It,Remote,2019-03-30,Terminated,110978.0,35.0,3
EMP-001115,It,Remote,2023-08-10,Active,81105.0,40.0,5
EMP-001116,It,Remote,2018-11-26,On Leave,92885.0,40.0,3
EMP-001117,It,San Francisco,2022-01-26,Active,71986.0,40.0,1
EMP-001118,Finance,Chicago,2023-06-24,Terminated,27823.0,40.0,3
EMP-001119,Finance,New York,2022-11-22,Active,71784.0,20.0,3
EMP-001120,Marketing,Remote,2016-11-16,Active,101042.0,40.0,3
EMP-001121,It,London,2019-06-19,Active,45358.0,40.0,3
EMP-001122,Support,Remote,2018-02-17,Terminated,93676.0,40.0,3
EMP-001123,Support,Chicago,2018-08-07,Terminated,74928.5,20.0,4
EMP-001124,It,New York,2018-03-31,Active,74928.5,20.0,2
EMP-001125,Marketing,Remote,2022-06-09,Terminated,88613.0,40.0,3
EMP-001126,Sales,Chicago,2019-01-26,Active,67197.0,40.0,4
EMP-001127,Hr,London,2019-09-18,On Leave,136812.0,20.0,4
EMP-001128,It,San Francisco,2023-11-04,Active,62670.0,40.0,3
EMP-001129,Marketing,London,2015-07-17,Active,60540.0,35.0,2
EMP-001130,It,Remote,2019-05-23,Terminated,80112.0,40.0,3
EMP-001131,It,London,2021-12-19,Active,56126.0,40.0,5
EMP-001132,It,New York,2016-05-11,Active,38967.0,0.0,3
EMP-001133,Marketing,Remote,2020-07-03,Active,47558.0,40.0,5
EMP-001134,It,London,2017-02-26,Active,93950.0,40.0,3
EMP-001135,Support,London,2022-10-22,Active,67377.0,40.0,3
EMP-001136,Support,London,2017-12-11,Terminated,117551.0,40.0,3
EMP-001137,It,London,2017-12-17,Active,63969.0,40.0,3
EMP-001138,It,London,2020-05-20,Active,92763.0,20.0,4
EMP-001139,Hr,Remote,2016-08-26,Active,87771.0,40.0,3
EMP-001140,Sales,New York,2017-07-25,Terminated,63596.0,40.0,2
EMP-001141,Marketing,London,2018-10-01,Terminated,53030.0,40.0,4
EMP-001142,Sales,Chicago,2018-03-08,Terminated,31705.0,30.0,4
EMP-001143,Sales,Remote,2019-09-22,Active,88828.0,40.0,4
EMP-001144,It,San Francisco,2020-05-25,Active,104956.0,40.0,4
EMP-001145,Hr,London,2020-02-06,Terminated,35252.0,40.0,3
EMP-001146,Marketing,Remote,2020-11-20,Active,65739.0,40.0,3
EMP-001147,It,Remote,2017-10-08,Active,58327.0,40.0,4
EMP-001148,It,San Francisco,2016-02-20,Active,88784.0,0.0,4
EMP-001149,Support,London,2021-11-05,Active,66784.0,40.0,3
EMP-001150,Sales,Remote,2022-08-28,Active,108075.0,40.0,3
EMP-001151,Finance,New York,2017-04-24,Terminated,65390.0,40.0,3
EMP-001152,Finance,San Francisco,2018-08-31,Active,44090.0,40.0,3
EMP-001153,Hr,New York,2019-06-27,Active,63280.0,30.0,1
EMP-001154,It,Remote,2019-10-20,Active,66035.0,40.0,3
EMP-001155,Sales,Remote,2020-12-07,Active,88152.0,20.0,3
EMP-001156,Sales,New York,2015-05-17,Active,65662.0,40.0,3
EMP-001157,It,Remote,2021-06-29,Active,86002.0,0.0,3
EMP-001158,Sales,Remote,2015-07-23,Terminated,55238.0,35.0,3
EMP-001159,Hr,Chicago,2019-03-20,Active,67633.0,40.0,3
EMP-001160,Hr,San Francisco,2022-06-13,Active,55374.0,40.0,5
EMP-001161,Sales,Chicago,2019-01-23,Active,53834.0,40.0,3
EMP-001162,Finance,Remote,2016-05-05,Active,106871.0,40.0,3
EMP-001163,It,San Francisco,2023-11-12,Active,57122.0,40.0,3
EMP-001164,Marketing,Remote,2023-01-02,Active,66310.0,40.0,3
EMP-001165,Finance,Chicago,2021-12-10,Terminated,101115.0,40.0,3
EMP-001166,It,London,2018-09-14,Active,93750.0,40.0,1
EMP-001167,Finance,Remote,2016-08-27,Terminated,116030.0,40.0,3
EMP-001168,Marketing,Remote,2023-06-22,Active,87070.0,40.0,5
EMP-001169,Support,San Francisco,2019-10-16,Active,59990.0,30.0,2
EMP-001170,Support,San Francisco,2022-09-02,Terminated,126429.0,40.0,2
EMP-001171,Sales,Remote,2018-01-29,Active,89552.0,40.0,3
EMP-001172,Support,San Francisco,2018-01-07,Active,71133.0,40.0,3
EMP-001173,Support,Remote,2023-11-14,Active,76437.0,40.0,3
EMP-001174,It,London,2019-09-12,Active,79482.0,40.0,5
EMP-001175,Sales,Remote,2016-04-07,Active,69080.0,40.0,2
EMP-001176,It,San Francisco,2016-12-23,Active,40604.0,20.0,3
EMP-001177,It,Remote,2019-05-04,Terminated,115668.0,40.0,4
EMP-001178,Sales,Chicago,2015-05-20,On Leave,74454.0,40.0,3
EMP-001179,It,San Francisco,2019-03-01,Active,79587.0,40.0,4
EMP-001180,Support,San Francisco,2018-10-09,Active,126954.0,40.0,3
EMP-001181,Marketing,San Francisco,2022-01-05,Active,57918.0,35.0,3
EMP-001182,Sales,San Francisco,2018-03-12,Active,91387.0,20.0,3
EMP-001183,Sales,Remote,2023-11-04,Terminated,55193.0,40.0,3
EMP-001184,Hr,Chicago,2016-08-17,Active,74928.5,40.0,3
EMP-001185,Sales,Chicago,2020-04-26,Active,80038.0,20.0,2
EMP-001186,Hr,New York,2015-10-22,Active,94765.0,40.0,3
EMP-001187,Sales,San Francisco,2021-08-09,Terminated,105204.0,30.0,4
EMP-001188,Sales,San Francisco,2023-12-14,Terminated,60512.0,40.0,4
EMP-001189,Support,New York,2022-05-16,On Leave,110417.0,40.0,3
EMP-001190,Sales,Chicago,2020-01-01,Terminated,112187.0,40.0,4
EMP-001191,Support,London,2019-05-13,Active,68750.0,40.0,3
EMP-001192,Support,Remote,2022-07-07,Active,74835.0,30.0,3
EMP-001193,Finance,London,2023-06-04,Active,62641.0,40.0,4
EMP-001194,Sales,Chicago,2023-11-26,Active,67364.0,40.0,4
EMP-001195,It,London,2018-07-27,Terminated,44913.0,35.0,1
EMP-001196,Finance,San Francisco,2023-12-02,Active,94438.0,40.0,3
EMP-001197,It,London,2016-05-27,Active,23743.0,35.0,3
EMP-001198,Support,Remote,2017-04-13,Active,57573.0,40.0,5
EMP-001199,Support,Remote,2015-10-20,Active,73846.0,20.0,3
EMP-001200,Finance,New York,2017-06-12,On Leave,107495.0,40.0,4
EMP-001201,Finance,Chicago,2021-11-29,Active,61369.0,40.0,1
EMP-001202,It,Chicago,2022-09-04,Active,85696.0,40.0,3
EMP-001203,Hr,London,2022-01-04,Active,72975.0,30.0,4
EMP-001204,It,San Francisco,2020-09-05,Terminated,98628.0,40.0,4
EMP-001205,Finance,Chicago,2019-08-17,Terminated,84390.0,0.0,4
EMP-001206,Marketing,London,2021-05-18,Active,95755.0,40.0,4
EMP-001207,Finance,London,2018-07-08,Active,61234.0,40.0,3
EMP-001208,Marketing,Remote,2022-07-28,Terminated,49649.0,40.0,5
EMP-001209,Sales,Remote,2021-02-03,Terminated,84178.0,40.0,3
EMP-001210,Finance,Chicago,2021-04-12,Terminated,62807.0,30.0,5
EMP-001211,Sales,London,2019-10-28,Active,75758.0,20.0,2
EMP-001212,Hr,New York,2022-12-19,Active,82932.0,40.0,4
EMP-001213,It,New York,2017-04-08,On Leave,106048.0,30.0,3
EMP-001214,Marketing,Remote,2018-06-06,Active,94664.0,35.0,4
EMP-001215,It,Chicago,2021-12-31,Active,57975.0,40.0,2
EMP-001216,Sales,San Francisco,2019-06-08,Terminated,46374.0,40.0,2
EMP-001217,Marketing,London,2023-01-01,Active,117685.0,40.0,2
EMP-001218,It,New York,2018-02-12,Active,35434.0,40.0,3
EMP-001219,Finance,New York,2018-04-28,Active,63687.0,40.0,3
EMP-001220,Support,Remote,2022-12-31,Terminated,91131.0,40.0,3
EMP-001221,Sales,Remote,2019-03-07,Active,115969.0,40.0,3
EMP-001222,It,Chicago,2019-08-24,Active,70258.0,40.0,3
EMP-001223,Sales,Remote,2017-12-29,Active,75684.0,40.0,4
EMP-001224,It,Remote,2017-06-28,Active,53124.0,40.0,3
EMP-001225,Sales,London,2020-11-26,Active,78165.0,40.0,3
EMP-001226,Marketing,London,2016-01-29,Terminated,46246.0,35.0,3
EMP-001227,It,New York,2022-11-30,Terminated,56243.0,40.0,4
EMP-001228,Sales,Remote,2022-01-05,Active,94097.0,40.0,3
EMP-001229,Marketing,San Francisco,2016-09-18,Terminated,74928.5,40.0,3
EMP-001230,Support,Remote,2021-03-31,Active,97931.0,20.0,3
EMP-001231,It,Chicago,2020-06-03,Active,71162.0,40.0,3
EMP-001232,Sales,San Francisco,2016-08-29,Active,40779.0,20.0,3
EMP-001233,Finance,San Francisco,2017-06-17,Terminated,104209.0,40.0,4
EMP-001234,Sales,Remote,2018-09-06,Terminated,42117.0,20.0,3
EMP-001235,It,Remote,2021-04-17,Active,59955.0,20.0,3
EMP-001236,Hr,Chicago,2020-09-30,Active,70008.0,40.0,4
EMP-001237,Sales,New York,2019-10-16,Active,100146.0,35.0,4
EMP-001238,Sales,London,2021-11-30,Active,61838.0,40.0,1
EMP-001239,Sales,Remote,2021-10-27,Active,51832.0,40.0,3
EMP-001240,Support,Remote,2020-07-23,Active,79067.0,20.0,5
EMP-001241,Finance,New York,2022-01-30,Active,69651.0,40.0,2
EMP-001242,Hr,Remote,2018-01-03,Active,63315.0,40.0,4
EMP-001243,It,Remote,2022-12-06,Terminated,80412.0,40.0,2
EMP-001244,It,New York,2020-07-14,Terminated,44910.0,40.0,5
EMP-001245,It,Remote,2022-05-27,On Leave,31954.0,40.0,3
EMP-001246,Sales,Remote,2019-12-01,Active,128468.0,40.0,4
EMP-001247,Marketing,San Francisco,2016-12-19,Active,77605.0,20.0,2
EMP-001248,Marketing,London,2019-11-18,Active,79355.0,40.0,2
EMP-001249,It,London,2018-05-04,Active,55450.0,40.0,5
EMP-001250,Hr,London,2021-04-11,Active,97442.0,40.0,5
EMP-001251,It,San Francisco,2019-04-13,Active,61663.0,40.0,3
EMP-001252,Marketing,Remote,2022-07-11,Terminated,5346.0,40.0,3
EMP-001253,Sales,London,2021-02-06,Active,60824.0,35.0,1
EMP-001254,It,Remote,2021-02-28,On Leave,67965.0,40.0,5
EMP-001255,Finance,Remote,2016-12-14,Terminated,70748.0,40.0,5
EMP-001256,It,New York,2023-11-10,Active,70025.0,20.0,2
EMP-001257,Marketing,Chicago,2022-07-29,Active,58877.0,30.0,3
EMP-001258,Support,Remote,2022-02-06,Terminated,56462.0,40.0,5
EMP-001259,Sales,London,2017-12-21,Active,67551.0,40.0,2
EMP-001260,Support,London,2019-10-27,Active,33863.0,40.0,4
EMP-001261,It,London,2016-03-26,Terminated,26060.0,40.0,3
EMP-001262,Support,San Francisco,2019-11-05,Terminated,77451.0,20.0,2
EMP-001263,It,London,2016-04-24,Terminated,77868.0,40.0,2
EMP-001264,It,Remote,2019-12-23,Active,96985.0,40.0,4
EMP-001265,Marketing,Remote,2020-11-02,Active,68611.0,40.0,2
EMP-001266,Support,Remote,2018-07-06,Active,45159.0,40.0,1
EMP-001267,It,New York,2019-06-27,Active,26509.0,40.0,4
EMP-001268,Hr,Remote,2022-11-18,Active,52745.0,40.0,4
EMP-001269,Finance,San Francisco,2015-12-23,Active,85563.0,40.0,4
EMP-001270,It,Remote,2022-02-15,Active,74928.5,40.0,3
EMP-001271,It,Chicago,2016-07-15,Terminated,76352.0,40.0,1
EMP-001272,Marketing,London,2015-05-01,Terminated,44660.0,40.0,1
EMP-001273,Support,Remote,2016-09-01,Active,53002.0,40.0,4
EMP-001274,Support,New York,2021-11-19,Active,53782.0,40.0,4
EMP-001275,It,San Francisco,2018-08-24,Active,64850.0,40.0,4
EMP-001276,Sales,Remote,2022-11-07,Terminated,74928.5,40.0,3
EMP-001277,Sales,New York,2019-09-21,Terminated,104973.0,40.0,4
EMP-001278,It,Remote,2015-03-15,Active,70694.0,35.0,2
EMP-001279,Finance,London,2021-06-13,Active,79577.0,40.0,4
EMP-001280,Hr,Remote,2015-12-29,Terminated,55061.0,40.0,3
EMP-001281,It,San Francisco,2022-02-07,Active,74928.5,20.0,5
EMP-001282,It,New York,2016-07-06,Active,119708.0,40.0,3
EMP-001283,Sales,New York,2018-02-09,Active,16938.0,40.0,3
EMP-001284,Sales,Remote,2021-11-07,Active,29104.0,35.0,3
EMP-001285,It,New York,2023-08-03,Active,119910.0,40.0,3
EMP-001286,Marketing,London,2018-05-05,On Leave,75415.0,40.0,2
EMP-001287,It,New York,2022-06-19,Active,46852.0,20.0,2
EMP-001288,Marketing,London,2016-09-19,Active,92068.0,0.0,4
EMP-001289,Hr,Chicago,2022-04-07,Active,94326.0,40.0,5
EMP-001290,Sales,London,2020-12-01,Active,41683.0,40.0,4
EMP-001291,Sales,Chicago,2016-09-25,Active,61679.0,40.0,3
EMP-001292,Finance,New York,2017-09-21,Active,96906.0,40.0,3
EMP-001293,Hr,Remote,2016-03-09,Terminated,54577.0,40.0,3
EMP-001294,Sales,Chicago,2018-06-12,Active,82054.0,40.0,4
EMP-001295,Hr,San Francisco,2016-10-31,Active,110620.0,40.0,3
EMP-001296,It,Chicago,2020-10-17,Terminated,15188.0,20.0,3
EMP-001297,Support,London,2023-12-13,Active,74928.5,40.0,4
EMP-001298,Sales,New York,2015-02-09,Active,81541.0,40.0,3
EMP-001299,Finance,Remote,2019-11-14,Terminated,30199.0,35.0,3
EMP-001300,It,Remote,2020-02-29,Active,61760.0,40.0,5
EMP-001301,It,Remote,2023-03-25,Active,101112.0,35.0,3
EMP-001302,Hr,Remote,2019-07-22,Active,57392.0,40.0,4
EMP-001303,It,Remote,2019-11-23,Active,37892.0,40.0,3
EMP-001304,Marketing,San Francisco,2019-03-31,Active,74928.5,35.0,2
EMP-001305,It,London,2017-06-02,Active,86113.0,40.0,5
EMP-001306,It,London,2015-07-04,Terminated,73279.0,40.0,4
EMP-001307,Sales,New York,2018-09-05,Active,72540.0,40.0,3
EMP-001308,Sales,London,2015-06-22,Active,100707.0,40.0,4
EMP-001309,Sales,Remote,2019-12-15,Active,82363.0,40.0,2
EMP-001310,Hr,London,2017-10-07,Terminated,91140.0,0.0,3
EMP-001311,Support,New York,2019-10-20,Active,57686.0,20.0,3
EMP-001312,It,London,2016-03-17,Terminated,27066.0,40.0,3
EMP-001313,Sales,London,2023-05-24,Terminated,90548.0,40.0,4
EMP-001314,Finance,New York,2023-01-19,Active,102523.0,40.0,4
EMP-001315,Marketing,Remote,2016-09-16,Active,74928.5,40.0,3
EMP-001316,Hr,New York,2018-02-02,Terminated,97194.0,40.0,3
EMP-001317,It,Remote,2020-07-09,Active,66620.0,40.0,3
EMP-001318,Sales,Remote,2015-11-11,Active,72733.0,40.0,1
EMP-001319,It,New York,2018-03-11,Active,118811.0,40.0,3
EMP-001320,Support,Chicago,2017-04-05,Active,67712.0,40.0,1
EMP-001321,Sales,London,2023-03-29,Active,66236.0,35.0,4
EMP-001322,Support,Remote,2022-09-03,Active,28251.0,30.0,3
EMP-001323,Finance,New York,2020-03-20,Active,92252.0,40.0,3
EMP-001324,Marketing,Chicago,2019-09-07,Active,57254.0,40.0,3
EMP-001325,Finance,London,2023-05-18,Terminated,78681.0,0.0,4
EMP-001326,Sales,Remote,2023-05-23,Terminated,67124.0,40.0,3
EMP-001327,Sales,London,2023-09-22,Active,74928.5,40.0,3
EMP-001328,Finance,Chicago,2016-02-17,Active,72057.0,40.0,3
EMP-001329,Marketing,London,2016-06-11,Active,73979.0,40.0,3
EMP-001330,Finance,San Francisco,2021-02-02,Active,104402.0,40.0,4
EMP-001331,Marketing,Remote,2019-11-15,Active,113005.0,40.0,3
EMP-001332,Marketing,San Francisco,2015-03-02,Active,74928.5,40.0,3
EMP-001333,It,Chicago,2015-07-23,Active,106789.0,20.0,2
EMP-001334,Sales,Remote,2022-12-29,Active,96354.0,40.0,3
EMP-001335,Hr,New York,2022-10-26,Active,87365.0,40.0,3
EMP-001336,Marketing,London,2018-03-20,Active,111379.0,40.0,3
EMP-001337,Support,New York,2023-01-07,Active,42288.0,20.0,3
EMP-001338,Marketing,London,2020-05-05,On Leave,57888.0,20.0,3
EMP-001339,Marketing,London,2022-04-03,Active,54477.0,40.0,4
EMP-001340,Marketing,London,2018-11-05,Terminated,67465.0,35.0,4
EMP-001341,It,London,2016-01-08,Active,92148.0,0.0,3
EMP-001342,Sales,London,2018-11-26,Active,47122.0,40.0,2
EMP-001343,It,Remote,2019-02-12,Terminated,87570.0,0.0,3
EMP-001344,Sales,Chicago,2019-12-16,Active,60323.0,0.0,3
EMP-001345,It,New York,2015-12-14,Active,66323.0,40.0,4
EMP-001346,Support,Chicago,2023-12-03,Terminated,80010.0,30.0,3
EMP-001347,Support,San Francisco,2017-03-13,Active,117031.0,40.0,5
EMP-001348,It,Remote,2016-10-14,Terminated,57191.0,20.0,3
EMP-001349,Sales,Remote,2019-09-28,Active,72998.0,40.0,4
EMP-001350,Finance,San Francisco,2019-11-01,Active,48044.0,40.0,3
EMP-001351,Hr,New York,2018-12-16,Active,56951.0,30.0,3
EMP-001352,Sales,Remote,2021-12-12,Active,47816.0,20.0,1
EMP-001353,It,San Francisco,2019-08-26,Active,81120.0,40.0,4
EMP-001354,Marketing,New York,2020-06-27,Active,85633.0,40.0,5
EMP-001355,It,London,2021-07-06,Active,92176.0,40.0,4
EMP-001356,Hr,London,2015-03-24,Active,56159.0,30.0,3
EMP-001357,Hr,Remote,2020-02-19,Active,87699.0,40.0,4
EMP-001358,Support,New York,2022-12-16,Active,77828.0,40.0,3
EMP-001359,Hr,Chicago,2015-02-27,Terminated,73556.0,20.0,4
EMP-001360,It,London,2018-08-24,Active,43964.0,40.0,2
EMP-001361,Marketing,Chicago,2023-05-03,Active,78831.0,40.0,3
EMP-001362,Marketing,London,2018-03-06,Active,79624.0,40.0,3
EMP-001363,Sales,Remote,2019-02-16,Active,77543.0,40.0,4
EMP-001364,Marketing,San Francisco,2023-11-01,Terminated,74928.5,40.0,4
EMP-001365,Sales,Remote,2016-10-17,Active,92365.0,40.0,3
EMP-001366,Marketing,San Francisco,2015-08-03,Active,47549.0,35.0,3
EMP-001367,Support,New York,2022-09-25,Active,69583.0,40.0,5
EMP-001368,Marketing,San Francisco,2022-10-25,Terminated,74928.5,40.0,4
EMP-001369,Sales,Remote,2019-04-01,Terminated,68290.0,20.0,3
EMP-001370,It,New York,2019-08-18,Active,98986.0,40.0,3
EMP-001371,It,London,2022-07-10,Active,77254.0,40.0,5
EMP-001372,Support,San Francisco,2021-08-24,Active,26127.0,40.0,2
EMP-001373,Sales,San Francisco,2017-05-21,Active,95986.0,40.0,5
EMP-001374,It,Remote,2015-02-25,Active,72072.0,40.0,3
EMP-001375,Support,New York,2019-04-26,Active,74928.5,40.0,2
EMP-001376,Finance,Chicago,2022-09-24,Active,74928.5,40.0,3
EMP-001377,Hr,San Francisco,2023-01-23,Terminated,43291.0,30.0,4
EMP-001378,Finance,Remote,2023-08-10,Active,93828.0,20.0,3
EMP-001379,Marketing,San Francisco,2022-12-01,Terminated,74104.0,40.0,3
EMP-001380,It,Remote,2020-03-21,Active,51906.0,20.0,3
EMP-001381,Marketing,London,2019-01-01,Active,74928.5,20.0,3
EMP-001382,Hr,Remote,2021-12-21,Active,86463.0,40.0,4
EMP-001383,Support,San Francisco,2021-08-28,Active,69106.0,40.0,3
EMP-001384,Hr,Chicago,2019-11-04,Active,43860.0,40.0,3
EMP-001385,Sales,London,2015-10-15,On Leave,53938.0,40.0,3
EMP-001386,Hr,San Francisco,2023-05-03,Active,53564.0,40.0,2
EMP-001387,Sales,New York,2019-02-06,Active,93662.0,40.0,3
EMP-001388,Hr,San Francisco,2018-04-09,Terminated,32978.0,40.0,4
EMP-001389,It,Chicago,2020-08-31,Terminated,73819.0,40.0,1
EMP-001390,Sales,New York,2021-01-23,Terminated,68743.0,35.0,2
EMP-001391,It,Remote,2016-11-23,Active,100888.0,35.0,3
EMP-001392,Marketing,New York,2022-07-14,Terminated,80818.0,40.0,3
EMP-001393,Sales,Remote,2017-08-11,Terminated,88380.0,40.0,4
EMP-001394,Marketing,London,2016-09-05,Terminated,61866.0,20.0,5
EMP-001395,Finance,Remote,2018-08-28,On Leave,44225.0,20.0,3
EMP-001396,Marketing,London,2021-07-29,Active,66863.0,30.0,1
EMP-001397,Support,New York,2023-09-09,Active,94429.0,40.0,3
EMP-001398,It,Remote,2022-04-14,Active,94372.0,40.0,5
EMP-001399,Hr,San Francisco,2023-06-18,Terminated,64235.0,20.0,3
EMP-001400,Finance,New York,2016-04-07,Active,53481.0,20.0,3
EMP-001401,Support,Remote,2015-08-22,Terminated,48583.0,35.0,3
EMP-001402,Support,New York,2020-01-08,Active,71584.0,35.0,3
EMP-001403,Sales,New York,2017-08-12,Active,78414.0,40.0,4
EMP-001404,Marketing,New York,2022-06-14,Active,111830.0,40.0,4
EMP-001405,It,Remote,2021-01-17,On Leave,78083.0,40.0,4
EMP-001406,Sales,Chicago,2023-09-26,Terminated,90344.0,40.0,3
EMP-001407,It,Chicago,2017-04-17,Terminated,55488.0,40.0,3
EMP-001408,Finance,New York,2019-05-16,Active,76043.0,35.0,3
EMP-001409,It,Remote,2019-07-06,Active,78502.0,40.0,5
EMP-001410,It,Remote,2017-02-25,Active,71487.0,40.0,3
EMP-001411,Hr,London,2020-04-23,Active,74455.0,20.0,3
EMP-001412,It,New York,2018-12-28,Active,78155.0,40.0,3
EMP-001413,Finance,Remote,2019-01-08,Active,87026.0,0.0,3
EMP-001414,Sales,Remote,2018-04-07,Terminated,104228.0,40.0,3
EMP-001415,It,London,2015-02-25,Active,18361.0,40.0,4
EMP-001416,Hr,New York,2019-09-13,Terminated,74928.5,40.0,2
EMP-001417,Sales,London,2018-01-06,Active,32230.0,40.0,3
EMP-001418,It,Remote,2015-01-05,Active,82719.0,40.0,3
EMP-001419,Finance,Remote,2017-10-09,On Leave,133891.0,40.0,4
EMP-001420,Sales,New York,2017-07-04,Active,73936.0,40.0,3
EMP-001421,Sales,London,2018-07-17,Terminated,74928.5,40.0,3
EMP-001422,Sales,London,2016-03-09,Active,67244.0,35.0,3
EMP-001423,Support,New York,2019-07-27,Active,91682.0,40.0,3
EMP-001424,It,London,2021-03-26,Terminated,84055.0,40.0,3
EMP-001425,Sales,London,2020-09-02,Active,74928.5,20.0,3
EMP-001426,Marketing,London,2022-03-26,Terminated,72141.0,40.0,3
EMP-001427,It,San Francisco,2019-01-25,Active,47039.0,40.0,3
EMP-001428,Support,Remote,2019-09-03,Active,72026.0,40.0,3
EMP-001429,Marketing,Chicago,2022-04-17,Active,64516.0,40.0,4
EMP-001430,It,London,2018-11-06,Active,78414.0,40.0,5
EMP-001431,Sales,London,2021-04-25,Active,57252.0,40.0,3
EMP-001432,Finance,London,2018-11-29,Active,69639.0,40.0,2
EMP-001433,Marketing,Remote,2018-10-05,Terminated,75219.0,40.0,5
EMP-001434,Hr,London,2021-11-03,Active,76960.0,40.0,3
EMP-001435,Hr,London,2016-07-28,Active,81857.0,20.0,3
EMP-001436,It,Remote,2018-01-17,Terminated,74928.5,40.0,5
EMP-001437,Marketing,London,2017-01-06,Active,55333.0,20.0,4
EMP-001438,Finance,Remote,2018-03-26,Active,77052.0,40.0,3
EMP-001439,Sales,London,2017-01-27,Active,70529.0,40.0,3
EMP-001440,Support,New York,2020-03-19,Active,100616.0,40.0,4
EMP-001441,Sales,San Francisco,2022-03-08,Active,103769.0,40.0,3
EMP-001442,It,London,2022-01-29,Terminated,40698.0,20.0,4
EMP-001443,Hr,San Francisco,2018-04-13,Active,90429.0,35.0,1
EMP-001444,Support,Remote,2023-11-25,Active,95444.0,40.0,4
EMP-001445,Support,London,2020-05-05,Active,41354.0,40.0,3
EMP-001446,Sales,Chicago,2018-08-05,Active,89487.0,30.0,3
EMP-001447,Sales,London,2022-07-09,Active,74928.5,30.0,4
EMP-001448,Sales,Chicago,2021-07-27,Active,51259.0,40.0,3
EMP-001449,Marketing,New York,2021-09-28,Terminated,69091.0,40.0,2
EMP-001450,Hr,San Francisco,2016-10-06,Terminated,79658.0,40.0,3
EMP-001451,Sales,London,2019-03-20,Active,89261.0,20.0,3
EMP-001452,Finance,New York,2022-10-03,Terminated,50289.0,20.0,3
EMP-001453,Sales,New York,2019-07-15,Terminated,74928.5,40.0,3
EMP-001454,Support,London,2021-02-24,Active,24266.0,20.0,3
EMP-001455,Sales,New York,2020-04-16,Active,108094.0,20.0,4
EMP-001456,Finance,London,2022-07-31,Active,88757.0,40.0,3
EMP-001457,Marketing,London,2017-07-24,Active,59456.0,40.0,1
EMP-001458,Hr,San Francisco,2020-03-06,Active,96610.0,40.0,4
EMP-001459,Marketing,London,2016-02-10,Active,48805.0,40.0,2
EMP-001460,Support,Chicago,2021-03-18,Active,77873.0,40.0,4
EMP-001461,Finance,San Francisco,2021-08-02,Terminated,80963.0,40.0,2
EMP-001462,Finance,London,2015-05-21,Terminated,80903.0,30.0,5
EMP-001463,Finance,San Francisco,2021-01-30,Active,54007.0,40.0,5
EMP-001464,Support,Remote,2018-09-25,Active,62598.0,40.0,3
EMP-001465,Support,Chicago,2016-02-12,Active,78169.0,40.0,1
EMP-001466,Marketing,Remote,2018-10-12,Terminated,56831.0,40.0,2
EMP-001467,It,Remote,2016-09-30,Active,81786.0,40.0,4
EMP-001468,Marketing,Remote,2018-09-27,Active,59647.0,0.0,2
EMP-001469,Hr,London,2018-06-17,Active,100000.0,20.0,3
EMP-001470,Sales,London,2021-08-24,Active,114067.0,40.0,4
EMP-001471,Finance,New York,2021-12-19,Active,67563.0,40.0,3
EMP-001472,It,Remote,2020-06-18,Active,98006.0,40.0,4
EMP-001473,Sales,San Francisco,2015-03-16,Active,69692.0,40.0,4
EMP-001474,It,New York,2023-05-19,Active,51589.0,40.0,4
EMP-001475,Sales,San Francisco,2021-03-05,Terminated,74928.5,40.0,3
EMP-001476,Sales,San Francisco,2015-04-23,Active,77139.0,40.0,3
EMP-001477,It,New York,2022-05-15,Terminated,30326.0,40.0,2
EMP-001478,Sales,New York,2016-10-20,Terminated,90641.0,40.0,3
EMP-001479,Marketing,London,2020-03-18,Active,77151.0,40.0,3
EMP-001480,Sales,San Francisco,2019-03-14,Active,100014.0,40.0,5
EMP-001481,Support,London,2018-10-12,Active,90203.0,40.0,1
EMP-001482,Finance,London,2023-01-03,Active,77999.0,35.0,3
EMP-001483,Marketing,Chicago,2018-12-08,Terminated,66104.0,20.0,4
EMP-001484,Sales,Remote,2015-09-05,Active,113072.0,40.0,3
EMP-001485,It,Chicago,2023-07-09,Active,129247.0,40.0,3
EMP-001486,It,London,2023-04-14,Active,66521.0,20.0,3
EMP-001487,It,London,2021-02-27,Active,101057.0,40.0,5
EMP-001488,Sales,Remote,2019-03-18,On Leave,57331.0,40.0,1
EMP-001489,Sales,London,2015-11-02,Terminated,60308.0,40.0,3
EMP-001490,Sales,New York,2022-02-12,Active,65344.0,40.0,3
EMP-001491,Sales,Remote,2015-09-06,Active,92117.0,40.0,3
EMP-001492,It,San Francisco,2015-08-14,Active,48127.0,35.0,3
EMP-001493,It,Chicago,2019-11-02,Active,113749.0,40.0,2
EMP-001494,It,Remote,2016-06-10,Active,98447.0,40.0,2
EMP-001495,Marketing,San Francisco,2015-01-26,Active,91538.0,40.0,5
EMP-001496,Finance,London,2018-10-22,Active,67655.0,40.0,2
EMP-001497,Sales,London,2016-03-27,Active,95737.0,40.0,3
EMP-001498,Sales,Remote,2016-06-11,Active,2066.0,20.0,3
EMP-001499,Support,San Francisco,2015-09-10,Active,86023.0,40.0,3
EMP-001500,It,London,2016-11-05,Active,79003.0,20.0,3
EMP-001501,Support,London,2021-06-09,Active,27845.0,0.0,3
EMP-001502,Marketing,London,2022-04-12,Active,85156.0,35.0,3
EMP-001503,Marketing,London,2019-01-27,Active,89772.0,40.0,3
EMP-001504,Support,New York,2019-07-24,Active,28657.0,40.0,3
EMP-001505,It,London,2015-04-18,Active,45331.0,40.0,4
EMP-001506,Support,London,2015-08-16,Active,126610.0,40.0,4
EMP-001507,Sales,Chicago,2017-04-26,Active,70341.0,40.0,1
EMP-001508,It,London,2019-11-23,Active,99391.0,40.0,4
EMP-001509,Sales,San Francisco,2021-08-27,Active,103170.0,40.0,4
EMP-001510,Hr,Remote,2020-06-11,Active,84848.0,40.0,5
EMP-001511,It,Chicago,2018-07-12,Terminated,100431.0,40.0,3
EMP-001512,It,London,2016-01-24,Active,22178.0,40.0,4
EMP-001513,Finance,Remote,2022-01-10,Terminated,69237.0,40.0,4
EMP-001514,Sales,London,2018-04-10,Active,74928.5,40.0,1
EMP-001515,Hr,Remote,2021-08-16,Active,31348.0,40.0,4
EMP-001516,Marketing,London,2019-08-14,Terminated,61350.0,35.0,3
EMP-001517,It,Chicago,2021-08-24,Active,74928.5,40.0,4
EMP-001518,Support,San Francisco,2023-03-02,Active,76035.0,35.0,4
EMP-001519,Hr,Chicago,2023-04-16,Active,74484.0,40.0,1
EMP-001520,Finance,San Francisco,2019-10-25,Active,78344.0,20.0,2
EMP-001521,Marketing,San Francisco,2019-08-09,Active,79368.0,40.0,3
EMP-001522,Sales,London,2017-05-23,Active,83323.0,35.0,3
EMP-001523,Sales,New York,2023-06-03,Terminated,51024.0,40.0,3
EMP-001524,Finance,London,2019-02-14,Active,56880.0,20.0,3
EMP-001525,Finance,London,2016-02-24,Terminated,74078.0,40.0,4
EMP-001526,Support,Chicago,2018-11-23,Active,74466.0,40.0,2
EMP-001527,It,San Francisco,2016-02-22,Active,47952.0,40.0,3
EMP-001528,Sales,London,2019-07-10,Terminated,74928.5,40.0,3
EMP-001529,Marketing,London,2020-01-19,Active,93120.0,40.0,3
EMP-001530,Hr,Chicago,2018-01-15,Terminated,53507.0,40.0,2
EMP-001531,Marketing,Chicago,2015-08-24,Active,69791.0,20.0,4
EMP-001532,It,San Francisco,2023-06-29,Active,125238.0,40.0,1
EMP-001533,It,Remote,2021-12-17,Terminated,79014.0,40.0,3
EMP-001534,Finance,Remote,2022-07-20,Terminated,84892.0,30.0,3
EMP-001535,Support,London,2018-04-20,Active,59777.0,40.0,3
EMP-001536,It,London,2021-11-05,On Leave,74928.5,20.0,3
EMP-001537,Sales,Remote,2019-05-15,Terminated,74928.5,40.0,5
EMP-001538,Marketing,New York,2016-10-22,Active,77832.0,40.0,3
EMP-001539,Marketing,Remote,2016-02-13,Terminated,73227.0,40.0,4
EMP-001540,Finance,New York,2018-02-08,Terminated,74928.5,35.0,3
EMP-001541,It,New York,2016-03-28,Active,138635.0,20.0,3
EMP-001542,It,Remote,2023-12-26,Active,75995.0,40.0,2
EMP-001543,Hr,London,2015-06-11,Active,54248.0,40.0,4
EMP-001544,Finance,Remote,2018-12-21,Active,74928.5,0.0,3
EMP-001545,Sales,London,2019-01-26,Active,94519.0,40.0,3
EMP-001546,Hr,London,2017-09-15,Active,74928.5,40.0,3
EMP-001547,Sales,London,2020-02-22,Active,86265.0,40.0,5
EMP-001548,It,London,2016-05-07,Active,56905.0,20.0,4
EMP-001549,Finance,Remote,2022-01-20,Terminated,28531.0,40.0,3
EMP-001550,Sales,Remote,2017-12-28,Terminated,50498.0,40.0,4
EMP-001551,Finance,London,2020-04-27,Active,74928.5,40.0,3
EMP-001552,Finance,London,2021-06-10,Terminated,109879.0,40.0,3
EMP-001553,It,Remote,2023-01-01,Active,97833.0,40.0,4
EMP-001554,Hr,London,2022-07-10,Active,67658.0,40.0,3
EMP-001555,Hr,Remote,2020-06-22,Active,99305.0,40.0,2
EMP-001556,Finance,New York,2018-06-30,On Leave,66081.0,40.0,3
EMP-001557,It,Chicago,2019-07-13,Active,38337.0,40.0,4
EMP-001558,Support,New York,2021-12-01,Active,74928.5,40.0,3
EMP-001559,It,London,2022-11-24,Active,37352.0,40.0,4
EMP-001560,Support,London,2015-12-08,Terminated,94785.0,40.0,3
EMP-001561,Support,New York,2018-06-19,Terminated,95147.0,40.0,4
EMP-001562,Hr,Chicago,2021-12-26,Active,53001.0,40.0,4
EMP-001563,Hr,London,2018-11-19,Active,78640.0,40.0,3
EMP-001564,It,Remote,2017-12-28,Terminated,78401.0,35.0,1
EMP-001565,Support,Remote,2018-09-14,Terminated,96799.0,40.0,3
EMP-001566,Support,New York,2020-06-04,Active,43873.0,20.0,3
EMP-001567,Finance,Chicago,2023-12-31,Terminated,89987.0,35.0,1
EMP-001568,Hr,London,2019-06-09,Terminated,42081.0,40.0,3
EMP-001569,Support,San Francisco,2016-11-16,Active,94430.0,40.0,3
EMP-001570,Marketing,London,2016-06-19,Active,101567.0,40.0,3
EMP-001571,It,New York,2015-05-20,Active,58260.0,40.0,3
EMP-001572,Sales,Remote,2020-01-11,Terminated,105478.0,40.0,4
EMP-001573,Marketing,London,2019-11-26,Active,35649.0,40.0,5
EMP-001574,Marketing,Remote,2016-11-05,Active,102490.0,35.0,3
EMP-001575,Sales,Remote,2021-04-04,Terminated,110961.0,40.0,2
EMP-001576,It,Chicago,2021-09-02,Terminated,83645.0,40.0,3
EMP-001577,It,Chicago,2017-05-01,Active,70112.0,40.0,3
EMP-001578,It,New York,2018-02-05,Active,82810.0,40.0,3
EMP-001579,Marketing,San Francisco,2023-11-30,Active,59906.0,40.0,1
EMP-001580,Support,Remote,2018-05-15,Active,140616.0,40.0,4
EMP-001581,Hr,New York,2021-11-05,Terminated,60337.0,40.0,2
EMP-001582,It,San Francisco,2019-01-28,Active,107935.0,40.0,3
EMP-001583,Finance,London,2022-02-20,Active,56469.0,40.0,4
EMP-001584,Sales,Chicago,2021-12-02,Terminated,114920.0,20.0,4
EMP-001585,Marketing,Remote,2021-01-03,Active,125308.0,40.0,3
EMP-001586,It,London,2022-09-10,Active,84650.0,20.0,3
EMP-001587,Sales,London,2023-06-15,Active,82166.0,30.0,3
EMP-001588,Sales,Remote,2020-03-21,On Leave,51086.0,40.0,2
EMP-001589,It,Remote,2017-02-19,Active,48108.0,40.0,3
EMP-001590,Sales,Remote,2018-08-03,Active,82448.0,20.0,2
EMP-001591,Hr,Remote,2021-10-28,Active,111455.0,40.0,2
EMP-001592,Support,London,2020-11-09,Terminated,61295.0,40.0,2
EMP-001593,Hr,Remote,2016-08-07,Active,130198.0,30.0,3
EMP-001594,Hr,San Francisco,2015-06-18,Active,59746.0,20.0,4
EMP-001595,Hr,New York,2021-02-22,Terminated,80735.0,40.0,5
EMP-001596,Sales,Chicago,2017-04-05,Active,80800.0,0.0,3
EMP-001597,Hr,San Francisco,2019-07-01,Terminated,72462.0,0.0,3
EMP-001598,Finance,London,2021-09-20,Active,23904.0,40.0,3
EMP-001599,Sales,Remote,2020-01-24,On Leave,59523.0,40.0,4
EMP-001600,Finance,London,2015-10-01,Active,79991.0,40.0,2
EMP-001601,Sales,London,2016-09-02,Active,72600.0,40.0,3
EMP-001602,It,San Francisco,2016-12-21,Active,74928.5,40.0,4
EMP-001603,It,Chicago,2017-04-27,Active,74928.5,40.0,3
EMP-001604,Sales,London,2020-02-02,Active,68998.0,40.0,3
EMP-001605,Hr,Remote,2019-07-15,Active,50939.0,40.0,5
EMP-001606,It,New York,2016-10-29,Terminated,113708.0,35.0,3
EMP-001607,It,Remote,2015-08-11,Active,41113.0,40.0,3
EMP-001608,Sales,Chicago,2016-07-17,Active,60117.0,40.0,5
EMP-001609,Marketing,Remote,2023-11-10,Active,53751.0,40.0,4
EMP-001610,Support,Remote,2019-03-21,Active,93661.0,40.0,3
EMP-001611,Finance,Remote,2022-10-21,Active,107926.0,40.0,3
EMP-001612,Marketing,San Francisco,2022-08-21,Active,70658.0,40.0,5
EMP-001613,Sales,London,2019-08-09,Active,80744.0,20.0,3
EMP-001614,Sales,Chicago,2021-05-11,On Leave,85719.0,40.0,2
EMP-001615,Marketing,Chicago,2016-09-25,Active,120100.0,40.0,5
EMP-001616,Support,Remote,2021-03-12,Active,30661.0,40.0,3
EMP-001617,It,San Francisco,2017-06-14,Active,93606.0,0.0,3
EMP-001618,Sales,Remote,2022-06-27,On Leave,84413.0,40.0,3
EMP-001619,Marketing,Remote,2015-10-03,Active,65729.0,40.0,3
EMP-001620,Finance,Chicago,2021-12-16,Active,83156.0,40.0,3
EMP-001621,Finance,Remote,2015-11-25,Active,93521.0,40.0,3
EMP-001622,It,London,2022-12-06,Terminated,89579.0,40.0,4
EMP-001623,Marketing,Remote,2017-09-26,Active,128963.0,40.0,3
EMP-001624,Hr,London,2020-11-20,Active,78187.0,40.0,4
EMP-001625,Marketing,Chicago,2019-05-22,Active,75673.0,0.0,3
EMP-001626,It,San Francisco,2018-04-19,Active,70468.0,35.0,3
EMP-001627,Sales,Remote,2020-10-22,Active,88824.0,40.0,3
EMP-001628,Sales,London,2023-07-12,Active,74199.0,40.0,3
EMP-001629,It,San Francisco,2015-05-16,Terminated,75330.0,40.0,3
EMP-001630,Marketing,San Francisco,2023-04-09,Active,75446.0,40.0,3
EMP-001631,It,London,2020-06-25,On Leave,71635.0,40.0,3
EMP-001632,Support,Chicago,2022-04-07,Active,59783.0,40.0,3
EMP-001633,Sales,New York,2018-06-15,Active,85453.0,40.0,1
EMP-001634,It,San Francisco,2019-03-31,Active,67874.0,20.0,4
EMP-001635,Finance,San Francisco,2022-10-26,Active,90342.0,40.0,3
EMP-001636,It,Chicago,2018-09-25,Active,77769.0,35.0,3
EMP-001637,Sales,Chicago,2019-10-24,Terminated,65336.0,40.0,2
EMP-001638,Finance,Remote,2015-03-08,Terminated,114121.0,35.0,2
EMP-001639,Sales,Chicago,2016-06-05,Active,74928.5,0.0,3
EMP-001640,It,San Francisco,2020-10-10,Active,90571.0,40.0,3
EMP-001641,Hr,London,2021-06-14,Active,57500.0,40.0,3
EMP-001642,Sales,New York,2020-03-30,Active,24362.0,0.0,3
EMP-001643,Finance,London,2016-04-16,Active,60825.0,40.0,4
EMP-001644,It,Remote,2019-01-04,Active,21564.0,30.0,4
EMP-001645,Sales,London,2018-03-13,Active,69078.0,40.0,4
EMP-001646,Support,London,2019-06-18,Terminated,111716.0,40.0,3
EMP-001647,It,New York,2022-10-31,Terminated,52368.0,40.0,2
EMP-001648,Hr,New York,2021-12-25,Active,22349.0,40.0,2
EMP-001649,Sales,New York,2015-10-04,Terminated,112506.0,0.0,3
EMP-001650,It,Remote,2023-01-05,Active,74928.5,40.0,3
EMP-001651,Support,London,2019-03-31,Terminated,74607.0,40.0,4
EMP-001652,Marketing,Remote,2021-09-11,Active,94707.0,40.0,3
EMP-001653,It,Remote,2016-04-05,Terminated,88079.0,20.0,3
EMP-001654,It,New York,2021-01-13,Active,93763.0,40.0,3
EMP-001655,It,London,2017-02-15,Active,97511.0,40.0,5
EMP-001656,Support,Remote,2018-12-11,Terminated,31347.0,20.0,3
EMP-001657,It,New York,2015-02-25,Active,39641.0,40.0,3
EMP-001658,Support,Chicago,2016-05-13,Active,104279.0,40.0,3
EMP-001659,Sales,London,2015-10-30,Active,55457.0,40.0,2
EMP-001660,Sales,Remote,2017-02-27,Terminated,58184.0,40.0,2
EMP-001661,Support,London,2015-11-25,Active,43429.0,40.0,3
EMP-001662,Support,San Francisco,2021-03-24,Active,64876.0,40.0,5
EMP-001663,Hr,New York,2015-04-06,Active,66267.0,20.0,4
EMP-001664,Support,Chicago,2020-07-23,Active,51563.0,35.0,4
EMP-001665,Support,Remote,2016-04-07,Active,48673.0,40.0,4
EMP-001666,Marketing,London,2023-07-04,On Leave,74928.5,20.0,4
EMP-001667,Sales,Remote,2023-05-26,Active,54808.0,40.0,3
EMP-001668,Sales,London,2017-01-11,Active,59842.0,40.0,4
EMP-001669,It,Remote,2020-07-12,Active,20343.0,40.0,3
EMP-001670,Hr,London,2015-04-03,Active,123455.0,40.0,2
EMP-001671,Marketing,London,2023-05-21,Terminated,98546.0,40.0,1
EMP-001672,Finance,London,2019-09-16,Active,62630.0,40.0,3
EMP-001673,Sales,London,2015-05-23,Terminated,52523.0,30.0,3
EMP-001674,Sales,Remote,2018-01-30,Active,75272.0,40.0,2
EMP-001675,Sales,Remote,2015-09-10,Active,74587.0,40.0,3
EMP-001676,Finance,New York,2018-07-15,Active,43101.0,40.0,3
EMP-001677,It,New York,2021-01-11,On Leave,11237.0,40.0,4
EMP-001678,Support,Remote,2019-03-25,Terminated,74928.5,40.0,3
EMP-001679,Marketing,Remote,2018-06-15,Active,35916.0,40.0,4
EMP-001680,It,Chicago,2016-01-27,Active,79284.0,40.0,1
EMP-001681,Hr,London,2017-03-16,Active,79452.0,30.0,5
EMP-001682,It,London,2015-11-26,Terminated,50670.0,40.0,5
EMP-001683,Finance,London,2022-04-08,Terminated,61635.0,40.0,3
EMP-001684,Sales,Remote,2016-03-20,Terminated,119076.0,40.0,4
EMP-001685,It,London,2020-05-10,Active,94378.0,40.0,4
EMP-001686,Sales,San Francisco,2018-01-31,On Leave,63694.0,40.0,5
EMP-001687,Hr,London,2017-01-12,Terminated,132299.0,40.0,3
EMP-001688,Sales,London,2020-10-02,Active,45077.0,40.0,4
EMP-001689,Sales,London,2019-02-11,Active,54683.0,40.0,3
EMP-001690,Hr,New York,2018-08-08,Active,72237.0,20.0,3
EMP-001691,Marketing,London,2020-05-02,Terminated,36725.0,40.0,4
EMP-001692,Marketing,Chicago,2019-06-03,Active,119758.0,40.0,5
EMP-001693,Hr,Remote,2017-09-24,Active,79579.0,40.0,3
EMP-001694,It,Remote,2020-01-12,Terminated,55251.0,20.0,3
EMP-001695,Finance,New York,2021-01-09,Terminated,74928.5,40.0,3
EMP-001696,Sales,San Francisco,2015-03-29,Active,78651.0,20.0,4
EMP-001697,Sales,Remote,2019-03-12,Active,67384.0,40.0,4
EMP-001698,It,Remote,2015-07-09,Active,44787.0,20.0,4
EMP-001699,Sales,Chicago,2016-09-04,Active,39095.0,0.0,2
EMP-001700,Sales,New York,2020-01-17,Terminated,129670.0,40.0,4
EMP-001701,Finance,New York,2022-10-18,Active,41182.0,40.0,4
EMP-001702,Marketing,San Francisco,2022-12-11,Active,117449.0,40.0,2
EMP-001703,It,London,2015-08-18,Active,53881.0,40.0,3
EMP-001704,Support,Remote,2018-10-09,Terminated,94751.0,40.0,2
EMP-001705,Support,London,2020-03-31,Active,86636.0,20.0,3
EMP-001706,Sales,New York,2016-04-28,Active,91635.0,40.0,3
EMP-001707,Support,London,2021-11-20,Terminated,93300.0,20.0,3
EMP-001708,Marketing,Remote,2021-09-12,Terminated,34711.0,0.0,2
EMP-001709,Sales,Chicago,2023-02-17,Active,58091.0,40.0,3
EMP-001710,Marketing,Remote,2015-01-28,Terminated,40799.0,40.0,4
EMP-001711,Finance,San Francisco,2016-12-13,Active,79733.0,40.0,3
EMP-001712,Sales,Chicago,2022-06-11,Active,41916.0,40.0,5
EMP-001713,Finance,London,2021-01-13,Active,25474.0,40.0,4
EMP-001714,Finance,Remote,2023-01-18,Active,69063.0,35.0,4
EMP-001715,Marketing,San Francisco,2015-07-07,Active,19773.0,40.0,2
EMP-001716,Sales,Chicago,2020-05-16,Active,81468.0,35.0,5
EMP-001717,Sales,New York,2020-02-14,Terminated,43559.0,40.0,3
EMP-001718,Support,London,2015-04-28,Active,53986.0,20.0,3
EMP-001719,It,San Francisco,2019-08-15,Active,17990.0,40.0,3
EMP-001720,Sales,New York,2020-06-26,Active,116253.0,40.0,3
EMP-001721,Marketing,Remote,2016-09-20,Active,38427.0,40.0,4
EMP-001722,Support,London,2017-06-17,Active,65900.0,40.0,2
EMP-001723,It,Remote,2020-10-05,Active,30207.0,40.0,3
EMP-001724,It,New York,2019-03-20,Terminated,54108.0,40.0,3
EMP-001725,It,Chicago,2022-09-21,Active,118796.0,20.0,2
EMP-001726,Marketing,London,2018-01-30,Active,82437.0,20.0,3
EMP-001727,Hr,San Francisco,2017-05-26,Active,56909.0,35.0,3
EMP-001728,Sales,London,2023-11-12,Active,74146.0,40.0,3
EMP-001729,It,New York,2023-03-14,Terminated,60986.0,40.0,3
EMP-001730,Marketing,Remote,2015-04-06,Active,72689.0,40.0,2
EMP-001731,Marketing,London,2021-12-08,Active,93597.0,40.0,4
EMP-001732,Support,San Francisco,2015-12-29,Terminated,66723.0,40.0,3
EMP-001733,It,San Francisco,2015-04-01,Active,80500.0,40.0,4
EMP-001734,Hr,New York,2017-06-18,Active,80912.0,40.0,4
EMP-001735,Sales,Remote,2017-06-04,Terminated,66846.0,40.0,3
EMP-001736,Sales,Remote,2022-05-17,On Leave,56602.0,40.0,3
EMP-001737,Finance,London,2021-05-24,Active,61870.0,40.0,2
EMP-001738,It,Remote,2023-11-01,Active,92480.0,40.0,3
EMP-001739,It,London,2021-05-27,Terminated,94560.0,40.0,5
EMP-001740,Support,New York,2018-10-06,Active,46555.0,40.0,3
EMP-001741,Sales,London,2021-04-16,Active,68475.0,40.0,3
EMP-001742,It,London,2023-12-30,Active,56177.0,40.0,3
EMP-001743,It,Remote,2021-05-23,Active,94999.0,40.0,4
EMP-001744,Support,London,2021-11-08,Active,63220.0,35.0,4
EMP-001745,Marketing,San Francisco,2023-06-12,Active,130023.0,40.0,3
EMP-001746,It,London,2016-01-09,Terminated,80447.0,40.0,4
EMP-001747,Hr,Remote,2021-05-05,Active,104550.0,40.0,3
EMP-001748,Sales,Chicago,2022-08-28,Active,49635.0,40.0,4
EMP-001749,It,Remote,2023-08-04,Active,75293.0,40.0,4
EMP-001750,It,Remote,2016-11-24,Terminated,90404.0,40.0,2
EMP-001751,Hr,Remote,2019-07-15,Active,49167.0,40.0,3
EMP-001752,Sales,London,2021-02-14,Active,75509.0,40.0,4
EMP-001753,It,London,2017-03-24,Active,101296.0,40.0,4
EMP-001754,It,London,2020-05-27,Active,66814.0,40.0,2
EMP-001755,Finance,London,2017-04-26,Active,53706.0,40.0,3
EMP-001756,Sales,New York,2018-01-01,Active,120074.0,40.0,4
EMP-001757,Sales,San Francisco,2018-12-22,Active,45706.0,40.0,4
EMP-001758,Sales,Chicago,2019-10-06,Terminated,78897.0,40.0,3
EMP-001759,It,New York,2019-01-17,Active,57293.0,40.0,3
EMP-001760,Support,New York,2019-06-10,Active,51579.0,40.0,3
EMP-001761,Sales,Remote,2017-09-08,Active,93541.0,40.0,4
EMP-001762,It,London,2016-06-06,Active,69862.0,0.0,4
EMP-001763,Support,Remote,2015-06-05,Active,85147.0,40.0,3
EMP-001764,It,Remote,2016-10-06,Active,18621.0,40.0,3
EMP-001765,Finance,Remote,2020-03-27,Active,87578.0,40.0,3
EMP-001766,Sales,London,2022-01-27,Active,56985.0,35.0,1
EMP-001767,Marketing,Remote,2016-07-10,Terminated,28029.0,40.0,4
EMP-001768,Sales,Remote,2015-12-23,Terminated,122118.0,40.0,4
EMP-001769,It,New York,2021-09-28,Terminated,90025.0,40.0,1
EMP-001770,Finance,San Francisco,2017-09-30,Active,80682.0,40.0,3
EMP-001771,Support,London,2023-07-25,Active,106235.0,40.0,4
EMP-001772,Support,London,2021-06-05,Active,81189.0,40.0,3
EMP-001773,Sales,Chicago,2017-12-10,Active,55035.0,40.0,3
EMP-001774,Hr,Chicago,2017-08-09,Active,70626.0,35.0,3
EMP-001775,It,New York,2019-09-18,Active,58041.0,40.0,4
EMP-001776,Sales,Remote,2015-09-18,Active,62491.0,40.0,4
EMP-001777,It,Remote,2016-01-22,Active,43557.0,20.0,3
EMP-001778,Support,Remote,2016-08-01,Active,50749.0,40.0,2
EMP-001779,Sales,New York,2021-12-21,Active,97365.0,40.0,3
EMP-001780,Sales,Remote,2019-08-17,Active,83302.0,40.0,2
EMP-001781,Marketing,Remote,2015-02-04,Active,62425.0,35.0,4
EMP-001782,Sales,Chicago,2021-01-22,Active,49299.0,40.0,3
EMP-001783,Sales,Remote,2018-10-24,Terminated,64865.0,40.0,3
EMP-001784,Marketing,London,2019-08-07,Active,32904.0,40.0,4
EMP-001785,Support,Remote,2016-12-04,Active,78166.0,40.0,3
EMP-001786,Sales,Chicago,2019-12-19,Active,98637.0,0.0,3
EMP-001787,Hr,London,2023-10-24,Terminated,134174.0,40.0,3
EMP-001788,Hr,Remote,2015-08-30,Terminated,47419.0,30.0,3
EMP-001789,Finance,London,2017-07-22,Active,97595.0,35.0,4
EMP-001790,Marketing,San Francisco,2017-03-09,Active,57320.0,40.0,3
EMP-001791,Finance,Remote,2017-03-27,Active,46789.0,0.0,4
EMP-001792,Marketing,London,2018-05-29,Active,46778.0,30.0,5
EMP-001793,It,London,2022-05-13,Active,78518.0,40.0,3
EMP-001794,It,Chicago,2023-03-20,Active,51730.0,40.0,4
EMP-001795,Sales,London,2016-10-26,Active,59829.0,40.0,3
EMP-001796,It,San Francisco,2019-11-20,Terminated,63990.0,40.0,5
EMP-001797,It,London,2020-09-24,Active,56501.0,40.0,3
EMP-001798,It,London,2019-09-12,Terminated,54685.0,40.0,4
EMP-001799,It,London,2018-11-27,Terminated,14271.0,40.0,3
EMP-001800,Sales,London,2016-09-23,Active,74928.5,30.0,2
EMP-001801,It,London,2019-05-24,Terminated,76692.0,40.0,4
EMP-001802,Finance,New York,2018-08-11,Active,55066.0,40.0,3
EMP-001803,Support,Remote,2022-02-28,Active,84010.0,40.0,3
EMP-001804,Sales,Chicago,2021-11-14,Terminated,74928.5,20.0,4
EMP-001805,Finance,San Francisco,2016-03-16,Active,75589.0,40.0,3
EMP-001806,Support,Chicago,2015-10-18,Active,108256.0,30.0,3
EMP-001807,Hr,New York,2023-03-05,Active,130953.0,40.0,3
EMP-001808,Finance,New York,2019-10-27,Active,138263.0,40.0,4
EMP-001809,Hr,London,2022-09-20,Active,45294.0,40.0,3
EMP-001810,It,New York,2015-07-11,Active,45423.0,40.0,3
EMP-001811,It,Remote,2019-09-27,Active,63889.0,40.0,3
EMP-001812,Sales,New York,2019-11-09,Active,78218.0,40.0,3
EMP-001813,It,London,2022-09-30,On Leave,114666.0,40.0,4
EMP-001814,Finance,Chicago,2015-11-17,Active,90681.0,40.0,5
EMP-001815,Hr,Remote,2017-03-01,Active,44918.0,40.0,3
EMP-001816,Support,San Francisco,2018-08-29,Active,59709.0,40.0,4
EMP-001817,It,New York,2022-10-17,Active,73950.0,40.0,5
EMP-001818,It,Chicago,2023-06-14,Active,37771.0,40.0,3
EMP-001819,It,London,2023-12-08,Active,75342.0,40.0,3
EMP-001820,Support,New York,2023-08-19,Active,45289.0,35.0,5
EMP-001821,It,Remote,2015-01-20,Terminated,33732.0,40.0,3
EMP-001822,It,New York,2015-06-06,Active,51325.0,40.0,3
EMP-001823,Hr,New York,2016-04-30,Active,85276.0,40.0,4
EMP-001824,Hr,New York,2018-02-20,Active,85103.0,20.0,3
EMP-001825,Finance,London,2022-06-20,Active,77416.0,40.0,3
EMP-001826,Finance,New York,2023-01-13,Active,99790.0,40.0,3
EMP-001827,Marketing,San Francisco,2016-09-06,Active,97140.0,40.0,4
EMP-001828,Sales,Chicago,2020-07-29,Active,80110.0,40.0,2
EMP-001829,Marketing,Remote,2023-04-04,Terminated,76660.0,40.0,3
EMP-001830,Sales,New York,2019-03-05,Active,74928.5,40.0,3
EMP-001831,It,New York,2015-12-07,Terminated,71309.0,40.0,2
EMP-001832,Finance,New York,2019-02-13,Terminated,20641.0,40.0,5
EMP-001833,Hr,New York,2018-05-20,Active,103387.0,40.0,3
EMP-001834,Support,London,2020-03-13,Active,84938.0,40.0,3
EMP-001835,Hr,London,2018-12-12,Active,44592.0,40.0,2
EMP-001836,It,Remote,2015-02-27,Active,110695.0,40.0,3
EMP-001837,Marketing,New York,2023-12-12,Active,60251.0,40.0,3
EMP-001838,Hr,Remote,2019-11-22,Active,74928.5,40.0,4
EMP-001839,Sales,San Francisco,2019-04-06,On Leave,100589.0,40.0,3
EMP-001840,Sales,Remote,2023-08-04,Terminated,80503.0,40.0,3
EMP-001841,It,Chicago,2016-05-27,Active,108384.0,40.0,3
EMP-001842,Marketing,London,2016-09-14,Active,74928.5,35.0,4
EMP-001843,Sales,London,2022-04-09,Active,117279.0,40.0,4
EMP-001844,Support,New York,2017-05-07,Terminated,55555.0,40.0,3
EMP-001845,Marketing,New York,2022-03-12,On Leave,107941.0,40.0,3
EMP-001846,It,San Francisco,2017-06-11,Active,18372.0,40.0,2
EMP-001847,Sales,Remote,2015-04-20,Active,47495.0,40.0,4
EMP-001848,Sales,San Francisco,2019-08-27,Active,74928.5,40.0,3
EMP-001849,Sales,Chicago,2016-10-08,Terminated,64989.0,40.0,2
EMP-001850,It,New York,2021-10-27,Active,73131.0,40.0,3
EMP-001851,Support,New York,2020-10-08,Active,74928.5,40.0,2
EMP-001852,Sales,San Francisco,2023-04-24,Active,45227.0,40.0,4
EMP-001853,Marketing,San Francisco,2022-01-17,Active,47102.0,35.0,3
EMP-001854,Sales,San Francisco,2016-08-17,Active,74928.5,40.0,3
EMP-001855,Sales,London,2022-03-15,Terminated,58342.0,20.0,5
EMP-001856,It,Remote,2020-10-10,Active,108526.0,40.0,3
EMP-001857,Finance,Remote,2021-01-07,Active,74928.5,35.0,3
EMP-001858,Sales,New York,2022-06-28,Active,92969.0,40.0,3
EMP-001859,It,London,2020-03-01,Active,86071.0,30.0,5
EMP-001860,Sales,San Francisco,2019-03-12,Active,59971.0,40.0,5
EMP-001861,Marketing,New York,2020-09-23,Terminated,25492.0,40.0,3
EMP-001862,Marketing,London,2017-09-06,Terminated,104624.0,30.0,4
EMP-001863,Support,Chicago,2016-08-23,Active,50527.0,30.0,3
EMP-001864,Marketing,Remote,2020-07-19,Active,64906.0,40.0,3
EMP-001865,Hr,London,2017-02-07,Active,71229.0,30.0,3
EMP-001866,It,London,2015-09-20,Active,74928.5,40.0,3
EMP-001867,It,New York,2015-01-02,Active,74928.5,40.0,4
EMP-001868,Finance,Remote,2020-06-22,Active,75146.0,0.0,4
EMP-001869,Finance,London,2018-04-05,Active,71816.0,40.0,3
EMP-001870,It,San Francisco,2021-10-08,Terminated,74928.5,40.0,4
EMP-001871,It,Remote,2018-05-18,Active,90016.0,40.0,3
EMP-001872,Finance,Chicago,2019-05-17,Active,56611.0,20.0,4
EMP-001873,Support,Remote,2018-08-31,Active,46321.0,40.0,4
EMP-001874,Marketing,Remote,2020-11-08,Terminated,54408.0,40.0,4
EMP-001875,It,London,2018-03-16,Active,73770.0,40.0,1
EMP-001876,Sales,New York,2023-09-03,Active,43849.0,40.0,4
EMP-001877,Finance,New York,2023-06-05,Active,77269.0,40.0,4
EMP-001878,It,Remote,2022-08-19,Active,71770.0,40.0,4
EMP-001879,Hr,San Francisco,2023-04-14,Terminated,11437.0,40.0,4
EMP-001880,Sales,New York,2019-01-16,Active,39846.0,30.0,4
EMP-001881,Marketing,Remote,2019-10-30,Active,2856.0,20.0,3
EMP-001882,It,New York,2021-09-05,Terminated,66402.0,20.0,1
EMP-001883,Sales,San Francisco,2021-04-07,Active,101850.0,40.0,3
EMP-001884,Finance,Chicago,2023-01-06,Active,27734.0,40.0,3
EMP-001885,Sales,London,2021-06-12,Terminated,41943.0,30.0,3
EMP-001886,Marketing,Remote,2023-12-25,Active,70907.0,30.0,3
EMP-001887,It,Remote,2018-02-19,Active,48406.0,40.0,5
EMP-001888,Hr,Remote,2022-07-01,On Leave,48283.0,40.0,4
EMP-001889,It,Remote,2021-04-12,Active,88540.0,20.0,3
EMP-001890,Finance,London,2021-03-22,Active,62628.0,40.0,2
EMP-001891,It,Chicago,2017-12-07,Terminated,37832.0,30.0,4
EMP-001892,Marketing,London,2022-01-26,Terminated,22807.0,40.0,4
EMP-001893,Finance,London,2023-02-07,On Leave,130210.0,40.0,3
EMP-001894,Support,Remote,2016-12-19,Active,103208.0,40.0,1
EMP-001895,Sales,San Francisco,2020-08-18,Terminated,63709.0,40.0,4
EMP-001896,It,Remote,2018-07-12,Terminated,77196.0,40.0,4
EMP-001897,Marketing,London,2023-11-27,Active,62787.0,40.0,5
EMP-001898,Support,New York,2019-04-23,Terminated,87761.0,40.0,3
EMP-001899,Sales,Remote,2017-01-20,Active,53645.0,40.0,4
EMP-001900,It,Chicago,2018-06-09,Active,61421.0,40.0,4
EMP-001901,Hr,Remote,2020-11-19,Active,86385.0,40.0,3
EMP-001902,Finance,Chicago,2015-09-08,Active,111346.0,40.0,3
EMP-001903,Sales,Chicago,2020-06-07,Active,93535.0,20.0,3
EMP-001904,Finance,Remote,2023-05-19,Active,105848.0,40.0,1
EMP-001905,It,Chicago,2022-08-27,Active,67190.0,40.0,4
EMP-001906,It,London,2015-08-11,Active,59425.0,40.0,5
EMP-001907,Finance,London,2023-12-10,Active,26540.0,40.0,3
EMP-001908,Sales,San Francisco,2021-04-15,Terminated,76805.0,40.0,3
EMP-001909,It,Remote,2016-06-17,On Leave,84476.0,40.0,3
EMP-001910,Finance,San Francisco,2015-02-10,Terminated,67500.0,30.0,3
EMP-001911,Hr,London,2016-07-17,Active,74928.5,40.0,2
EMP-001912,Marketing,New York,2022-07-18,Terminated,106085.0,40.0,3
EMP-001913,It,London,2015-03-13,Active,90795.0,40.0,3
EMP-001914,Marketing,Remote,2017-02-05,Active,74928.5,40.0,4
EMP-001915,Sales,San Francisco,2021-10-25,Terminated,74928.5,40.0,3
EMP-001916,It,San Francisco,2020-04-10,Active,57294.0,20.0,3
EMP-001917,Hr,Remote,2022-01-16,Terminated,105079.0,40.0,3
EMP-001918,Marketing,Remote,2021-09-18,Active,73816.0,35.0,4
EMP-001919,Support,London,2015-06-16,Active,60772.0,20.0,2
EMP-001920,Sales,London,2023-01-12,On Leave,62512.0,40.0,4
EMP-001921,Support,New York,2017-01-16,Active,74723.0,40.0,5
EMP-001922,Finance,Chicago,2019-12-25,Terminated,100074.0,40.0,4
EMP-001923,Hr,Remote,2020-10-18,Terminated,70987.0,40.0,2
EMP-001924,Support,Remote,2016-07-08,Active,94763.0,40.0,4
EMP-001925,It,Remote,2023-10-14,Active,86684.0,40.0,4
EMP-001926,Finance,New York,2019-05-24,Active,53042.0,40.0,4
EMP-001927,Finance,Remote,2015-07-09,Active,53022.0,40.0,3
EMP-001928,Support,Remote,2023-06-08,Active,63743.0,40.0,4
EMP-001929,Sales,Chicago,2020-04-11,Active,41579.0,40.0,3
EMP-001930,Support,Remote,2021-04-17,Active,62147.0,0.0,3
EMP-001931,Sales,Remote,2019-09-23,On Leave,112836.0,20.0,3
EMP-001932,Hr,Remote,2022-07-06,Terminated,74215.0,40.0,4
EMP-001933,Sales,Chicago,2015-04-19,Active,55839.0,20.0,4
EMP-001934,Support,Remote,2017-06-01,Active,122894.0,40.0,4
EMP-001935,It,New York,2019-03-24,Terminated,51735.0,40.0,3
EMP-001936,Sales,Remote,2015-09-09,Active,50953.0,35.0,4
EMP-001937,Support,San Francisco,2021-05-09,Terminated,105737.0,40.0,3
EMP-001938,Marketing,Chicago,2018-07-17,Active,91533.0,40.0,3
EMP-001939,It,London,2017-06-15,Active,71749.0,40.0,5
EMP-001940,It,New York,2015-01-12,Terminated,74928.5,35.0,3
EMP-001941,It,San Francisco,2021-06-24,Active,82515.0,40.0,4
EMP-001942,Sales,Remote,2022-07-03,Terminated,45345.0,40.0,5
EMP-001943,Marketing,London,2018-07-22,Active,15060.0,30.0,3
EMP-001944,Marketing,New York,2020-01-29,Active,60816.0,40.0,4
EMP-001945,Finance,Chicago,2017-01-18,Terminated,102123.0,40.0,2
EMP-001946,Sales,London,2020-08-07,Terminated,64288.0,40.0,1
EMP-001947,Sales,Remote,2015-02-09,Active,86502.0,40.0,4
EMP-001948,It,London,2019-05-26,Active,79612.0,40.0,5
EMP-001949,Hr,London,2020-10-18,Terminated,32662.0,0.0,1
EMP-001950,It,London,2023-04-07,Terminated,64840.0,40.0,4
EMP-001951,Hr,San Francisco,2018-06-07,Terminated,74928.5,40.0,4
EMP-001952,Support,New York,2021-11-20,On Leave,55321.0,40.0,4
EMP-001953,Support,San Francisco,2020-05-18,Terminated,65937.0,30.0,3
EMP-001954,Hr,San Francisco,2023-05-06,Terminated,84794.0,30.0,3
EMP-001955,Support,Remote,2018-08-02,Active,76816.0,30.0,3
EMP-001956,Sales,Chicago,2017-11-14,Active,101173.0,0.0,3
EMP-001957,Marketing,London,2022-12-26,Active,84592.0,40.0,5
EMP-001958,Support,New York,2015-06-11,Terminated,51104.0,40.0,4
EMP-001959,Finance,Remote,2016-03-24,Terminated,63061.0,20.0,3
EMP-001960,Support,Chicago,2015-09-28,Active,75507.0,40.0,4
EMP-001961,It,Chicago,2022-08-03,Active,108460.0,20.0,4
EMP-001962,Sales,New York,2015-02-04,Active,63162.0,40.0,4
EMP-001963,It,Chicago,2022-10-03,Active,31686.0,40.0,2
EMP-001964,It,Remote,2019-01-23,Active,86014.0,20.0,3
EMP-001965,Finance,Chicago,2015-01-14,Active,56110.0,40.0,3
EMP-001966,Sales,Remote,2018-08-13,Active,42867.0,20.0,3
EMP-001967,Sales,London,2016-09-06,Active,75470.0,40.0,4
EMP-001968,Sales,London,2020-08-14,Active,99322.0,40.0,4
EMP-001969,Sales,San Francisco,2021-02-11,Active,60653.0,40.0,3
EMP-001970,Sales,Remote,2019-05-22,Terminated,87414.0,40.0,3
EMP-001971,Sales,Remote,2015-05-14,On Leave,92048.0,40.0,4
EMP-001972,Finance,London,2020-11-26,Active,94795.0,40.0,1
EMP-001973,Support,Chicago,2022-07-30,Terminated,56693.0,40.0,4
EMP-001974,Sales,New York,2021-06-25,Active,46973.0,40.0,2
EMP-001975,It,New York,2022-06-21,Active,50381.0,20.0,3
EMP-001976,Sales,London,2016-10-21,Active,94774.0,20.0,4
EMP-001977,It,Remote,2022-12-31,Active,91685.0,40.0,3
EMP-001978,Support,Remote,2017-11-25,Active,51071.0,40.0,3
EMP-001979,Support,San Francisco,2015-02-14,Active,128316.0,40.0,3
EMP-001980,It,Chicago,2022-08-04,Terminated,48091.0,40.0,4
EMP-001981,Finance,Remote,2023-06-23,Active,99987.0,40.0,3
EMP-001982,Hr,London,2020-11-24,Active,112992.0,40.0,3
EMP-001983,Hr,New York,2017-01-30,Active,77744.0,40.0,3
EMP-001984,Support,Remote,2017-04-07,Active,55757.0,40.0,3
EMP-001985,Marketing,Chicago,2019-03-14,Active,74928.5,30.0,1
EMP-001986,Marketing,Remote,2023-01-30,Active,68448.0,40.0,4
EMP-001987,It,Remote,2016-05-06,Terminated,102022.0,40.0,3
EMP-001988,Hr,London,2022-06-07,Terminated,45003.0,40.0,5
EMP-001989,Support,Chicago,2017-08-15,Active,29031.0,20.0,3
EMP-001990,Finance,London,2022-04-11,Active,84051.0,40.0,4
EMP-001991,Hr,London,2023-04-13,Active,89540.0,40.0,3
EMP-001992,Support,London,2018-11-06,Active,124199.0,40.0,3
EMP-001993,Support,London,2018-04-14,Active,40442.0,40.0,3
EMP-001994,Sales,Remote,2022-03-21,Active,71630.0,40.0,3
EMP-001995,Finance,London,2019-10-07,Active,104046.0,40.0,3
EMP-001996,Sales,New York,2021-02-27,On Leave,74928.5,40.0,3
EMP-001997,It,Remote,2020-08-09,Active,70114.0,40.0,3
EMP-001998,Sales,Remote,2016-05-17,Terminated,94748.0,40.0,3
EMP-001999,It,New York,2022-08-08,Active,60015.0,40.0,2
EMP-002000,Sales,Remote,2016-10-05,On Leave,96285.0,40.0,3
EMP-002001,It,London,2023-05-23,Active,43661.0,40.0,3
EMP-002002,Hr,London,2017-04-03,Active,37014.0,20.0,4
EMP-002003,Marketing,Chicago,2021-08-09,Active,68160.0,40.0,3
EMP-002004,Sales,Remote,2017-07-24,Active,10918.0,40.0,3
EMP-002005,Sales,Remote,2017-11-10,Active,77117.0,40.0,3
EMP-002006,Support,London,2017-10-15,Terminated,31686.0,40.0,5
EMP-002007,Sales,Remote,2021-09-24,Terminated,82061.0,0.0,3
EMP-002008,It,San Francisco,2020-01-05,Active,79636.0,0.0,4
EMP-002009,Finance,Chicago,2022-12-12,Active,73301.0,40.0,5
EMP-002010,Sales,Remote,2017-10-07,Active,85910.0,35.0,3
EMP-002011,It,Remote,2021-03-24,Terminated,80105.0,40.0,3
EMP-002012,Finance,New York,2021-10-10,Terminated,67675.0,35.0,4
EMP-002013,Marketing,Remote,2016-05-12,Active,120775.0,40.0,3
EMP-002014,Sales,London,2018-08-09,Terminated,84833.0,40.0,3
EMP-002015,Marketing,Remote,2019-05-07,Terminated,94298.0,40.0,3
EMP-002016,Sales,Remote,2018-03-15,Active,101827.0,40.0,5
EMP-002017,Sales,New York,2017-11-24,Active,91704.0,40.0,3
EMP-002018,It,New York,2021-03-06,Terminated,126571.0,40.0,3
EMP-002019,Sales,London,2016-12-10,On Leave,79150.0,40.0,3
EMP-002020,Hr,New York,2021-05-20,Active,74826.0,40.0,3
EMP-002021,It,London,2023-06-01,Terminated,58761.0,40.0,3
EMP-002022,Support,San Francisco,2020-02-01,Active,68593.0,20.0,1
EMP-002023,It,London,2020-07-02,Active,56719.0,40.0,3
EMP-002024,Sales,Remote,2015-08-15,Active,91930.0,20.0,3
EMP-002025,Finance,Remote,2022-10-12,Active,52192.0,40.0,4
EMP-002026,It,Remote,2017-07-27,Active,76845.0,40.0,3
EMP-002027,It,Chicago,2020-07-14,Active,88989.0,40.0,3
EMP-002028,Sales,Remote,2023-10-24,Active,78758.0,40.0,3
EMP-002029,It,San Francisco,2020-05-11,Active,52602.0,40.0,5
EMP-002030,Sales,Remote,2021-07-10,On Leave,92474.0,40.0,3
EMP-002031,It,San Francisco,2019-01-03,Active,72867.0,40.0,3
EMP-002032,Sales,Remote,2015-07-18,Terminated,3182.0,40.0,3
EMP-002033,It,London,2022-03-06,Active,50416.0,20.0,3
EMP-002034,It,London,2015-04-26,Active,110028.0,40.0,3
EMP-002035,Finance,New York,2021-04-22,Terminated,112108.0,35.0,3
EMP-002036,Marketing,New York,2015-03-17,Active,88153.0,40.0,4
EMP-002037,It,London,2022-10-05,Active,94602.0,40.0,3
EMP-002038,It,London,2016-06-02,Active,74928.5,35.0,5
EMP-002039,Marketing,San Francisco,2019-08-18,Terminated,68496.0,40.0,2
EMP-002040,It,London,2020-05-16,Active,105884.0,40.0,3
EMP-002041,Finance,Chicago,2019-02-12,Active,85648.0,40.0,3
EMP-002042,It,San Francisco,2018-01-25,Active,76624.0,40.0,3
EMP-002043,Sales,New York,2019-03-18,Terminated,70330.0,40.0,3
EMP-002044,Support,Chicago,2017-10-20,Active,104362.0,40.0,3
EMP-002045,Sales,Remote,2018-12-11,Active,103051.0,40.0,3
EMP-002046,Sales,Chicago,2018-03-25,Active,91242.0,40.0,3
EMP-002047,It,San Francisco,2020-02-05,Active,76657.0,40.0,4
EMP-002048,Support,London,2017-02-21,Active,66081.0,40.0,3
EMP-002049,It,Remote,2023-11-24,Active,92325.0,35.0,3
EMP-002050,Finance,San Francisco,2019-07-05,Active,47452.0,30.0,4
EMP-002051,It,Remote,2016-09-30,Terminated,52636.0,40.0,2
EMP-002052,It,Chicago,2019-04-18,Active,38723.0,40.0,3
EMP-002053,Marketing,New York,2022-10-18,Active,105881.0,40.0,3
EMP-002054,Hr,San Francisco,2015-03-13,Active,56983.0,40.0,3
EMP-002055,It,London,2021-02-11,Active,85100.0,20.0,3
EMP-002056,Support,London,2019-12-07,Active,71861.0,40.0,4
EMP-002057,It,Chicago,2016-07-11,Active,147438.0,20.0,3
EMP-002058,Support,San Francisco,2022-05-11,Active,86048.0,40.0,4
EMP-002059,It,London,2018-04-27,Active,28446.0,40.0,3
EMP-002060,It,San Francisco,2017-08-23,Active,104386.0,40.0,4
EMP-002061,Sales,Chicago,2022-06-15,Active,65321.0,40.0,3
EMP-002062,Marketing,San Francisco,2020-09-29,Active,69977.0,40.0,3
EMP-002063,It,Remote,2023-01-31,Active,58187.0,40.0,4
EMP-002064,Sales,Chicago,2020-09-01,Active,79890.0,40.0,4
EMP-002065,Support,San Francisco,2021-09-01,Terminated,79563.0,40.0,3
EMP-002066,Hr,London,2022-07-12,Terminated,58863.0,20.0,3
EMP-002067,Hr,New York,2015-06-29,Active,62296.0,40.0,5
EMP-002068,Finance,San Francisco,2021-12-25,Terminated,77532.0,20.0,2
EMP-002069,It,Remote,2020-07-10,Terminated,74928.5,40.0,3
EMP-002070,Support,London,2015-08-17,Active,38963.0,40.0,4
EMP-002071,Finance,London,2019-07-30,Active,116750.0,30.0,3
EMP-002072,Support,London,2015-09-29,Terminated,74928.5,40.0,3
EMP-002073,Sales,London,2021-08-16,Active,61877.0,20.0,2
EMP-002074,It,London,2019-12-02,Active,32598.0,40.0,4
EMP-002075,It,New York,2023-08-01,Active,73592.0,40.0,5
EMP-002076,It,Remote,2016-08-24,Terminated,99630.0,20.0,5
EMP-002077,Hr,Chicago,2020-06-15,Active,140980.0,40.0,2
EMP-002078,It,London,2016-11-26,Active,122301.0,30.0,3
EMP-002079,It,London,2020-07-11,Terminated,52827.0,40.0,3
EMP-002080,Sales,Remote,2021-07-03,Active,62605.0,40.0,3
EMP-002081,Sales,San Francisco,2021-07-02,Active,38213.0,40.0,3
EMP-002082,Hr,New York,2022-05-03,Active,53959.0,0.0,4
EMP-002083,Finance,Remote,2022-09-06,Active,69679.0,20.0,2
EMP-002084,Marketing,Remote,2015-09-11,Terminated,65822.0,40.0,1
EMP-002085,Sales,Chicago,2018-02-02,Active,74928.5,40.0,5
EMP-002086,Finance,Remote,2021-03-08,Terminated,42116.0,40.0,3
EMP-002087,It,Chicago,2019-06-27,Active,73873.0,30.0,2
EMP-002088,Sales,New York,2016-09-18,Active,23414.0,30.0,3
EMP-002089,Sales,New York,2019-12-22,Active,83272.0,40.0,4
EMP-002090,Finance,San Francisco,2018-09-01,Active,41457.0,40.0,4
EMP-002091,It,Chicago,2018-07-06,On Leave,102566.0,40.0,3
EMP-002092,Hr,Chicago,2022-04-15,Active,67724.0,40.0,3
EMP-002093,Marketing,London,2018-09-01,Terminated,39950.0,40.0,3
EMP-002094,It,London,2015-03-28,Active,22432.0,40.0,3
EMP-002095,It,San Francisco,2015-07-10,Active,50534.0,40.0,5
EMP-002096,Support,New York,2022-09-15,Active,80985.0,40.0,3
EMP-002097,It,Remote,2023-08-24,Terminated,74928.5,40.0,3
EMP-002098,It,London,2021-03-12,Active,62539.0,0.0,3
EMP-002099,Marketing,Remote,2018-04-12,Terminated,98145.0,40.0,3
EMP-002100,Support,New York,2023-06-13,Terminated,74928.5,40.0,3
EMP-002101,It,Remote,2020-12-18,Active,1824.0,40.0,5
EMP-002102,Finance,Remote,2022-08-07,Active,82064.0,40.0,4
EMP-002103,Finance,London,2021-11-22,Active,107252.0,40.0,3
EMP-002104,It,Chicago,2018-05-31,Active,107483.0,20.0,4
EMP-002105,Sales,New York,2019-04-23,Active,42505.0,20.0,2
EMP-002106,Sales,London,2016-09-03,Active,61383.0,40.0,5
EMP-002107,Support,San Francisco,2017-08-17,Active,74928.5,40.0,3
EMP-002108,Support,Chicago,2022-01-01,Terminated,59322.0,35.0,3
EMP-002109,It,Chicago,2023-01-17,Terminated,77635.0,40.0,1
EMP-002110,Marketing,Remote,2021-07-09,Active,57089.0,40.0,3
EMP-002111,Hr,London,2019-03-10,On Leave,47765.0,40.0,5
EMP-002112,Finance,Chicago,2015-10-12,Active,52591.0,40.0,3
EMP-002113,Marketing,London,2015-07-07,Active,98893.0,40.0,3
EMP-002114,Sales,New York,2018-05-15,Terminated,75345.0,40.0,3
EMP-002115,Finance,London,2019-03-05,Active,106797.0,40.0,3
EMP-002116,Marketing,Remote,2020-06-25,Active,88011.0,40.0,4
EMP-002117,Finance,Remote,2015-01-22,Active,115162.0,40.0,3
EMP-002118,Hr,Remote,2023-11-28,On Leave,95452.0,40.0,5
EMP-002119,Sales,New York,2018-04-11,Active,93984.0,20.0,3
EMP-002120,Sales,Chicago,2022-08-19,Active,71988.0,40.0,3
EMP-002121,Sales,London,2019-10-25,Active,150230.0,0.0,5
EMP-002122,Hr,London,2016-03-04,Terminated,77817.0,40.0,3
EMP-002123,It,San Francisco,2022-03-06,Active,25664.0,30.0,4
EMP-002124,Sales,Remote,2021-05-22,Active,81701.0,30.0,3
EMP-002125,It,New York,2019-09-30,Active,50443.0,40.0,3
EMP-002126,Marketing,San Francisco,2019-08-19,Active,100426.0,40.0,5
EMP-002127,Sales,Chicago,2015-10-15,Terminated,93145.0,40.0,3
EMP-002128,It,Remote,2020-11-25,Terminated,70212.0,40.0,2
EMP-002129,It,Remote,2023-03-15,Active,52803.0,40.0,5
EMP-002130,Hr,Remote,2015-11-03,Active,78661.0,40.0,4
EMP-002131,Finance,New York,2017-05-16,Terminated,58969.0,40.0,3
EMP-002132,Sales,Remote,2023-02-13,Active,94695.0,30.0,5
EMP-002133,Marketing,Remote,2017-07-23,Active,88900.0,20.0,3
EMP-002134,Sales,New York,2020-11-19,Active,148399.0,40.0,3
EMP-002135,Support,New York,2019-10-24,Active,74928.5,40.0,3
EMP-002136,Finance,Remote,2020-05-14,Active,67414.0,0.0,4
EMP-002137,Marketing,Remote,2018-09-28,Active,71131.0,20.0,3
EMP-002138,Sales,San Francisco,2017-09-13,Terminated,72225.0,30.0,3
EMP-002139,Marketing,New York,2015-06-09,Active,100677.0,40.0,3
EMP-002140,It,Chicago,2021-09-12,Terminated,68091.0,40.0,4
EMP-002141,Hr,Remote,2021-09-18,Terminated,124310.0,40.0,4
EMP-002142,It,New York,2021-01-13,Active,89557.0,20.0,3
EMP-002143,Marketing,San Francisco,2020-10-16,Active,62857.0,40.0,3
EMP-002144,Finance,London,2017-03-12,Active,56469.0,40.0,3
EMP-002145,Sales,Remote,2015-03-15,Active,101022.0,0.0,3
EMP-002146,Sales,Remote,2022-04-12,Terminated,75713.0,40.0,4
EMP-002147,Sales,London,2019-06-03,Active,75227.0,40.0,3
EMP-002148,Finance,New York,2017-10-05,Active,60038.0,40.0,2
EMP-002149,Marketing,New York,2015-12-02,Active,74928.5,40.0,3
EMP-002150,It,Chicago,2015-07-26,Active,59026.0,40.0,5
EMP-002151,Sales,Chicago,2018-02-20,Terminated,109043.0,40.0,2
EMP-002152,It,Remote,2022-03-30,Active,92927.0,40.0,2
EMP-002153,Sales,London,2023-04-08,Active,70631.0,40.0,4
EMP-002154,Sales,London,2023-01-26,Terminated,70263.0,40.0,5
EMP-002155,Sales,New York,2023-04-13,Active,77304.0,0.0,1
EMP-002156,Hr,Remote,2023-03-03,Terminated,74861.0,40.0,3
EMP-002157,Hr,New York,2019-09-29,Active,51077.0,40.0,2
EMP-002158,Support,Chicago,2016-12-22,Active,27481.0,40.0,3
EMP-002159,It,San Francisco,2022-03-08,Active,55057.0,40.0,3
EMP-002160,Finance,London,2016-12-03,Active,71787.0,20.0,3
EMP-002161,Finance,London,2017-05-28,Terminated,56554.0,40.0,3
EMP-002162,Finance,New York,2017-02-05,Active,95483.0,40.0,3
EMP-002163,Support,London,2019-08-20,Active,69271.0,40.0,3
EMP-002164,Hr,Chicago,2017-11-23,Active,121839.0,40.0,3
EMP-002165,Marketing,Remote,2016-05-21,Active,60963.0,20.0,4
EMP-002166,It,Remote,2019-01-29,Terminated,78518.0,40.0,4
EMP-002167,Sales,London,2022-11-12,Active,67778.0,40.0,4
EMP-002168,It,San Francisco,2020-02-19,Terminated,85994.0,20.0,5
EMP-002169,Marketing,London,2022-11-27,Terminated,101644.0,40.0,3
EMP-002170,Sales,New York,2016-10-05,Active,90207.0,20.0,5
EMP-002171,Support,San Francisco,2016-07-02,Terminated,24230.0,35.0,3
EMP-002172,Marketing,Remote,2020-03-06,Active,87497.0,40.0,4
EMP-002173,Finance,London,2019-03-03,Active,49728.0,40.0,4
EMP-002174,It,Chicago,2020-12-09,Active,67256.0,35.0,4
EMP-002175,Sales,Chicago,2022-02-24,Active,92233.0,40.0,4
EMP-002176,It,New York,2021-10-05,Terminated,74928.5,40.0,4
EMP-002177,Hr,London,2023-06-25,Active,103899.0,20.0,3
EMP-002178,Hr,New York,2018-08-02,Active,66165.0,40.0,1
EMP-002179,Support,Chicago,2016-11-09,Active,129273.0,20.0,3
EMP-002180,Sales,Remote,2019-12-16,Terminated,74928.5,40.0,3
EMP-002181,Hr,Chicago,2015-12-31,Active,117634.0,40.0,3
EMP-002182,Finance,San Francisco,2017-08-07,Terminated,104942.0,20.0,3
EMP-002183,It,London,2016-11-14,Active,59722.0,40.0,4
EMP-002184,Marketing,London,2018-07-27,On Leave,42458.0,40.0,3
EMP-002185,Finance,Remote,2016-01-01,Terminated,77841.0,40.0,3
EMP-002186,Support,Chicago,2015-04-15,Terminated,60434.0,40.0,3
EMP-002187,Finance,Chicago,2020-11-28,Active,114493.0,40.0,3
EMP-002188,Marketing,London,2020-06-28,Active,68829.0,40.0,3
EMP-002189,It,Remote,2021-05-17,On Leave,74928.5,40.0,2
EMP-002190,Support,San Francisco,2020-12-10,Active,40103.0,20.0,4
EMP-002191,It,London,2016-01-11,Active,85480.0,40.0,3
EMP-002192,Sales,Chicago,2017-08-14,Active,45644.0,40.0,3
EMP-002193,It,London,2016-03-01,Active,86061.0,35.0,5
EMP-002194,Sales,New York,2022-08-02,Active,89502.0,35.0,3
EMP-002195,Sales,Chicago,2021-09-21,Active,56258.0,40.0,3
EMP-002196,It,New York,2016-10-24,Active,98914.0,40.0,3
EMP-002197,Support,San Francisco,2018-01-26,Active,68128.0,40.0,4
EMP-002198,Sales,Chicago,2023-09-13,Active,74928.5,40.0,3
EMP-002199,Marketing,London,2020-05-07,Active,113632.0,40.0,5
EMP-002200,Finance,San Francisco,2022-03-18,Terminated,51913.0,40.0,3
EMP-002201,Finance,San Francisco,2017-05-19,Active,87677.0,20.0,1
EMP-002202,Marketing,London,2016-11-21,Active,85645.0,40.0,3
EMP-002203,It,Chicago,2022-01-20,Active,84730.0,40.0,2
EMP-002204,It,New York,2021-03-04,Active,84297.0,0.0,3
EMP-002205,Sales,New York,2021-02-16,Active,74928.5,0.0,3
EMP-002206,Sales,Chicago,2019-12-22,Active,117284.0,40.0,3
EMP-002207,Support,Remote,2020-01-27,Terminated,74928.5,40.0,5
EMP-002208,Hr,London,2021-08-15,Active,86876.0,0.0,3
EMP-002209,It,London,2017-06-06,Terminated,41676.0,40.0,2
EMP-002210,Sales,London,2018-03-05,Active,50541.0,40.0,1
EMP-002211,Finance,New York,2022-11-05,Active,91436.0,20.0,3
EMP-002212,Support,San Francisco,2017-10-12,Active,24908.0,40.0,4
EMP-002213,It,London,2019-12-01,Active,83468.0,40.0,3
EMP-002214,Support,Remote,2021-04-28,Active,41721.0,40.0,3
EMP-002215,It,London,2023-12-31,Terminated,53299.0,20.0,3
EMP-002216,It,New York,2018-12-01,Terminated,39723.0,40.0,3
EMP-002217,Marketing,New York,2018-11-08,Active,81153.0,40.0,3
EMP-002218,Sales,San Francisco,2022-08-01,Terminated,102909.0,40.0,3
EMP-002219,Sales,Chicago,2022-04-01,Terminated,83700.0,40.0,3
EMP-002220,Support,Chicago,2021-07-31,Active,86446.0,40.0,5
EMP-002221,Sales,London,2019-03-03,Active,79199.0,40.0,4
EMP-002222,Support,London,2017-11-30,Active,92067.0,40.0,1
EMP-002223,Marketing,London,2020-06-23,Active,86677.0,40.0,1
EMP-002224,Finance,London,2022-11-20,Terminated,7123.0,35.0,1
EMP-002225,Sales,London,2022-12-14,Active,97658.0,40.0,3
EMP-002226,Finance,Remote,2015-12-23,Active,74928.5,20.0,3
EMP-002227,It,London,2018-11-08,Active,65942.0,40.0,4
EMP-002228,Sales,San Francisco,2019-03-08,Active,25645.0,40.0,3
EMP-002229,Sales,London,2023-10-19,Active,81062.0,40.0,5
EMP-002230,Hr,San Francisco,2021-02-06,Terminated,83167.0,20.0,4
EMP-002231,Marketing,New York,2018-08-31,Active,63988.0,40.0,4
EMP-002232,Finance,London,2015-03-27,Active,79667.0,20.0,3
EMP-002233,It,New York,2020-02-02,Active,101796.0,40.0,3
EMP-002234,Support,Remote,2015-11-12,Active,134938.0,20.0,2
EMP-002235,Sales,San Francisco,2022-07-05,Active,78673.0,40.0,4
EMP-002236,Sales,Remote,2021-10-09,Active,83348.0,20.0,4
EMP-002237,Support,London,2019-02-22,Active,54405.0,20.0,3
EMP-002238,Support,New York,2018-11-11,Active,62465.0,40.0,3
EMP-002239,Hr,London,2023-01-28,Active,71599.0,40.0,3
EMP-002240,Finance,Remote,2017-08-06,Active,104443.0,40.0,4
EMP-002241,Sales,London,2017-03-29,Terminated,95474.0,40.0,3
EMP-002242,Support,Remote,2023-06-15,Active,123234.0,40.0,3
EMP-002243,Sales,Chicago,2022-04-13,Active,37744.0,40.0,3
EMP-002244,It,Remote,2022-05-21,Active,41907.0,40.0,3
EMP-002245,Hr,London,2016-10-03,Active,102552.0,20.0,4
EMP-002246,It,New York,2016-04-16,Terminated,111222.0,40.0,3
EMP-002247,Sales,London,2015-03-27,Active,75828.0,40.0,3
EMP-002248,It,New York,2017-02-18,Active,74928.5,40.0,5
EMP-002249,Sales,Chicago,2021-12-19,Active,56412.0,0.0,3
EMP-002250,Sales,London,2017-02-28,Terminated,83387.0,0.0,3
EMP-002251,Finance,London,2021-07-24,Active,52515.0,40.0,3
EMP-002252,Support,London,2017-04-08,Active,79628.0,40.0,4
EMP-002253,Support,Chicago,2018-07-23,Active,122464.0,40.0,3
EMP-002254,It,Remote,2023-11-06,Terminated,110653.0,40.0,3
EMP-002255,Sales,New York,2017-03-15,Active,74928.5,40.0,1
EMP-002256,Hr,London,2018-05-22,Active,73389.0,40.0,4
EMP-002257,It,Remote,2017-09-16,Active,62633.0,0.0,3
EMP-002258,Marketing,Remote,2015-12-27,Terminated,74928.5,40.0,5
EMP-002259,Sales,New York,2019-05-30,Active,75635.0,40.0,3
EMP-002260,Support,Chicago,2018-05-29,Active,76493.0,40.0,5
EMP-002261,Finance,London,2021-04-03,Terminated,36220.0,20.0,3
EMP-002262,Sales,San Francisco,2022-05-11,Active,57137.0,0.0,5
EMP-002263,It,London,2019-11-24,Active,93797.0,40.0,5
EMP-002264,It,Chicago,2015-04-16,Terminated,47473.0,40.0,2
EMP-002265,Marketing,New York,2020-07-27,Terminated,81643.0,40.0,2
EMP-002266,Finance,New York,2015-07-02,Active,85313.0,40.0,3
EMP-002267,Hr,New York,2020-07-18,Active,86772.0,40.0,3
EMP-002268,Sales,New York,2021-03-01,Active,74928.5,0.0,3
EMP-002269,Finance,London,2016-10-12,Active,90693.0,40.0,2
EMP-002270,Hr,Remote,2022-05-17,Terminated,59405.0,40.0,4
EMP-002271,Finance,Remote,2023-03-14,Active,38309.0,30.0,3
EMP-002272,Finance,San Francisco,2022-04-26,Terminated,53162.0,20.0,3
EMP-002273,Sales,London,2017-09-29,Terminated,93248.0,40.0,4
EMP-002274,It,New York,2020-04-12,Active,44979.0,40.0,2
EMP-002275,Sales,London,2023-03-26,Active,48985.0,40.0,4
EMP-002276,Finance,Chicago,2017-11-20,Active,48846.0,40.0,2
EMP-002277,Sales,Remote,2022-05-19,Active,28851.0,40.0,4
EMP-002278,Marketing,New York,2015-02-01,On Leave,46325.0,40.0,4
EMP-002279,Finance,San Francisco,2015-01-12,Active,100010.0,40.0,3
EMP-002280,Support,New York,2021-11-02,Active,57081.0,40.0,3
EMP-002281,It,Remote,2021-11-07,Active,31277.0,40.0,3
EMP-002282,Support,San Francisco,2022-02-06,Active,62209.0,40.0,4
EMP-002283,Sales,Remote,2023-05-15,Terminated,87764.0,20.0,2
EMP-002284,Sales,San Francisco,2016-01-23,Active,29231.0,0.0,5
EMP-002285,It,Remote,2017-02-01,Active,98833.0,40.0,4
EMP-002286,Sales,London,2023-02-18,Active,38975.0,40.0,4
EMP-002287,Support,Remote,2016-08-05,Active,65113.0,40.0,5
EMP-002288,Finance,London,2021-02-20,Active,64793.0,40.0,4
EMP-002289,Finance,London,2019-10-10,Terminated,60964.0,40.0,3
EMP-002290,Sales,San Francisco,2015-10-01,Active,73380.0,40.0,3
EMP-002291,Marketing,New York,2017-07-26,Active,94464.0,40.0,3
EMP-002292,Sales,London,2019-09-07,Active,73980.0,40.0,3
EMP-002293,Support,Chicago,2022-09-02,Active,59858.0,40.0,1
EMP-002294,Sales,Chicago,2021-05-14,Active,86434.0,40.0,3
EMP-002295,Sales,New York,2020-08-06,Active,80182.0,40.0,4
EMP-002296,Hr,New York,2019-06-19,On Leave,58262.0,40.0,4
EMP-002297,Sales,Remote,2017-09-08,Active,76058.0,40.0,4
EMP-002298,Support,Chicago,2016-01-27,Active,56191.0,40.0,5
EMP-002299,Support,San Francisco,2018-09-06,Active,53357.0,40.0,4
EMP-002300,Sales,Remote,2015-04-04,Terminated,95145.0,40.0,3
EMP-002301,Sales,London,2016-11-24,Active,86174.0,0.0,3
EMP-002302,Finance,Remote,2018-11-22,Terminated,94259.0,40.0,3
EMP-002303,Support,Remote,2018-10-07,Active,90878.0,40.0,4
EMP-002304,Finance,Chicago,2015-05-26,Active,52820.0,40.0,4
EMP-002305,Sales,London,2020-04-20,Active,100032.0,40.0,3
EMP-002306,Finance,New York,2019-12-12,Terminated,67560.0,0.0,4
EMP-002307,It,London,2015-09-14,Active,98230.0,40.0,4
EMP-002308,Hr,London,2023-06-28,Active,71872.0,20.0,5
EMP-002309,It,Chicago,2015-11-23,Active,82829.0,40.0,4
EMP-002310,Support,San Francisco,2022-09-10,Active,83581.0,40.0,4
EMP-002311,Marketing,Remote,2015-01-02,Active,95330.0,40.0,3
EMP-002312,Hr,New York,2022-12-10,Active,34136.0,40.0,3
EMP-002313,It,Remote,2015-03-06,Active,35590.0,40.0,3
EMP-002314,Finance,San Francisco,2021-10-26,Active,91793.0,40.0,3
EMP-002315,Support,Remote,2018-04-03,Active,83909.0,40.0,4
EMP-002316,Finance,London,2021-08-23,Active,55609.0,40.0,3
EMP-002317,It,Remote,2018-08-13,Active,84108.0,40.0,3
EMP-002318,Sales,San Francisco,2015-08-22,Active,39801.0,40.0,3
EMP-002319,Support,San Francisco,2021-11-27,Active,156607.0,20.0,5
EMP-002320,It,Remote,2015-08-23,Active,107789.0,40.0,3
EMP-002321,It,New York,2023-04-20,Active,90558.0,0.0,2
EMP-002322,It,London,2015-06-17,Active,76891.0,40.0,4
EMP-002323,It,Remote,2019-04-25,Active,59532.0,40.0,3
EMP-002324,Sales,San Francisco,2021-07-04,Active,42245.0,20.0,3
EMP-002325,Support,Remote,2018-07-16,Active,72154.0,40.0,4
EMP-002326,Finance,San Francisco,2016-12-15,Active,53506.0,40.0,3
EMP-002327,Marketing,Chicago,2021-10-31,Active,54964.0,40.0,1
EMP-002328,It,Remote,2022-01-21,Active,39581.0,40.0,4
EMP-002329,It,Remote,2023-04-21,Active,81242.0,40.0,4
EMP-002330,It,San Francisco,2018-05-21,Active,65575.0,40.0,2
EMP-002331,Hr,New York,2019-07-23,Terminated,88377.0,40.0,5
EMP-002332,It,Remote,2018-04-08,Active,86427.0,40.0,5
EMP-002333,Marketing,Chicago,2017-04-25,Terminated,80737.0,40.0,4
EMP-002334,Finance,Remote,2021-10-04,Active,141486.0,40.0,2
EMP-002335,Finance,New York,2018-01-21,Terminated,95593.0,40.0,3
EMP-002336,Hr,New York,2018-11-08,Active,43486.0,40.0,3
EMP-002337,It,New York,2018-08-19,On Leave,86468.0,40.0,2
EMP-002338,It,Remote,2021-05-31,Active,73650.0,40.0,4
EMP-002339,Sales,New York,2023-04-05,Active,41462.0,40.0,2
EMP-002340,Finance,San Francisco,2020-12-31,Active,74928.5,40.0,3
EMP-002341,Marketing,New York,2019-03-31,Terminated,86330.0,40.0,3
EMP-002342,Support,Chicago,2022-01-05,Terminated,92439.0,40.0,3
EMP-002343,Sales,London,2020-10-07,Active,74928.5,40.0,3
EMP-002344,Sales,Chicago,2015-07-19,Active,99254.0,40.0,5
EMP-002345,Sales,Remote,2015-11-11,Active,82123.0,40.0,5
EMP-002346,Sales,New York,2015-05-05,Active,104896.0,40.0,3
EMP-002347,It,New York,2019-02-10,Active,102241.0,40.0,2
EMP-002348,It,San Francisco,2022-06-07,Terminated,71039.0,40.0,4
EMP-002349,Hr,Remote,2017-10-26,Active,115890.0,40.0,5
EMP-002350,Sales,New York,2018-06-16,Active,46897.0,20.0,5
EMP-002351,Sales,London,2023-03-09,Active,134757.0,40.0,3
EMP-002352,Finance,Chicago,2022-07-13,Active,53030.0,20.0,3
EMP-002353,Support,Remote,2020-12-26,Active,73800.0,40.0,4
EMP-002354,Sales,London,2017-05-26,Active,60820.0,0.0,3
EMP-002355,Marketing,New York,2016-01-20,Active,65580.0,40.0,3
EMP-002356,Support,London,2015-02-22,Active,148089.0,40.0,3
EMP-002357,Marketing,New York,2015-12-18,Active,63432.0,40.0,3
EMP-002358,It,Remote,2017-08-19,Active,96278.0,40.0,3
EMP-002359,It,Remote,2019-12-19,On Leave,74928.5,40.0,3
EMP-002360,Sales,Chicago,2015-07-30,Active,98414.0,40.0,3
EMP-002361,Sales,Remote,2016-03-23,Terminated,61396.0,40.0,4
EMP-002362,It,London,2016-08-18,Active,81403.0,40.0,5
EMP-002363,It,New York,2020-09-08,Active,90717.0,40.0,1
EMP-002364,Hr,London,2020-07-17,Active,56955.0,30.0,4
EMP-002365,Hr,Chicago,2019-12-16,Terminated,143943.0,30.0,3
EMP-002366,It,London,2017-04-03,Terminated,92024.0,0.0,5
EMP-002367,Marketing,Remote,2018-05-04,Active,69351.0,40.0,4
EMP-002368,Finance,London,2015-11-14,Active,57569.0,40.0,3
EMP-002369,Finance,London,2017-01-14,Terminated,77293.0,40.0,3
EMP-002370,Marketing,Chicago,2023-01-29,Active,44600.0,40.0,4
EMP-002371,Hr,London,2023-10-26,Active,119557.0,40.0,3
EMP-002372,Hr,New York,2020-10-29,Active,85781.0,40.0,5
EMP-002373,Sales,London,2023-04-02,Active,72800.0,40.0,5
EMP-002374,Hr,London,2020-10-13,Active,101149.0,40.0,2
EMP-002375,It,Chicago,2015-04-20,Active,56962.0,40.0,4
EMP-002376,Hr,New York,2023-12-21,Active,46101.0,40.0,4
EMP-002377,Support,London,2015-11-22,Active,71747.0,40.0,3
EMP-002378,Sales,London,2021-02-21,Active,78189.0,40.0,5
EMP-002379,Sales,London,2017-04-11,Active,88265.0,40.0,3
EMP-002380,Hr,Remote,2018-07-12,Active,38093.0,40.0,3
EMP-002381,Marketing,New York,2020-10-24,Active,63592.0,40.0,4
EMP-002382,Sales,London,2018-12-05,Terminated,74928.5,0.0,3
EMP-002383,It,Remote,2017-04-03,Terminated,45441.0,40.0,3
EMP-002384,Marketing,Remote,2018-01-04,Active,92882.0,40.0,3
EMP-002385,Sales,Chicago,2018-01-27,Terminated,99026.0,40.0,3
EMP-002386,Marketing,London,2023-08-20,Active,46450.0,40.0,4
EMP-002387,It,New York,2022-03-10,Active,66885.0,40.0,4
EMP-002388,Sales,Remote,2019-02-16,Active,75640.0,30.0,5
EMP-002389,Support,Remote,2016-10-18,Terminated,101953.0,40.0,3
EMP-002390,It,Remote,2022-04-19,Terminated,113227.0,40.0,3
EMP-002391,It,San Francisco,2016-05-31,Active,74928.5,40.0,4
EMP-002392,Marketing,Chicago,2016-11-22,Active,68485.0,40.0,3
EMP-002393,Sales,San Francisco,2018-04-18,Active,38908.0,40.0,2
EMP-002394,It,New York,2022-12-03,Active,77702.0,40.0,3
EMP-002395,Finance,Chicago,2016-03-09,Active,126873.0,40.0,4
EMP-002396,Hr,Remote,2016-02-06,Active,107255.0,40.0,3
EMP-002397,Hr,New York,2019-06-12,Terminated,79371.0,40.0,4
EMP-002398,Support,Chicago,2017-06-27,Terminated,82584.0,20.0,3
EMP-002399,Support,Chicago,2020-02-13,Active,74928.5,20.0,5
EMP-002400,Hr,San Francisco,2019-01-24,Active,74928.5,40.0,4
EMP-002401,Finance,New York,2018-11-30,Terminated,78690.0,40.0,3
EMP-002402,Hr,Remote,2016-01-04,On Leave,78766.0,20.0,3
EMP-002403,It,Remote,2016-04-08,Active,100269.0,40.0,3
EMP-002404,Finance,New York,2022-05-22,Active,99052.0,40.0,3
EMP-002405,Support,New York,2022-12-21,Terminated,88014.0,30.0,3
EMP-002406,Sales,Remote,2017-02-10,Terminated,50021.0,40.0,3
EMP-002407,Marketing,London,2016-01-08,Active,50965.0,20.0,3
EMP-002408,It,San Francisco,2015-06-25,Active,52803.0,40.0,2
EMP-002409,It,New York,2020-06-22,Active,80888.0,30.0,3
EMP-002410,Sales,New York,2021-06-09,Active,24342.0,40.0,3
EMP-002411,Support,London,2018-05-10,Terminated,74843.0,40.0,2
EMP-002412,Support,London,2021-02-12,Active,110216.0,40.0,4
EMP-002413,It,Chicago,2021-06-01,Terminated,91671.0,40.0,4
EMP-002414,It,London,2023-06-02,Active,66232.0,40.0,3
EMP-002415,It,Remote,2015-08-02,Active,57544.0,40.0,4
EMP-002416,It,San Francisco,2016-09-24,Active,95143.0,40.0,3
EMP-002417,Marketing,Chicago,2015-08-14,Terminated,82651.0,40.0,2
EMP-002418,It,New York,2022-10-24,Terminated,68839.0,40.0,3
EMP-002419,Finance,London,2022-02-18,Active,60274.0,40.0,5
EMP-002420,Hr,Remote,2020-03-03,Active,74928.5,40.0,3
EMP-002421,Sales,Remote,2015-10-03,Terminated,67424.0,40.0,4
EMP-002422,Support,Chicago,2017-06-17,Active,94609.0,40.0,3
EMP-002423,Finance,Remote,2017-09-05,Active,106029.0,40.0,4
EMP-002424,Sales,Remote,2020-01-18,Active,40819.0,40.0,3
EMP-002425,It,London,2017-04-28,Active,44355.0,40.0,3
EMP-002426,It,London,2015-08-28,Active,108701.0,30.0,2
EMP-002427,It,Remote,2021-07-30,Terminated,79145.0,40.0,1
EMP-002428,Finance,London,2017-09-10,On Leave,46709.0,40.0,3
EMP-002429,Finance,Chicago,2019-01-26,Active,99581.0,40.0,2
EMP-002430,Support,Chicago,2016-02-24,Active,83542.0,40.0,1
EMP-002431,Hr,London,2022-03-22,Active,130081.0,40.0,2
EMP-002432,Sales,Remote,2020-02-02,Active,69117.0,40.0,3
EMP-002433,It,Remote,2023-02-11,Active,102718.0,30.0,3
EMP-002434,It,London,2019-06-17,Terminated,38779.0,40.0,2
EMP-002435,Marketing,New York,2023-06-22,Active,109901.0,30.0,5
EMP-002436,Hr,Chicago,2023-01-10,Active,98604.0,40.0,3
EMP-002437,Marketing,New York,2020-03-09,Active,115109.0,30.0,3
EMP-002438,Support,London,2023-05-28,Active,102765.0,0.0,3
EMP-002439,Support,London,2017-11-27,Active,72524.0,40.0,2
EMP-002440,Support,Chicago,2018-04-16,Active,45722.0,40.0,4
EMP-002441,Sales,Chicago,2015-05-30,Active,59949.0,40.0,3
EMP-002442,Marketing,Remote,2020-04-20,Active,30971.0,40.0,1
EMP-002443,Hr,New York,2021-06-30,Active,51978.0,40.0,3
EMP-002444,Sales,London,2021-12-17,Active,85647.0,40.0,3
EMP-002445,Hr,Remote,2016-05-07,Active,73806.0,40.0,3
EMP-002446,Finance,San Francisco,2018-12-30,Active,69410.0,40.0,3
EMP-002447,Finance,New York,2016-08-04,Active,55172.0,40.0,3
EMP-002448,It,New York,2020-12-16,Terminated,30690.0,40.0,5
EMP-002449,Sales,San Francisco,2016-06-03,Active,79552.0,30.0,4
EMP-002450,Finance,London,2023-02-19,Active,84479.0,20.0,2
EMP-002451,Support,London,2017-01-28,Terminated,50211.0,40.0,3
EMP-002452,Hr,Chicago,2017-08-15,Active,61664.0,40.0,4
EMP-002453,Marketing,Remote,2022-08-28,Active,113553.0,40.0,2
EMP-002454,Support,Remote,2019-02-15,Active,103987.0,40.0,3
EMP-002455,Sales,Remote,2015-03-20,Active,37889.0,40.0,3
EMP-002456,Finance,Chicago,2019-06-14,Terminated,72884.0,40.0,2
EMP-002457,Support,Remote,2015-10-05,Active,111374.0,40.0,3
EMP-002458,Support,New York,2023-11-13,Active,69589.0,40.0,3
EMP-002459,Sales,New York,2020-04-17,Terminated,68276.0,40.0,4
EMP-002460,It,San Francisco,2017-04-23,Active,102318.0,0.0,5
EMP-002461,Hr,San Francisco,2020-01-27,Active,99677.0,20.0,3
EMP-002462,Marketing,Chicago,2015-09-10,Active,98383.0,40.0,4
EMP-002463,It,Chicago,2022-03-14,Active,68450.0,40.0,3
EMP-002464,It,London,2023-04-30,Active,91572.0,40.0,3
EMP-002465,Finance,Chicago,2022-11-14,Active,112369.0,40.0,3
EMP-002466,Support,New York,2018-01-28,Active,73753.0,40.0,2
EMP-002467,Sales,Remote,2017-12-06,Active,64915.0,20.0,5
EMP-002468,Sales,Remote,2015-04-26,Active,105752.0,40.0,3
EMP-002469,Sales,London,2020-11-11,Active,126136.0,40.0,4
EMP-002470,Sales,London,2019-10-25,Active,127875.0,20.0,3
EMP-002471,Hr,London,2019-02-18,Active,65637.0,20.0,3
EMP-002472,It,Chicago,2023-03-03,Active,68149.0,40.0,3
EMP-002473,It,Chicago,2016-07-05,Terminated,49271.0,40.0,3
EMP-002474,Hr,New York,2015-02-01,Active,77951.0,40.0,4
EMP-002475,Sales,Remote,2015-08-29,Active,48147.0,40.0,2
EMP-002476,Support,New York,2017-01-04,Terminated,61834.0,40.0,4
EMP-002477,Sales,Remote,2015-04-20,Terminated,92528.0,40.0,4
EMP-002478,Hr,New York,2019-07-11,Active,84749.0,40.0,2
EMP-002479,Marketing,Remote,2017-10-29,Active,29732.0,40.0,3
EMP-002480,Sales,Chicago,2016-08-16,Terminated,114257.0,40.0,4
EMP-002481,Sales,London,2021-10-01,Active,47825.0,40.0,3
EMP-002482,Finance,London,2016-11-03,Active,50977.0,40.0,3
EMP-002483,Finance,Chicago,2021-03-10,Terminated,44027.0,40.0,2
EMP-002484,Sales,London,2018-02-22,Active,58468.0,40.0,3
EMP-002485,It,Chicago,2019-08-10,Active,52580.0,20.0,4
EMP-002486,Support,Chicago,2023-05-28,Active,53189.0,30.0,3
EMP-002487,Marketing,Chicago,2015-05-03,Active,13393.0,40.0,4
EMP-002488,It,London,2019-07-03,Active,78248.0,35.0,3
EMP-002489,Hr,Remote,2022-09-09,On Leave,80802.0,40.0,3
EMP-002490,It,Remote,2020-04-16,Active,131110.0,30.0,3
EMP-002491,Support,London,2017-06-29,Active,87159.0,30.0,3
EMP-002492,Finance,San Francisco,2018-07-31,Active,62585.0,40.0,5
EMP-002493,Sales,London,2021-02-14,Active,44982.0,40.0,3
EMP-002494,Hr,London,2023-01-07,Terminated,72593.0,40.0,4
EMP-002495,Finance,London,2015-05-15,Active,86218.0,40.0,4
EMP-002496,Sales,New York,2015-08-24,Active,62416.0,40.0,3
EMP-002497,Hr,Chicago,2017-12-04,Active,76525.0,40.0,3
EMP-002498,It,Chicago,2017-02-04,Active,122434.0,0.0,4
EMP-002499,Support,Chicago,2017-05-20,Active,65397.0,40.0,4
EMP-002500,Hr,New York,2016-12-28,Active,27831.0,35.0,5
EMP-002501,Marketing,London,2016-10-05,Active,96837.0,0.0,5
EMP-002502,It,Remote,2016-03-05,Active,82858.0,0.0,3
EMP-002503,Sales,Remote,2023-05-28,Active,32275.0,40.0,4
EMP-002504,Marketing,London,2016-04-18,Active,85691.0,40.0,4
EMP-002505,Marketing,San Francisco,2016-11-02,Active,50053.0,40.0,5
EMP-002506,It,Remote,2017-03-20,Terminated,86033.0,20.0,2
EMP-002507,Sales,London,2023-05-25,Terminated,122682.0,40.0,5
EMP-002508,Marketing,Remote,2021-10-20,Active,70576.0,40.0,3
EMP-002509,Hr,Chicago,2022-02-08,Terminated,102082.0,40.0,3
EMP-002510,Hr,Remote,2015-12-11,Terminated,44288.0,40.0,4
EMP-002511,Hr,London,2022-07-11,Active,37015.0,40.0,4
EMP-002512,Sales,London,2018-09-03,Active,125434.0,40.0,4
EMP-002513,Marketing,Remote,2017-05-13,Active,74928.5,40.0,5
EMP-002514,Sales,Remote,2020-03-07,Active,90917.0,40.0,3
EMP-002515,Sales,New York,2022-05-26,Active,103801.0,30.0,3
EMP-002516,Hr,San Francisco,2022-01-03,Active,61805.0,40.0,3
EMP-002517,It,Remote,2023-01-04,Terminated,95628.0,40.0,3
EMP-002518,Marketing,New York,2023-05-09,Active,91839.0,40.0,2
EMP-002519,Marketing,Chicago,2017-02-21,Active,42630.0,40.0,5
EMP-002520,Finance,London,2018-10-25,Active,112825.0,40.0,3
EMP-002521,Finance,San Francisco,2015-02-18,Active,107672.0,20.0,5
EMP-002522,It,New York,2022-11-30,Terminated,74928.5,40.0,4
EMP-002523,Sales,London,2016-05-23,Active,80007.0,35.0,5
EMP-002524,Sales,Remote,2022-10-02,Active,69223.0,40.0,4
EMP-002525,Support,Remote,2017-12-18,Active,110458.0,40.0,3
EMP-002526,Sales,San Francisco,2018-04-25,Terminated,39735.0,30.0,3
EMP-002527,Finance,Remote,2015-05-09,Active,165060.0,40.0,3
EMP-002528,Sales,London,2017-12-10,Active,70638.0,40.0,3
EMP-002529,Sales,New York,2022-12-30,Active,93461.0,40.0,1
EMP-002530,Finance,New York,2015-03-25,On Leave,109687.0,40.0,4
EMP-002531,It,Remote,2018-08-28,Active,70100.0,30.0,3
EMP-002532,Marketing,Remote,2015-04-14,Terminated,72126.0,30.0,2
EMP-002533,Sales,Chicago,2018-05-04,Active,62429.0,40.0,4
EMP-002534,It,London,2016-07-21,Active,52863.0,20.0,4
EMP-002535,Marketing,San Francisco,2017-04-09,Active,81796.0,40.0,3
EMP-002536,It,New York,2022-11-24,Active,71618.0,30.0,3
EMP-002537,It,San Francisco,2018-12-04,Terminated,62266.0,40.0,3
EMP-002538,Marketing,Chicago,2017-06-18,Terminated,63726.0,40.0,3
EMP-002539,Sales,New York,2020-04-21,Terminated,89406.0,35.0,5
EMP-002540,Support,Chicago,2016-04-12,Active,55061.0,40.0,4
EMP-002541,Finance,Chicago,2017-05-02,Active,68826.0,40.0,4
EMP-002542,Sales,Remote,2019-12-01,Active,97467.0,40.0,3
EMP-002543,Sales,Remote,2017-02-19,Terminated,81181.0,40.0,3
EMP-002544,Hr,London,2021-02-10,Active,48761.0,40.0,3
EMP-002545,Marketing,Remote,2019-06-04,Active,74403.0,40.0,4
EMP-002546,Sales,San Francisco,2021-12-12,Terminated,85926.0,40.0,3
EMP-002547,Sales,London,2023-07-14,Active,99732.0,0.0,1
EMP-002548,Support,San Francisco,2016-01-16,Active,56116.0,40.0,3
EMP-002549,Marketing,Remote,2018-01-05,Active,61037.0,40.0,3
EMP-002550,Support,London,2017-11-16,Active,57621.0,40.0,3
EMP-002551,Sales,Remote,2016-05-11,Active,58862.0,40.0,4
EMP-002552,Sales,San Francisco,2022-04-17,On Leave,85125.0,40.0,4
EMP-002553,Sales,Remote,2021-11-02,Active,89862.0,40.0,5
EMP-002554,Hr,Remote,2019-05-12,Active,101273.0,40.0,3
EMP-002555,Sales,London,2019-11-03,Active,72721.0,40.0,3
EMP-002556,Marketing,London,2015-07-15,Active,39867.0,40.0,3
EMP-002557,Sales,New York,2019-12-31,Active,91737.0,40.0,4
EMP-002558,It,Chicago,2022-02-14,Active,78979.0,0.0,3
EMP-002559,Sales,Chicago,2020-03-01,Active,76499.0,40.0,3
EMP-002560,Marketing,Remote,2017-05-22,Active,42915.0,35.0,3
EMP-002561,Marketing,London,2021-01-03,On Leave,70104.0,40.0,3
EMP-002562,Hr,San Francisco,2018-04-03,Active,45159.0,40.0,5
EMP-002563,Hr,Remote,2019-11-26,Active,87049.0,40.0,3
EMP-002564,Sales,Remote,2019-05-22,Terminated,64253.0,40.0,3
EMP-002565,It,London,2018-06-06,Terminated,62012.0,30.0,3
EMP-002566,Sales,London,2021-06-20,Active,36571.0,40.0,3
EMP-002567,Sales,Chicago,2022-12-15,Active,100677.0,40.0,3
EMP-002568,It,London,2015-01-18,Terminated,68536.0,40.0,3
EMP-002569,Hr,Remote,2023-05-27,Terminated,77175.0,30.0,3
EMP-002570,Sales,Remote,2019-08-09,Terminated,56613.0,40.0,3
EMP-002571,It,London,2021-04-22,Active,33736.0,40.0,4
EMP-002572,Sales,London,2022-09-13,Active,61709.0,30.0,2
EMP-002573,Sales,Chicago,2019-03-16,Active,65711.0,40.0,3
EMP-002574,Sales,Chicago,2022-07-07,Active,82319.0,40.0,3
EMP-002575,Finance,Chicago,2016-08-06,Active,66124.0,40.0,4
EMP-002576,Marketing,Remote,2016-06-07,Active,57041.0,20.0,3
EMP-002577,Sales,London,2020-12-01,Active,74928.5,30.0,3
EMP-002578,Finance,San Francisco,2022-10-31,Terminated,76211.0,35.0,2
EMP-002579,Hr,Remote,2023-01-12,Active,55086.0,40.0,3
EMP-002580,It,New York,2020-10-16,Active,108020.0,40.0,4
EMP-002581,Marketing,Remote,2019-09-24,Terminated,78754.0,40.0,4
EMP-002582,It,Chicago,2017-12-25,Active,89053.0,40.0,4
EMP-002583,It,London,2023-10-27,Active,68780.0,40.0,3
EMP-002584,Marketing,Remote,2017-11-16,Active,80032.0,40.0,3
EMP-002585,It,London,2021-09-12,Active,74928.5,40.0,2
EMP-002586,It,Remote,2019-10-15,Active,45545.0,40.0,5
EMP-002587,Marketing,New York,2020-06-23,Active,75378.0,40.0,2
EMP-002588,It,London,2018-07-17,Active,89260.0,40.0,3
EMP-002589,It,Remote,2023-09-07,Terminated,26355.0,0.0,1
EMP-002590,It,Remote,2020-02-23,Active,62522.0,40.0,3
EMP-002591,It,San Francisco,2023-06-10,Active,121053.0,40.0,4
EMP-002592,It,Remote,2015-01-25,Terminated,86981.0,40.0,3
EMP-002593,It,San Francisco,2020-02-26,Active,113441.0,40.0,3
EMP-002594,Hr,Remote,2021-06-15,Active,59149.0,40.0,2
EMP-002595,Sales,New York,2021-09-15,Active,63552.0,40.0,4
EMP-002596,Sales,London,2023-02-22,Active,99168.0,40.0,3
EMP-002597,Support,London,2015-01-15,Active,90588.0,40.0,3
EMP-002598,Finance,London,2015-01-02,Terminated,72640.0,40.0,3
EMP-002599,Support,Remote,2019-04-02,Active,74928.5,40.0,3
EMP-002600,Support,Chicago,2015-04-07,Active,103921.0,20.0,5
EMP-002601,Marketing,Chicago,2023-10-09,Active,137756.0,40.0,5
EMP-002602,Sales,London,2016-12-30,Active,35703.0,40.0,5
EMP-002603,Marketing,Remote,2019-04-03,Active,110090.0,40.0,3
EMP-002604,Sales,Remote,2015-07-20,Active,74928.5,40.0,5
EMP-002605,It,San Francisco,2019-09-12,Active,66663.0,40.0,3
EMP-002606,It,Remote,2018-06-02,Terminated,74928.5,40.0,3
EMP-002607,Sales,San Francisco,2015-05-27,Active,44862.0,40.0,3
EMP-002608,Sales,Chicago,2018-01-06,Active,74072.0,40.0,3
EMP-002609,It,London,2018-07-10,Terminated,34719.0,20.0,3
EMP-002610,Hr,London,2023-11-28,Active,86902.0,40.0,2
EMP-002611,Sales,Remote,2016-11-14,Active,130843.0,20.0,1
EMP-002612,Sales,London,2019-11-26,Active,59012.0,40.0,3
EMP-002613,It,New York,2023-11-20,Active,74928.5,40.0,4
EMP-002614,Hr,London,2022-02-16,Active,72013.0,30.0,3
EMP-002615,Marketing,New York,2023-12-10,Active,99662.0,40.0,3
EMP-002616,Hr,San Francisco,2023-09-18,Active,85139.0,20.0,4
EMP-002617,Marketing,San Francisco,2019-05-29,Terminated,98009.0,40.0,3
EMP-002618,It,Chicago,2021-04-07,Terminated,62344.0,40.0,3
EMP-002619,Support,London,2015-12-30,Terminated,85839.0,35.0,3
EMP-002620,It,London,2018-12-21,Active,74928.5,40.0,2
EMP-002621,It,New York,2022-04-13,Active,91687.0,40.0,3
EMP-002622,Support,San Francisco,2019-07-20,Active,44555.0,40.0,4
EMP-002623,Hr,New York,2021-04-28,Active,66810.0,40.0,1
EMP-002624,Sales,San Francisco,2021-09-17,Active,93631.0,20.0,2
EMP-002625,Hr,New York,2017-04-13,Active,36598.0,40.0,3
EMP-002626,Marketing,San Francisco,2022-11-18,Active,102236.0,40.0,4
EMP-002627,It,New York,2019-02-20,Terminated,71892.0,40.0,3
EMP-002628,Marketing,London,2016-11-21,Active,111328.0,40.0,3
EMP-002629,It,San Francisco,2022-10-15,Terminated,52429.0,40.0,3
EMP-002630,It,Remote,2018-10-05,Terminated,29680.0,40.0,3
EMP-002631,Support,New York,2021-10-02,Active,74276.0,40.0,2
EMP-002632,It,London,2019-12-07,Active,89677.0,40.0,4
EMP-002633,Sales,Chicago,2018-06-09,Active,91773.0,40.0,2
EMP-002634,Hr,Remote,2022-04-16,Terminated,46613.0,40.0,2
EMP-002635,It,Remote,2020-04-05,Active,34384.0,40.0,4
EMP-002636,Marketing,New York,2018-07-07,Active,67192.0,40.0,3
EMP-002637,Support,Chicago,2015-12-27,Active,87911.0,40.0,3
EMP-002638,It,London,2023-01-22,Active,86645.0,40.0,3
EMP-002639,Marketing,Remote,2015-04-27,Active,114303.0,40.0,2
EMP-002640,Hr,London,2022-10-08,Active,65664.0,40.0,3
EMP-002641,It,San Francisco,2018-03-29,Active,28878.0,40.0,3
EMP-002642,Hr,London,2020-10-02,Active,104917.0,40.0,3
EMP-002643,Finance,Chicago,2023-04-20,On Leave,79880.0,40.0,3
EMP-002644,Sales,London,2016-05-13,Active,82055.0,20.0,1
EMP-002645,Finance,Remote,2020-02-07,Terminated,94177.0,40.0,3
EMP-002646,Support,San Francisco,2021-11-17,Terminated,106591.0,40.0,2
EMP-002647,It,Chicago,2021-10-26,Terminated,74425.0,40.0,3
EMP-002648,Support,New York,2019-09-24,Active,104414.0,40.0,5
EMP-002649,It,London,2020-08-15,Active,88803.0,40.0,1
EMP-002650,Marketing,New York,2021-10-25,Active,58610.0,40.0,3
EMP-002651,Hr,London,2022-07-27,Active,69169.0,20.0,3
EMP-002652,Finance,Remote,2021-11-09,Active,90419.0,35.0,4
EMP-002653,Sales,London,2018-03-09,Active,57279.0,40.0,3
EMP-002654,Finance,Remote,2023-12-21,Active,97161.0,40.0,3
EMP-002655,It,New York,2018-11-29,Active,78955.0,20.0,3
EMP-002656,Finance,Chicago,2015-03-22,Active,84540.0,40.0,4
EMP-002657,It,London,2018-04-06,Active,111013.0,40.0,4
EMP-002658,Sales,London,2016-02-25,Terminated,74928.5,40.0,1
EMP-002659,Support,Remote,2016-02-04,Active,76785.0,40.0,1
EMP-002660,Hr,Remote,2017-07-14,Terminated,72935.0,40.0,3
EMP-002661,It,Chicago,2015-06-25,Active,71634.0,40.0,3
EMP-002662,Marketing,Remote,2021-03-13,Terminated,82807.0,40.0,3
EMP-002663,It,New York,2015-09-01,Terminated,109083.0,40.0,3
EMP-002664,Support,Chicago,2016-10-30,Active,59706.0,40.0,3
EMP-002665,Marketing,Chicago,2015-11-02,Active,57814.0,40.0,3
EMP-002666,Finance,London,2015-07-27,Active,107126.0,40.0,3
EMP-002667,Sales,Remote,2017-05-30,Active,60846.0,20.0,3
EMP-002668,Sales,London,2020-02-23,Terminated,80402.0,40.0,3
EMP-002669,Sales,London,2023-09-06,Active,74928.5,40.0,3
EMP-002670,Support,Remote,2022-11-17,Active,33013.0,40.0,3
EMP-002671,Support,Chicago,2022-11-19,Active,79956.0,40.0,4
EMP-002672,Hr,London,2016-08-01,Terminated,102879.0,40.0,3
EMP-002673,It,Remote,2017-05-20,Active,73449.0,40.0,3
EMP-002674,Support,Remote,2015-09-09,Terminated,37959.0,40.0,4
EMP-002675,Support,Chicago,2022-01-02,Active,77727.0,40.0,2
EMP-002676,Finance,Chicago,2015-08-18,Active,56101.0,40.0,4
EMP-002677,Finance,London,2020-01-04,Active,9512.0,30.0,3
EMP-002678,Marketing,London,2017-03-25,Active,72978.0,40.0,3
EMP-002679,It,Remote,2017-03-11,On Leave,87942.0,40.0,3
EMP-002680,It,San Francisco,2023-12-01,Terminated,104443.0,20.0,3
EMP-002681,Sales,New York,2021-10-23,Active,118921.0,30.0,3
EMP-002682,It,San Francisco,2022-07-14,Active,91273.0,30.0,3
EMP-002683,Hr,San Francisco,2020-02-24,Active,98339.0,40.0,2
EMP-002684,Sales,London,2022-11-03,Active,42886.0,40.0,3
EMP-002685,Marketing,London,2020-10-22,Active,115546.0,40.0,2
EMP-002686,Finance,Remote,2023-07-08,Active,106684.0,40.0,3
EMP-002687,It,London,2017-07-13,Terminated,65822.0,40.0,4
EMP-002688,It,Remote,2020-05-10,Terminated,92042.0,40.0,5
EMP-002689,Finance,Remote,2021-03-18,Active,74928.5,30.0,2
EMP-002690,Sales,Remote,2018-07-15,Terminated,111755.0,20.0,3
EMP-002691,Hr,Chicago,2022-12-01,Active,71222.0,40.0,3
EMP-002692,Finance,Chicago,2023-10-26,Active,56344.0,40.0,3
EMP-002693,Hr,Chicago,2019-06-12,Active,62750.0,40.0,3
EMP-002694,Hr,New York,2018-07-08,Terminated,97420.0,35.0,2
EMP-002695,Hr,Remote,2019-04-01,On Leave,27003.0,40.0,1
EMP-002696,Marketing,Remote,2022-09-03,Terminated,73.0,40.0,3
EMP-002697,Hr,Chicago,2020-10-22,Terminated,97356.0,40.0,3
EMP-002698,Hr,San Francisco,2015-05-28,Active,81870.0,40.0,1
EMP-002699,Sales,New York,2019-11-18,Active,75462.0,40.0,4
EMP-002700,It,San Francisco,2015-02-26,Active,42361.0,40.0,3
EMP-002701,Sales,London,2022-01-03,On Leave,32253.0,40.0,1
EMP-002702,Support,Remote,2017-12-15,Terminated,59137.0,20.0,3
EMP-002703,Sales,Remote,2019-04-01,Active,84042.0,40.0,4
EMP-002704,Sales,San Francisco,2022-03-10,Terminated,60356.0,20.0,1
EMP-002705,Hr,New York,2015-06-02,Active,97503.0,0.0,3
EMP-002706,It,Remote,2016-06-05,Active,51149.0,40.0,2
EMP-002707,Finance,San Francisco,2018-08-01,Active,62016.0,40.0,3
EMP-002708,It,Remote,2017-01-25,Terminated,92580.0,40.0,5
EMP-002709,Sales,Remote,2018-01-15,Active,65577.0,40.0,3
EMP-002710,Hr,London,2023-12-26,On Leave,66816.0,40.0,3
EMP-002711,It,New York,2022-06-06,Active,58913.0,40.0,3
EMP-002712,It,San Francisco,2022-12-15,Active,54276.0,40.0,3
EMP-002713,It,London,2023-06-08,Active,74928.5,40.0,3
EMP-002714,Hr,Remote,2018-01-25,Terminated,87093.0,40.0,3
EMP-002715,Marketing,New York,2017-09-03,Active,80679.0,40.0,3
EMP-002716,It,London,2017-02-08,Terminated,59595.0,40.0,1
EMP-002717,It,Chicago,2022-06-21,Active,69963.0,40.0,4
EMP-002718,Support,New York,2021-02-11,Active,114898.0,40.0,4
EMP-002719,Support,London,2017-02-15,Terminated,39473.0,40.0,2
EMP-002720,It,Chicago,2018-05-24,Active,122147.0,40.0,3
EMP-002721,Marketing,London,2019-07-24,Terminated,77493.0,40.0,3
EMP-002722,Finance,San Francisco,2019-10-02,Active,70497.0,40.0,3
EMP-002723,Hr,Chicago,2022-12-31,Active,98834.0,40.0,3
EMP-002724,Support,Chicago,2018-06-04,Terminated,23318.0,40.0,4
EMP-002725,Finance,London,2023-03-06,On Leave,109508.0,20.0,3
EMP-002726,It,San Francisco,2018-12-21,Active,121443.0,40.0,3
EMP-002727,Sales,San Francisco,2021-09-19,Active,102199.0,40.0,3
EMP-002728,Finance,Remote,2023-05-16,Active,22443.0,40.0,3
EMP-002729,It,London,2023-03-03,Active,94104.0,35.0,4
EMP-002730,Sales,San Francisco,2015-07-07,Active,116150.0,40.0,3
EMP-002731,Support,Remote,2016-11-07,Active,113569.0,40.0,4
EMP-002732,It,Remote,2019-04-17,Terminated,39798.0,40.0,3
EMP-002733,Sales,London,2018-11-19,Terminated,100409.0,40.0,2
EMP-002734,Hr,New York,2020-10-07,Active,119889.0,40.0,5
EMP-002735,Sales,London,2023-07-03,Terminated,75737.0,30.0,4
EMP-002736,Marketing,New York,2016-01-05,Active,38682.0,40.0,4
EMP-002737,It,Remote,2019-01-25,Active,95716.0,40.0,4
EMP-002738,It,San Francisco,2016-09-24,On Leave,101346.0,40.0,2
EMP-002739,Hr,London,2023-01-17,Terminated,71520.0,20.0,3
EMP-002740,Marketing,New York,2023-09-06,Active,45232.0,20.0,3
EMP-002741,Marketing,New York,2019-04-23,Terminated,99547.0,40.0,3
EMP-002742,It,London,2015-12-08,Active,55780.0,40.0,3
EMP-002743,It,Chicago,2022-01-25,Terminated,84934.0,40.0,3
EMP-002744,Finance,Remote,2021-04-10,Active,113954.0,40.0,3
EMP-002745,Finance,San Francisco,2018-03-11,Terminated,33530.0,40.0,4
EMP-002746,Marketing,London,2022-12-26,Active,97694.0,40.0,3
EMP-002747,Finance,New York,2023-10-13,Active,69835.0,20.0,3
EMP-002748,Sales,London,2020-01-08,Active,70484.0,40.0,3
EMP-002749,Marketing,Chicago,2020-02-03,Active,87858.0,40.0,4
EMP-002750,Marketing,Remote,2017-09-04,Terminated,55715.0,20.0,3
EMP-002751,Hr,Remote,2020-04-05,Active,45625.0,40.0,2
EMP-002752,Finance,London,2018-12-16,Terminated,74928.5,40.0,4
EMP-002753,It,London,2017-09-20,Active,105794.0,20.0,3
EMP-002754,Marketing,New York,2015-08-09,Terminated,65708.0,40.0,3
EMP-002755,Sales,London,2017-04-10,Active,89249.0,40.0,5
EMP-002756,It,London,2016-10-12,Active,62874.0,40.0,4
EMP-002757,Sales,London,2019-11-17,On Leave,45956.0,20.0,1
EMP-002758,Hr,London,2020-05-31,Active,74928.5,40.0,4
EMP-002759,It,Remote,2020-06-23,Terminated,83199.0,40.0,3
EMP-002760,It,Chicago,2018-06-29,Terminated,69078.0,40.0,1
EMP-002761,Marketing,Remote,2018-10-16,Active,82547.0,40.0,3
EMP-002762,Sales,Remote,2022-07-05,Active,50988.0,40.0,1
EMP-002763,Support,San Francisco,2019-04-15,Active,101515.0,40.0,3
EMP-002764,Sales,Remote,2023-11-21,Terminated,107310.0,0.0,4
EMP-002765,Sales,Remote,2018-12-16,Active,93983.0,40.0,3
EMP-002766,Hr,Chicago,2020-11-05,Active,65700.0,40.0,3
EMP-002767,It,San Francisco,2015-06-15,Active,76484.0,40.0,3
EMP-002768,Support,New York,2020-11-17,Active,114221.0,40.0,3
EMP-002769,Finance,San Francisco,2022-08-30,Terminated,107029.0,40.0,3
EMP-002770,Finance,New York,2023-06-25,Active,124847.0,40.0,1
EMP-002771,It,San Francisco,2023-12-23,Terminated,55487.0,20.0,3
EMP-002772,Sales,London,2017-07-16,Active,53245.0,40.0,2
EMP-002773,Sales,London,2020-03-06,Active,78359.0,40.0,3
EMP-002774,Hr,San Francisco,2019-01-21,Active,85172.0,40.0,3
EMP-002775,Sales,Remote,2020-01-28,Terminated,71443.0,40.0,3
EMP-002776,Hr,Remote,2016-06-01,Active,65258.0,40.0,4
EMP-002777,Finance,Chicago,2022-09-15,Active,106685.0,40.0,3
EMP-002778,It,London,2023-03-09,Active,74928.5,35.0,3
EMP-002779,It,London,2019-01-18,Active,44620.0,30.0,3
EMP-002780,It,New York,2017-07-10,Active,47508.0,40.0,3
EMP-002781,Support,Remote,2016-04-07,Terminated,81177.0,20.0,5
EMP-002782,It,Chicago,2021-02-25,Active,150066.0,40.0,3
EMP-002783,Support,Remote,2017-10-23,Active,50601.0,40.0,5
EMP-002784,Marketing,Remote,2023-03-09,Terminated,67128.0,40.0,4
EMP-002785,Marketing,New York,2021-01-14,Active,135120.0,40.0,5
EMP-002786,Sales,Remote,2020-10-23,Active,74928.5,40.0,3
EMP-002787,It,Remote,2020-01-13,Active,86387.0,40.0,3
EMP-002788,Finance,New York,2015-05-31,Active,121898.0,0.0,4
EMP-002789,It,Remote,2023-05-22,Active,51213.0,40.0,5
EMP-002790,Hr,Remote,2020-08-26,Active,67268.0,20.0,4
EMP-002791,Marketing,London,2023-12-12,Active,62891.0,20.0,3
EMP-002792,Sales,Chicago,2019-11-02,Active,37053.0,40.0,3
EMP-002793,Sales,Remote,2021-05-23,Active,114234.0,40.0,1
EMP-002794,Finance,Remote,2015-07-04,Terminated,60365.0,40.0,4
EMP-002795,Hr,London,2020-09-07,Terminated,53094.0,35.0,3
EMP-002796,Sales,London,2021-11-18,Terminated,63889.0,40.0,2
EMP-002797,Support,Chicago,2022-01-02,Active,98221.0,40.0,3
EMP-002798,Hr,Remote,2021-12-06,Active,77822.0,40.0,4
EMP-002799,Sales,Remote,2017-01-13,Terminated,55208.0,20.0,3
EMP-002800,Sales,London,2023-10-12,Active,85229.0,40.0,3
EMP-002801,Sales,London,2023-12-16,Active,95315.0,40.0,2
EMP-002802,Marketing,Chicago,2015-09-06,Active,74406.0,40.0,4
EMP-002803,Hr,San Francisco,2023-06-06,Active,69131.0,40.0,1
EMP-002804,Hr,New York,2017-08-09,Terminated,100397.0,20.0,4
EMP-002805,Sales,Remote,2021-03-15,Terminated,70520.0,40.0,5
EMP-002806,Support,London,2018-01-16,Terminated,115205.0,40.0,5
EMP-002807,Finance,New York,2023-09-17,Terminated,56059.0,40.0,3
EMP-002808,It,London,2015-11-30,Active,55477.0,0.0,2
EMP-002809,Finance,London,2019-06-25,Terminated,52405.0,40.0,2
EMP-002810,Hr,San Francisco,2018-11-07,Active,69029.0,35.0,3
EMP-002811,Finance,Remote,2017-12-07,Terminated,75063.0,40.0,4
EMP-002812,Sales,Remote,2020-10-22,Active,41859.0,40.0,1
EMP-002813,Sales,Chicago,2016-03-06,Terminated,77419.0,40.0,3
EMP-002814,Sales,London,2021-06-13,Terminated,89134.0,40.0,3
EMP-002815,Hr,London,2023-10-29,Active,38363.0,40.0,2
EMP-002816,Sales,London,2022-03-29,Active,61971.0,40.0,4
EMP-002817,Hr,Chicago,2022-09-27,Active,89187.0,20.0,3
EMP-002818,It,New York,2018-03-28,Active,47765.0,20.0,3
EMP-002819,It,Remote,2017-12-03,Active,67101.0,40.0,1
EMP-002820,Marketing,Remote,2019-08-27,Terminated,102205.0,40.0,2
EMP-002821,Hr,London,2015-05-31,Active,119880.0,35.0,4
EMP-002822,Support,London,2023-07-05,Active,74928.5,40.0,3
EMP-002823,Finance,London,2016-04-17,Terminated,70769.0,40.0,1
EMP-002824,Hr,London,2023-02-16,Active,62465.0,40.0,5
EMP-002825,It,Chicago,2015-10-02,Active,97769.0,40.0,3
EMP-002826,Marketing,San Francisco,2022-05-27,Terminated,103335.0,40.0,3
EMP-002827,It,New York,2016-05-14,Terminated,46089.0,40.0,4
EMP-002828,Sales,Remote,2015-05-06,Active,97761.0,40.0,5
EMP-002829,It,San Francisco,2021-06-22,Active,59824.0,40.0,4
EMP-002830,Finance,San Francisco,2017-07-10,Active,53511.0,40.0,3
EMP-002831,Hr,London,2021-06-06,Active,71159.0,40.0,2
EMP-002832,It,London,2019-12-30,Active,99790.0,40.0,4
EMP-002833,Finance,London,2015-12-24,Terminated,82735.0,40.0,4
EMP-002834,Sales,San Francisco,2023-05-22,Terminated,82058.0,40.0,3
EMP-002835,It,London,2019-01-26,Active,74928.5,40.0,5
EMP-002836,Support,New York,2021-08-11,Active,86691.0,40.0,3
EMP-002837,Marketing,London,2019-07-05,Active,72146.0,20.0,3
EMP-002838,Finance,London,2020-06-09,Active,74928.5,40.0,3
EMP-002839,Finance,Remote,2017-09-22,Active,74928.5,20.0,3
EMP-002840,Support,London,2016-10-20,On Leave,91275.0,0.0,3
EMP-002841,Finance,New York,2019-11-19,Active,96425.0,20.0,4
EMP-002842,Sales,Remote,2018-12-17,Active,92478.0,0.0,3
EMP-002843,Sales,New York,2018-07-06,Active,74928.5,35.0,3
EMP-002844,Support,London,2021-01-19,Active,86622.0,20.0,5
EMP-002845,Marketing,London,2021-03-19,Active,74928.5,40.0,5
EMP-002846,Hr,Remote,2015-05-31,Active,18210.0,40.0,3
EMP-002847,It,Chicago,2018-01-18,Active,96344.0,0.0,4
EMP-002848,Hr,London,2018-09-15,Active,124386.0,40.0,2
EMP-002849,Finance,San Francisco,2015-11-15,Terminated,59453.0,0.0,3
EMP-002850,It,Remote,2017-02-14,Active,56657.0,40.0,4
EMP-002851,Sales,San Francisco,2015-06-19,Active,107158.0,40.0,3
EMP-002852,Support,New York,2023-12-19,Active,51832.0,30.0,1
EMP-002853,Support,San Francisco,2021-08-18,Active,58332.0,40.0,3
EMP-002854,Marketing,Remote,2015-10-15,Active,79249.0,35.0,4
EMP-002855,It,Remote,2015-03-08,Active,55026.0,40.0,3
EMP-002856,Sales,London,2021-06-22,Active,96876.0,0.0,3
EMP-002857,It,Remote,2018-12-14,Terminated,55230.0,40.0,5
EMP-002858,Finance,London,2022-01-30,Active,84016.0,40.0,5
EMP-002859,Sales,New York,2023-04-24,Active,82112.0,40.0,3
EMP-002860,It,San Francisco,2020-05-23,Terminated,116597.0,40.0,3
EMP-002861,It,Remote,2016-09-07,Active,104133.0,0.0,3
EMP-002862,Sales,London,2022-01-15,Active,61762.0,40.0,4
EMP-002863,It,Chicago,2023-08-08,Active,43388.0,40.0,5
EMP-002864,Support,Remote,2020-03-22,Active,95949.0,20.0,1
EMP-002865,It,Remote,2021-02-19,Active,58665.0,0.0,3
EMP-002866,It,London,2018-01-14,Active,66608.0,35.0,4
EMP-002867,Hr,Remote,2018-06-08,Active,48504.0,40.0,4
EMP-002868,Marketing,London,2021-08-11,Active,91975.0,40.0,3
EMP-002869,Hr,London,2023-05-08,Active,58838.0,40.0,3
EMP-002870,It,Chicago,2020-08-29,Active,74124.0,20.0,3
EMP-002871,Sales,Remote,2022-02-09,Active,74512.0,40.0,4
EMP-002872,Marketing,New York,2016-07-18,Terminated,79589.0,40.0,3
EMP-002873,Finance,New York,2016-11-27,Active,91541.0,40.0,3
EMP-002874,Hr,Remote,2019-10-15,Active,68929.0,40.0,3
EMP-002875,Sales,London,2016-08-03,On Leave,56464.0,20.0,5
EMP-002876,It,Remote,2020-09-18,Terminated,28511.0,40.0,1
EMP-002877,It,San Francisco,2017-08-16,Terminated,74928.5,40.0,3
EMP-002878,Hr,Chicago,2022-02-14,Terminated,74928.5,40.0,3
EMP-002879,It,Remote,2022-04-10,Active,57238.0,20.0,3
EMP-002880,Sales,Remote,2019-03-05,Active,76564.0,40.0,3
EMP-002881,It,San Francisco,2016-08-17,Active,96400.0,40.0,3
EMP-002882,Finance,London,2020-10-26,Active,102797.0,40.0,3
EMP-002883,Sales,Chicago,2023-12-08,Active,36622.0,40.0,4
EMP-002884,It,Remote,2020-08-08,On Leave,65978.0,40.0,3
EMP-002885,Sales,New York,2015-04-28,Active,99026.0,40.0,4
EMP-002886,Finance,San Francisco,2015-02-26,Active,114901.0,40.0,5
EMP-002887,Sales,London,2017-11-19,Active,54568.0,40.0,3
EMP-002888,Marketing,Chicago,2016-10-05,Terminated,109458.0,35.0,5
EMP-002889,Finance,San Francisco,2022-04-26,Active,41248.0,40.0,3
EMP-002890,It,Remote,2022-08-08,Terminated,103707.0,40.0,3
EMP-002891,Marketing,London,2017-04-30,Active,67956.0,40.0,4
EMP-002892,It,New York,2017-12-06,Active,114071.0,0.0,3
EMP-002893,It,Remote,2017-02-15,Active,63399.0,30.0,3
EMP-002894,Sales,Remote,2023-03-05,Terminated,67253.0,40.0,3
EMP-002895,It,London,2019-07-11,Active,71665.0,40.0,4
EMP-002896,It,London,2020-11-26,Active,36574.0,40.0,3
EMP-002897,It,Chicago,2018-09-27,Active,30938.0,40.0,3
EMP-002898,Support,London,2020-09-05,Active,87754.0,40.0,3
EMP-002899,It,San Francisco,2018-06-22,Terminated,74928.5,40.0,3
EMP-002900,Marketing,New York,2018-01-21,Terminated,90189.0,40.0,3
EMP-002901,It,Remote,2020-09-16,Active,43651.0,40.0,2
EMP-002902,It,Chicago,2020-04-26,Active,87005.0,40.0,3
EMP-002903,Sales,New York,2017-08-22,Active,50245.0,0.0,5
EMP-002904,It,London,2016-05-05,On Leave,85191.0,30.0,3
EMP-002905,Sales,London,2018-04-26,Terminated,103282.0,20.0,1
EMP-002906,It,San Francisco,2018-09-26,Terminated,84187.0,40.0,4
EMP-002907,Sales,London,2020-08-28,Terminated,111713.0,40.0,4
EMP-002908,Sales,Remote,2023-03-26,Active,71250.0,40.0,4
EMP-002909,Hr,Remote,2015-04-29,Active,69584.0,40.0,3
EMP-002910,Support,Remote,2017-03-11,Terminated,76684.0,35.0,1
EMP-002911,Sales,Remote,2016-09-28,Terminated,41434.0,40.0,3
EMP-002912,Sales,London,2019-07-10,Terminated,64926.0,0.0,3
EMP-002913,Marketing,New York,2018-11-13,Active,67122.0,40.0,1
EMP-002914,Hr,London,2021-07-24,Active,67900.0,40.0,2
EMP-002915,Sales,New York,2017-03-07,Active,81707.0,20.0,3
EMP-002916,Sales,New York,2020-05-08,Active,37992.0,40.0,4
EMP-002917,Support,New York,2022-12-15,Active,46360.0,40.0,5
EMP-002918,It,Chicago,2023-03-13,Active,103302.0,40.0,4
EMP-002919,Sales,London,2023-08-18,Active,24819.0,40.0,3
EMP-002920,Marketing,London,2021-12-16,Active,90409.0,40.0,5
EMP-002921,Finance,Chicago,2023-02-25,Active,65661.0,0.0,3
EMP-002922,Sales,Remote,2017-02-09,Terminated,79003.0,40.0,3
EMP-002923,Finance,Chicago,2016-10-11,Active,113952.0,20.0,3
EMP-002924,Sales,San Francisco,2015-01-22,Active,71720.0,40.0,3
EMP-002925,It,Remote,2021-05-12,Active,90635.0,20.0,4
EMP-002926,Marketing,New York,2023-06-09,Active,76464.0,40.0,3
EMP-002927,Hr,London,2016-09-06,Terminated,72266.0,30.0,2
EMP-002928,It,San Francisco,2020-09-24,Active,69171.0,40.0,3
EMP-002929,It,London,2021-09-19,Active,92526.0,40.0,3
EMP-002930,Sales,Remote,2023-05-08,Active,56710.0,30.0,3
EMP-002931,Marketing,San Francisco,2020-10-27,Terminated,46699.0,40.0,3
EMP-002932,It,London,2023-09-25,Active,76862.0,40.0,4
EMP-002933,Sales,Remote,2018-02-06,Active,79820.0,40.0,4
EMP-002934,Sales,New York,2018-02-24,Terminated,29396.0,40.0,4
EMP-002935,Sales,San Francisco,2019-11-20,Active,74738.0,40.0,3
EMP-002936,Sales,Remote,2018-06-14,Active,44328.0,40.0,2
EMP-002937,Sales,New York,2015-01-05,Active,90671.0,40.0,4
EMP-002938,Finance,London,2021-08-02,Active,74928.5,40.0,4
EMP-002939,Sales,Remote,2021-10-06,Active,123127.0,40.0,4
EMP-002940,Finance,Chicago,2021-09-21,Terminated,66545.0,40.0,5
EMP-002941,Finance,London,2018-02-08,Terminated,53376.0,40.0,5
EMP-002942,It,New York,2019-09-13,Active,67926.0,40.0,5
EMP-002943,Sales,San Francisco,2018-03-29,Active,88907.0,40.0,3
EMP-002944,Support,Remote,2015-02-22,Active,97262.0,40.0,4
EMP-002945,Hr,San Francisco,2020-01-23,Active,68142.0,40.0,5
EMP-002946,It,Chicago,2016-02-11,Terminated,39033.0,40.0,4
EMP-002947,Finance,London,2015-09-21,Active,44693.0,30.0,4
EMP-002948,Marketing,Chicago,2021-10-19,Active,82160.0,40.0,4
EMP-002949,Marketing,San Francisco,2015-02-01,Active,99683.0,40.0,3
EMP-002950,Hr,London,2023-08-19,Active,102937.0,40.0,3
EMP-002951,Marketing,Remote,2019-08-21,Active,74928.5,40.0,3
EMP-002952,Support,New York,2023-11-06,Terminated,99182.0,40.0,5
EMP-002953,Marketing,London,2015-07-10,Terminated,122809.0,40.0,2
EMP-002954,It,Remote,2020-04-02,Active,104759.0,40.0,3
EMP-002955,It,London,2018-02-22,Active,98051.0,40.0,4
EMP-002956,Finance,Chicago,2022-08-04,Active,54836.0,40.0,4
EMP-002957,Sales,Chicago,2018-04-02,Active,99065.0,40.0,4
EMP-002958,It,Chicago,2017-05-06,Active,86531.0,40.0,3
EMP-002959,Support,Remote,2022-09-19,Active,91266.0,40.0,3
EMP-002960,Finance,London,2018-05-16,Active,106528.0,40.0,4
EMP-002961,Support,London,2015-02-25,Active,83964.0,0.0,4
EMP-002962,Sales,London,2018-07-06,Terminated,72436.0,40.0,3
EMP-002963,Sales,Remote,2020-11-21,Active,48253.0,40.0,3
EMP-002964,Marketing,New York,2017-04-16,Active,67587.0,40.0,3
EMP-002965,Marketing,New York,2018-11-20,Terminated,80321.0,40.0,3
EMP-002966,It,New York,2015-07-06,Terminated,81940.0,20.0,4
EMP-002967,Sales,New York,2020-04-17,On Leave,81097.0,40.0,3
EMP-002968,Finance,New York,2021-10-21,Active,98988.0,35.0,3
EMP-002969,It,San Francisco,2018-09-20,Active,96634.0,0.0,3
EMP-002970,Sales,Chicago,2018-10-13,Active,73448.0,40.0,1
EMP-002971,Hr,Remote,2015-10-18,Terminated,74928.5,40.0,5
EMP-002972,It,San Francisco,2016-10-25,Active,74928.5,40.0,4
EMP-002973,It,Remote,2016-05-23,Active,74928.5,35.0,2
EMP-002974,It,London,2019-05-03,Terminated,83031.0,20.0,3
EMP-002975,Finance,London,2019-10-06,Active,67602.0,40.0,3
EMP-002976,Support,Remote,2023-07-17,Active,88396.0,40.0,3
EMP-002977,Hr,Chicago,2015-08-29,Active,89893.0,40.0,2
EMP-002978,Finance,London,2020-05-25,Terminated,74928.5,35.0,3
EMP-002979,Sales,San Francisco,2019-09-27,On Leave,109322.0,35.0,3
EMP-002980,Sales,Remote,2019-08-24,Terminated,74928.5,40.0,4
EMP-002981,Sales,London,2022-11-10,Terminated,108135.0,40.0,5
EMP-002982,Sales,London,2016-11-06,Active,80756.0,0.0,3
EMP-002983,Sales,London,2015-05-15,Active,112812.0,35.0,4
EMP-002984,Support,London,2021-01-18,Active,105168.0,40.0,5
EMP-002985,Hr,Remote,2018-02-08,On Leave,98045.0,40.0,3
EMP-002986,Marketing,Remote,2015-02-27,Active,94730.0,40.0,5
EMP-002987,It,Remote,2017-04-06,Active,132538.0,40.0,3
EMP-002988,Support,London,2017-10-13,Terminated,101915.0,40.0,3
EMP-002989,Support,London,2020-07-20,Active,53767.0,40.0,3
EMP-002990,Sales,London,2016-07-21,Active,81148.0,40.0,4
EMP-002991,Marketing,San Francisco,2018-09-19,Terminated,68382.0,30.0,3
EMP-002992,Marketing,London,2019-05-05,Active,126612.0,40.0,2
EMP-002993,It,Remote,2019-02-18,Active,106286.0,40.0,3
EMP-002994,It,Remote,2023-10-07,Active,125799.0,35.0,3
EMP-002995,Marketing,London,2015-05-30,Active,56000.0,40.0,3
EMP-002996,Sales,Remote,2023-07-23,Terminated,102542.0,30.0,3
EMP-002997,Support,London,2020-03-27,Active,40887.0,40.0,4
EMP-002998,Finance,San Francisco,2022-02-28,Active,35197.0,40.0,3
EMP-002999,It,Chicago,2018-11-15,Active,74928.5,0.0,3
EMP-003000,Sales,San Francisco,2019-01-31,Active,112809.0,35.0,3
EMP-003001,Sales,London,2022-11-30,Active,50185.0,40.0,3
EMP-003002,It,San Francisco,2023-01-23,Active,74580.0,20.0,3
EMP-003003,Marketing,Chicago,2017-02-23,Terminated,104721.0,0.0,3
EMP-003004,Hr,San Francisco,2016-10-16,Terminated,96160.0,40.0,3
EMP-003005,Finance,Chicago,2019-06-20,Terminated,130405.0,20.0,3
EMP-003006,Finance,London,2023-02-07,Active,75084.0,40.0,2
EMP-003007,It,Chicago,2017-11-25,Active,63959.0,40.0,3
EMP-003008,Sales,Remote,2020-11-13,Active,47638.0,40.0,5
EMP-003009,Hr,Remote,2021-05-16,Active,65800.0,40.0,5
EMP-003010,Finance,Chicago,2022-01-03,Terminated,47410.0,40.0,3
EMP-003011,It,London,2020-01-28,Active,30089.0,40.0,3
EMP-003012,Sales,Remote,2018-08-15,Active,124085.0,20.0,3
EMP-003013,Finance,London,2023-09-14,Active,76223.0,40.0,3
EMP-003014,It,Chicago,2020-07-02,Active,139787.0,40.0,3
EMP-003015,Hr,Remote,2021-07-22,Active,54018.0,40.0,4
EMP-003016,Hr,Remote,2018-02-07,Active,64280.0,40.0,3
EMP-003017,It,Remote,2021-01-11,Active,55616.0,40.0,5
EMP-003018,Support,Chicago,2017-04-27,Active,58981.0,40.0,3
EMP-003019,Sales,Remote,2017-03-16,Active,96840.0,40.0,1
EMP-003020,It,Remote,2021-06-07,Terminated,89158.0,20.0,3
EMP-003021,Marketing,Remote,2019-09-10,Terminated,96885.0,20.0,5
EMP-003022,Marketing,London,2021-02-23,Terminated,108557.0,40.0,4
EMP-003023,It,Remote,2017-06-04,Active,102684.0,40.0,1
EMP-003024,Hr,London,2020-05-22,Active,49788.0,0.0,3
EMP-003025,Support,Chicago,2018-12-30,Active,61905.0,40.0,3
EMP-003026,Support,New York,2020-05-16,Active,78037.0,30.0,3
EMP-003027,Finance,New York,2017-08-14,Active,168196.0,40.0,3
EMP-003028,Finance,New York,2021-06-09,Active,94310.0,20.0,3
EMP-003029,It,Chicago,2022-04-03,Active,74928.5,40.0,3
EMP-003030,Support,New York,2017-05-04,Active,91832.0,40.0,3
EMP-003031,It,London,2017-09-15,Terminated,59922.0,40.0,1
EMP-003032,Sales,Chicago,2020-12-13,Active,81561.0,40.0,3
EMP-003033,It,London,2021-04-05,Active,98867.0,40.0,3
EMP-003034,Finance,Remote,2021-05-03,Active,74928.5,40.0,4
EMP-003035,Hr,London,2021-02-22,Active,56086.0,40.0,4
EMP-003036,It,Chicago,2018-07-15,Active,73053.0,40.0,3
EMP-003037,Sales,Chicago,2018-07-21,Active,67011.0,40.0,3
EMP-003038,Hr,Remote,2017-04-17,Active,41072.0,40.0,4
EMP-003039,Support,Remote,2016-05-30,Terminated,60711.0,30.0,4
EMP-003040,Support,Remote,2021-03-26,Active,40180.0,40.0,3
EMP-003041,It,San Francisco,2015-11-03,Active,44080.0,30.0,3
EMP-003042,Hr,London,2023-06-10,Active,46476.0,40.0,3
EMP-003043,Finance,Chicago,2022-06-10,Active,98836.0,0.0,3
EMP-003044,Finance,London,2022-09-19,Active,112229.0,40.0,4
EMP-003045,Marketing,Chicago,2023-02-28,Active,36598.0,40.0,3
EMP-003046,Support,Remote,2018-09-05,On Leave,114505.0,30.0,3
EMP-003047,It,Chicago,2022-08-15,Active,46835.0,40.0,1
EMP-003048,Marketing,Remote,2016-06-03,Terminated,93672.0,40.0,3
EMP-003049,Finance,Chicago,2015-03-13,Active,81464.0,40.0,5
EMP-003050,Hr,London,2022-01-23,Terminated,90896.0,30.0,3
EMP-003051,Sales,New York,2015-09-03,Active,74928.5,40.0,3
EMP-003052,Finance,Remote,2023-11-24,Active,29691.0,40.0,3
EMP-003053,Hr,Remote,2021-01-27,On Leave,54927.0,40.0,1
EMP-003054,Marketing,Chicago,2021-10-12,Active,85672.0,40.0,3
EMP-003055,Support,San Francisco,2017-03-18,Active,123923.0,40.0,2
EMP-003056,Finance,Remote,2021-01-23,Active,49257.0,20.0,4
EMP-003057,It,London,2015-05-23,Terminated,72529.0,40.0,3
EMP-003058,Hr,London,2022-07-16,Terminated,56273.0,40.0,3
EMP-003059,Support,New York,2016-07-11,Terminated,74928.5,40.0,3
EMP-003060,Sales,London,2021-04-11,Active,26730.0,40.0,3
EMP-003061,Sales,London,2017-01-07,Active,74928.5,40.0,3
EMP-003062,It,Remote,2015-08-14,Active,75601.0,40.0,4
EMP-003063,Hr,Remote,2019-05-02,Active,97929.0,40.0,3
EMP-003064,Marketing,San Francisco,2016-07-10,Terminated,69195.0,40.0,5
EMP-003065,It,London,2021-07-25,Active,79766.0,40.0,3
EMP-003066,It,New York,2017-02-19,Terminated,103222.0,40.0,3
EMP-003067,Sales,London,2018-01-30,Active,74928.5,30.0,4
EMP-003068,Finance,San Francisco,2020-02-09,Terminated,79193.0,35.0,4
EMP-003069,Hr,New York,2017-07-25,Active,55151.0,40.0,5
EMP-003070,It,Remote,2018-05-27,Terminated,61639.0,40.0,3
EMP-003071,Sales,London,2022-05-04,Active,49680.0,40.0,3
EMP-003072,Marketing,London,2016-08-12,Active,56550.0,20.0,3
EMP-003073,Support,Remote,2015-09-28,Active,106281.0,40.0,3
EMP-003074,It,Chicago,2017-12-15,Active,120215.0,40.0,3
EMP-003075,It,New York,2018-10-26,Active,43818.0,20.0,3
EMP-003076,Hr,London,2019-11-19,Active,84879.0,40.0,3
EMP-003077,It,New York,2018-05-09,Active,67058.0,40.0,4
EMP-003078,It,London,2022-02-09,Active,109924.0,35.0,3
EMP-003079,Finance,San Francisco,2015-05-10,Active,78372.0,40.0,3
EMP-003080,It,San Francisco,2018-11-20,Active,74813.0,40.0,2
EMP-003081,It,Chicago,2018-06-10,Terminated,56381.0,40.0,3
EMP-003082,It,London,2020-10-29,Terminated,36705.0,40.0,4
EMP-003083,Sales,London,2023-09-12,Terminated,94023.0,40.0,3
EMP-003084,Sales,Remote,2019-08-05,Active,83824.0,40.0,4
EMP-003085,It,London,2023-11-18,Active,84436.0,40.0,3
EMP-003086,Finance,New York,2017-09-20,Active,60017.0,40.0,3
EMP-003087,It,Remote,2015-04-12,Active,71356.0,40.0,5
EMP-003088,Sales,San Francisco,2016-06-28,Terminated,94777.0,40.0,3
EMP-003089,Hr,New York,2018-07-22,Active,99553.0,40.0,3
EMP-003090,Hr,Chicago,2017-11-05,Active,45538.0,40.0,3
EMP-003091,Hr,San Francisco,2015-11-16,Terminated,59166.0,40.0,3
EMP-003092,Marketing,Remote,2018-11-23,Terminated,40253.0,40.0,1
EMP-003093,It,San Francisco,2018-01-16,Active,80032.0,40.0,4
EMP-003094,Marketing,Remote,2016-02-08,Terminated,97108.0,40.0,4
EMP-003095,Sales,London,2017-08-31,Active,68032.0,0.0,4
EMP-003096,Hr,London,2022-12-23,Active,58429.0,40.0,2
EMP-003097,Sales,Remote,2017-09-19,Active,66617.0,40.0,5
EMP-003098,Finance,London,2021-06-04,Active,132658.0,40.0,3
EMP-003099,It,Remote,2020-07-04,Active,104798.0,0.0,2
EMP-003100,It,London,2018-11-05,Active,93275.0,40.0,2
EMP-003101,Support,San Francisco,2017-02-24,Active,83002.0,40.0,3
EMP-003102,Finance,Chicago,2018-04-27,Terminated,74681.0,40.0,3
EMP-003103,It,London,2020-04-30,Active,52334.0,40.0,3
EMP-003104,Marketing,London,2018-02-26,Terminated,48458.0,40.0,1
EMP-003105,Marketing,London,2016-12-07,Active,60802.0,40.0,3
EMP-003106,Finance,Remote,2016-01-18,Active,51156.0,40.0,2
EMP-003107,Marketing,San Francisco,2022-12-01,Terminated,59805.0,35.0,2
EMP-003108,Hr,London,2018-12-18,Terminated,72453.0,20.0,3
EMP-003109,Sales,Chicago,2020-08-17,Active,74367.0,40.0,1
EMP-003110,It,New York,2019-05-31,Active,59490.0,40.0,2
EMP-003111,Sales,San Francisco,2022-11-08,Active,87380.0,35.0,3
EMP-003112,It,Remote,2019-12-03,Active,70275.0,40.0,3
EMP-003113,It,Remote,2019-04-30,Active,80367.0,20.0,2
EMP-003114,Sales,London,2023-04-28,Active,56385.0,20.0,2
EMP-003115,It,Chicago,2021-06-23,Active,92322.0,40.0,1
EMP-003116,Sales,San Francisco,2016-01-02,Active,61629.0,40.0,4
EMP-003117,Finance,Chicago,2016-08-07,Terminated,115214.0,40.0,3
EMP-003118,It,Chicago,2022-01-31,Active,69375.0,40.0,3
EMP-003119,Sales,London,2022-07-10,Active,72633.0,30.0,4
EMP-003120,Sales,Remote,2019-11-28,Terminated,89840.0,40.0,2
EMP-003121,Sales,Remote,2019-12-28,Terminated,95296.0,40.0,1
EMP-003122,Sales,San Francisco,2020-09-08,Active,97990.0,40.0,3
EMP-003123,It,London,2018-12-14,On Leave,119390.0,40.0,3
EMP-003124,Support,Remote,2021-02-13,Terminated,91547.0,40.0,3
EMP-003125,Finance,London,2015-12-23,Active,74928.5,40.0,5
EMP-003126,Hr,New York,2023-08-26,Active,61759.0,40.0,3
EMP-003127,It,Chicago,2021-10-01,Terminated,71654.0,40.0,3
EMP-003128,Sales,New York,2020-09-05,Active,112100.0,40.0,4
EMP-003129,Support,London,2017-11-05,Active,40326.0,40.0,3
EMP-003130,Hr,Chicago,2016-06-13,Terminated,54525.0,40.0,4
EMP-003131,Hr,Remote,2018-09-07,Active,69525.0,20.0,2
EMP-003132,It,Remote,2020-12-14,Active,54192.0,40.0,3
EMP-003133,It,London,2020-09-14,Active,64781.0,40.0,1
EMP-003134,Sales,London,2018-06-11,Active,120156.0,40.0,3
EMP-003135,It,Remote,2020-07-08,Active,67548.0,40.0,3
EMP-003136,Support,London,2022-04-28,Active,74928.5,30.0,3
EMP-003137,Hr,Remote,2015-03-28,Terminated,33545.0,40.0,2
EMP-003138,It,San Francisco,2019-01-21,Terminated,47439.0,40.0,2
EMP-003139,Sales,London,2021-10-29,Active,98317.0,0.0,3
EMP-003140,It,New York,2019-12-01,Terminated,116701.0,20.0,2
EMP-003141,It,New York,2020-11-11,Active,80535.0,40.0,4
EMP-003142,Finance,London,2019-08-26,Active,74928.5,40.0,3
EMP-003143,It,London,2023-12-05,Active,87404.0,35.0,3
EMP-003144,Sales,London,2015-06-29,Active,10064.0,0.0,3
EMP-003145,Support,London,2019-06-03,Active,80728.0,40.0,3
EMP-003146,Hr,Remote,2015-10-28,Active,48847.0,40.0,5
EMP-003147,It,San Francisco,2016-06-09,Active,94852.0,40.0,2
EMP-003148,Sales,New York,2018-06-13,Active,20193.0,40.0,4
EMP-003149,It,Remote,2016-05-26,Terminated,59291.0,40.0,3
EMP-003150,Finance,Chicago,2023-09-03,On Leave,73976.0,40.0,4
EMP-003151,Sales,London,2023-07-10,Terminated,55955.0,40.0,4
EMP-003152,Marketing,London,2018-01-09,Active,65613.0,40.0,4
EMP-003153,Sales,Remote,2020-10-03,Active,97611.0,40.0,4
EMP-003154,Finance,New York,2019-10-21,Active,74388.0,40.0,1
EMP-003155,It,San Francisco,2022-05-04,Active,51735.0,40.0,4
EMP-003156,Support,Remote,2020-08-24,Terminated,98510.0,40.0,4
EMP-003157,Hr,Remote,2015-01-01,Active,81275.0,20.0,5
EMP-003158,It,New York,2021-11-13,Active,82312.0,35.0,2
EMP-003159,Sales,Remote,2021-09-20,Active,52687.0,40.0,5
EMP-003160,Support,New York,2019-08-03,Active,11310.0,40.0,4
EMP-003161,It,New York,2023-02-15,Active,52347.0,40.0,3
EMP-003162,Sales,London,2023-03-06,Active,49803.0,35.0,2
EMP-003163,Marketing,San Francisco,2019-09-19,Active,59668.0,40.0,3
EMP-003164,Finance,London,2020-06-21,Active,53954.0,40.0,4
EMP-003165,Finance,Chicago,2023-12-20,Active,77817.0,40.0,4
EMP-003166,Sales,San Francisco,2017-09-09,Terminated,97022.0,40.0,4
EMP-003167,Marketing,New York,2017-12-03,Terminated,74928.5,40.0,3
EMP-003168,Sales,Remote,2016-08-23,Terminated,95930.0,35.0,3
EMP-003169,It,Remote,2023-01-23,Active,52559.0,40.0,4
EMP-003170,Sales,San Francisco,2021-09-13,Active,76473.0,40.0,3
EMP-003171,Support,Chicago,2015-12-14,Active,114129.0,35.0,3
EMP-003172,It,New York,2023-11-02,Active,35382.0,40.0,3
EMP-003173,Finance,Remote,2021-07-30,Active,108706.0,40.0,4
EMP-003174,It,San Francisco,2022-08-27,Active,50097.0,40.0,5
EMP-003175,Support,London,2015-06-08,Terminated,74928.5,20.0,3
EMP-003176,It,London,2019-07-18,Terminated,85320.0,40.0,2
EMP-003177,Marketing,San Francisco,2021-04-15,Active,79748.0,40.0,3
EMP-003178,Finance,San Francisco,2019-11-20,Active,130712.0,40.0,5
EMP-003179,It,San Francisco,2020-12-31,On Leave,67479.0,40.0,3
EMP-003180,Sales,Remote,2022-05-12,Active,34013.0,40.0,1
EMP-003181,Sales,London,2018-05-15,Active,83911.0,40.0,3
EMP-003182,Support,Remote,2022-08-21,Active,70749.0,35.0,3
EMP-003183,It,Chicago,2016-06-19,On Leave,88870.0,40.0,2
EMP-003184,Sales,Chicago,2017-06-09,Active,97052.0,35.0,3
EMP-003185,Hr,New York,2015-05-23,Active,74158.0,40.0,2
EMP-003186,Marketing,London,2018-04-12,Active,85908.0,40.0,3
EMP-003187,Support,Remote,2018-06-02,Terminated,78606.0,40.0,3
EMP-003188,Hr,London,2022-03-31,Active,119797.0,35.0,3
EMP-003189,It,New York,2020-11-16,Active,65736.0,40.0,3
EMP-003190,Marketing,New York,2018-12-06,Active,57823.0,40.0,3
EMP-003191,It,San Francisco,2020-11-13,Active,74928.5,40.0,4
EMP-003192,Sales,London,2015-06-23,Active,51771.0,40.0,5
EMP-003193,It,London,2016-08-15,Active,84804.0,40.0,3
EMP-003194,Finance,London,2020-08-22,Active,70760.0,40.0,3
EMP-003195,Marketing,Remote,2020-10-09,Active,72467.0,40.0,5
EMP-003196,Hr,London,2021-12-19,Active,135933.0,35.0,2
EMP-003197,Sales,New York,2018-08-17,Terminated,105852.0,20.0,3
EMP-003198,Finance,London,2021-07-03,Terminated,100539.0,40.0,5
EMP-003199,Sales,London,2021-02-26,On Leave,74928.5,30.0,5
EMP-003200,Hr,Chicago,2023-09-02,Active,74928.5,40.0,3
EMP-003201,Support,London,2016-12-08,On Leave,81537.0,20.0,1
EMP-003202,Sales,London,2019-12-19,Active,89583.0,40.0,3
EMP-003203,Sales,New York,2020-05-31,Active,79975.0,40.0,5
EMP-003204,Sales,Remote,2023-12-27,Terminated,77369.0,20.0,4
EMP-003205,Support,London,2016-10-23,Active,65064.0,30.0,4
EMP-003206,Marketing,London,2019-09-16,Active,81836.0,40.0,3
EMP-003207,Sales,San Francisco,2018-02-11,Active,61861.0,30.0,4
EMP-003208,It,London,2019-09-25,Active,92586.0,40.0,4
EMP-003209,Hr,London,2017-02-02,Active,24606.0,35.0,4
EMP-003210,Finance,London,2015-06-06,Active,108969.0,40.0,3
EMP-003211,Sales,London,2020-02-26,Active,42208.0,40.0,3
EMP-003212,Hr,Chicago,2018-01-08,Active,48319.0,35.0,3
EMP-003213,It,New York,2016-08-21,Terminated,85221.0,40.0,3
EMP-003214,Hr,London,2017-11-30,Active,88499.0,40.0,1
EMP-003215,Finance,Remote,2015-06-11,Active,126957.0,40.0,4
EMP-003216,Hr,New York,2023-07-22,Terminated,82407.0,20.0,4
EMP-003217,Support,San Francisco,2020-03-25,Terminated,73989.0,40.0,4
EMP-003218,Sales,New York,2022-05-02,Active,79782.0,40.0,3
EMP-003219,Finance,London,2018-10-22,Active,74928.5,35.0,2
EMP-003220,Sales,San Francisco,2023-02-17,Active,135610.0,40.0,3
EMP-003221,Marketing,New York,2019-05-08,Active,70380.0,40.0,3
EMP-003222,Sales,San Francisco,2020-03-01,Active,88569.0,20.0,3
EMP-003223,It,Remote,2019-06-05,Active,73140.0,40.0,3
EMP-003224,Support,New York,2021-08-07,Active,72643.0,20.0,3
EMP-003225,Marketing,London,2020-02-06,Active,121976.0,40.0,3
EMP-003226,Hr,London,2017-06-11,Active,51857.0,40.0,4
EMP-003227,Finance,Remote,2016-04-23,On Leave,16643.0,40.0,2
EMP-003228,It,London,2020-06-15,Terminated,82936.0,40.0,3
EMP-003229,Support,San Francisco,2019-05-27,Terminated,105025.0,40.0,3
EMP-003230,Marketing,Remote,2015-11-12,On Leave,80497.0,40.0,4
EMP-003231,Marketing,Remote,2018-07-24,Terminated,87555.0,40.0,2
EMP-003232,It,Chicago,2019-08-20,Terminated,93810.0,40.0,2
EMP-003233,It,San Francisco,2022-06-10,Terminated,77773.0,40.0,3
EMP-003234,Hr,Remote,2015-09-08,Active,88908.0,35.0,3
EMP-003235,It,Chicago,2018-02-19,Active,88490.0,40.0,3
EMP-003236,Marketing,Remote,2022-05-28,Active,26035.0,40.0,3
EMP-003237,Sales,London,2020-11-01,On Leave,77847.0,35.0,3
EMP-003238,Support,Remote,2017-08-11,Terminated,35680.0,40.0,3
EMP-003239,It,Chicago,2022-08-10,Terminated,74046.0,20.0,4
EMP-003240,It,Remote,2019-06-10,Active,62618.0,30.0,3
EMP-003241,Marketing,San Francisco,2019-06-27,Terminated,100850.0,40.0,3
EMP-003242,Hr,London,2023-10-16,Terminated,81110.0,40.0,1
EMP-003243,Sales,Chicago,2023-07-11,Active,74928.5,40.0,2
EMP-003244,Marketing,San Francisco,2018-03-24,Active,70214.0,30.0,3
EMP-003245,Hr,Remote,2016-04-07,Active,101305.0,40.0,3
EMP-003246,It,London,2017-12-06,Active,35067.0,35.0,4
EMP-003247,Hr,New York,2015-04-11,On Leave,52612.0,40.0,3
EMP-003248,Finance,San Francisco,2015-03-10,Active,107158.0,35.0,3
EMP-003249,Finance,Remote,2018-07-24,Active,64109.0,40.0,3
EMP-003250,Finance,London,2023-06-21,Active,21354.0,40.0,4
EMP-003251,It,London,2022-11-04,Active,111316.0,40.0,3
EMP-003252,It,San Francisco,2019-08-09,Active,101923.0,30.0,3
EMP-003253,Sales,Remote,2020-02-01,Active,92774.0,40.0,1
EMP-003254,It,New York,2015-01-20,Active,77360.0,40.0,3
EMP-003255,Sales,Remote,2016-12-09,Active,116519.0,40.0,4
EMP-003256,It,San Francisco,2015-03-23,Active,106465.0,30.0,4
EMP-003257,Marketing,San Francisco,2021-10-16,Active,113696.0,40.0,2
EMP-003258,Marketing,London,2016-04-23,Active,92388.0,35.0,3
EMP-003259,Sales,London,2022-10-27,Terminated,78070.0,0.0,2
EMP-003260,It,Remote,2020-10-15,Active,65021.0,40.0,3
EMP-003261,Sales,New York,2017-01-24,Active,74928.5,40.0,2
EMP-003262,Hr,London,2016-06-02,Active,87551.0,20.0,4
EMP-003263,Sales,San Francisco,2020-08-25,Active,89634.0,40.0,3
EMP-003264,Sales,London,2023-02-09,Terminated,66255.0,40.0,3
EMP-003265,Hr,London,2021-06-19,Active,90342.0,40.0,5
EMP-003266,Sales,Chicago,2018-02-19,Terminated,66696.0,40.0,3
EMP-003267,Hr,London,2020-04-14,Active,96686.0,20.0,3
EMP-003268,Support,Remote,2017-10-18,Active,52947.0,40.0,3
EMP-003269,Sales,London,2023-12-29,Active,48622.0,40.0,5
EMP-003270,Marketing,Remote,2021-09-27,Terminated,68986.0,40.0,3
EMP-003271,Finance,Remote,2020-07-12,Active,95720.0,40.0,3
EMP-003272,It,London,2018-10-23,Active,46030.0,40.0,3
EMP-003273,Hr,New York,2020-07-24,Active,101242.0,40.0,3
EMP-003274,Support,Remote,2018-01-27,Active,33935.0,40.0,3
EMP-003275,Sales,Remote,2015-04-05,Active,68831.0,40.0,3
EMP-003276,Marketing,San Francisco,2018-07-22,Active,39673.0,40.0,4
EMP-003277,Finance,Remote,2023-05-17,Active,9753.0,0.0,3
EMP-003278,Hr,London,2020-08-20,On Leave,84161.0,35.0,4
EMP-003279,Sales,London,2015-10-03,Active,70555.0,40.0,3
EMP-003280,Sales,New York,2022-12-18,Active,40073.0,40.0,1
EMP-003281,Hr,San Francisco,2017-06-02,Active,62085.0,40.0,3
EMP-003282,Sales,Remote,2017-03-12,Active,86046.0,30.0,5
EMP-003283,Sales,Remote,2017-09-03,Active,65796.0,40.0,4
EMP-003284,Marketing,New York,2020-03-12,Terminated,70033.0,40.0,2
EMP-003285,Finance,London,2019-11-26,Active,65039.0,35.0,5
EMP-003286,Hr,London,2019-06-04,Active,60442.0,30.0,3
EMP-003287,Marketing,Chicago,2021-06-16,Active,60117.0,40.0,2
EMP-003288,Marketing,Chicago,2017-11-06,Active,59383.0,40.0,3
EMP-003289,It,Remote,2022-01-14,Active,56171.0,20.0,2
EMP-003290,Sales,London,2016-07-30,Terminated,49568.0,40.0,3
EMP-003291,It,New York,2022-01-16,Active,65507.0,40.0,3
EMP-003292,Sales,San Francisco,2020-12-21,Active,59002.0,30.0,3
EMP-003293,Sales,New York,2021-02-23,On Leave,48208.0,40.0,3
EMP-003294,Finance,London,2019-05-02,Active,94150.0,40.0,3
EMP-003295,Sales,Remote,2021-01-01,Active,105816.0,30.0,3
EMP-003296,Hr,Chicago,2015-09-20,Terminated,74997.0,40.0,5
EMP-003297,Marketing,Remote,2022-08-31,Terminated,76662.0,40.0,3
EMP-003298,Hr,London,2015-07-02,Terminated,57686.0,30.0,3
EMP-003299,It,New York,2016-05-03,Active,101676.0,40.0,3
EMP-003300,Finance,Chicago,2020-03-10,Active,118455.0,40.0,3
EMP-003301,Marketing,San Francisco,2021-08-27,Active,70905.0,0.0,3
EMP-003302,Hr,Remote,2015-09-08,Active,61964.0,40.0,3
EMP-003303,Sales,London,2023-04-15,Active,83537.0,40.0,3
EMP-003304,It,New York,2023-10-06,Terminated,78223.0,40.0,4
EMP-003305,It,San Francisco,2020-06-14,Active,62496.0,40.0,4
EMP-003306,Finance,London,2019-05-01,Active,86780.0,40.0,3
EMP-003307,It,Remote,2021-09-02,Active,74928.5,20.0,3
EMP-003308,Sales,Chicago,2017-12-15,Terminated,55355.0,35.0,5
EMP-003309,Finance,Remote,2019-06-10,On Leave,138551.0,40.0,3
EMP-003310,It,Chicago,2023-03-31,Terminated,36676.0,40.0,4
EMP-003311,Support,San Francisco,2023-08-08,Active,53708.0,40.0,3
EMP-003312,Sales,Remote,2023-05-06,Active,80849.0,40.0,4
EMP-003313,Sales,Chicago,2017-05-12,Active,131172.0,40.0,3
EMP-003314,Sales,Remote,2017-02-03,Terminated,60935.0,20.0,4
EMP-003315,Support,San Francisco,2017-09-05,Active,48356.0,40.0,2
EMP-003316,Support,Chicago,2018-12-21,Active,88731.0,40.0,3
EMP-003317,Hr,New York,2017-10-29,Active,68785.0,40.0,3
EMP-003318,Marketing,Chicago,2018-05-15,Active,91631.0,40.0,3
EMP-003319,It,Remote,2020-08-02,Active,73230.0,40.0,3
EMP-003320,It,Remote,2021-11-11,Active,53571.0,35.0,3
EMP-003321,Hr,London,2021-08-14,Active,133722.0,40.0,3
EMP-003322,It,London,2022-05-01,Active,1140.0,40.0,3
EMP-003323,It,Chicago,2015-04-16,Active,120506.0,0.0,3
EMP-003324,Marketing,London,2015-06-06,Terminated,98332.0,20.0,5
EMP-003325,Support,Chicago,2022-02-07,Active,56360.0,30.0,2
EMP-003326,Marketing,Remote,2019-10-19,Terminated,121811.0,40.0,3
EMP-003327,Support,London,2020-03-15,Active,40715.0,40.0,3
EMP-003328,It,Remote,2015-06-22,Active,100203.0,40.0,5
EMP-003329,Marketing,Remote,2017-04-19,Active,22934.0,40.0,3
EMP-003330,Hr,New York,2020-09-29,Terminated,46353.0,40.0,2
EMP-003331,Finance,Chicago,2022-09-25,Active,46291.0,40.0,3
EMP-003332,Hr,London,2023-04-03,Active,56234.0,20.0,3
EMP-003333,It,Remote,2019-07-03,Active,75290.0,20.0,3
EMP-003334,Hr,London,2019-11-28,Active,74928.5,40.0,3
EMP-003335,It,Remote,2022-07-01,Active,24090.0,20.0,3
EMP-003336,Sales,Remote,2019-11-03,Active,86586.0,35.0,3
EMP-003337,It,London,2019-08-26,Active,76224.0,40.0,4
EMP-003338,Marketing,London,2023-02-23,Active,85223.0,40.0,2
EMP-003339,It,New York,2022-02-09,Terminated,74928.5,40.0,5
EMP-003340,Finance,Remote,2023-03-08,Active,98856.0,40.0,3
EMP-003341,Support,Remote,2016-12-18,Active,73113.0,40.0,3
EMP-003342,Marketing,London,2019-09-20,On Leave,100313.0,40.0,3
EMP-003343,Sales,Chicago,2022-08-01,Active,55608.0,30.0,3
EMP-003344,It,San Francisco,2016-01-01,Active,57033.0,40.0,3
EMP-003345,Marketing,Remote,2022-02-25,Active,109401.0,20.0,3
EMP-003346,Marketing,Remote,2016-08-24,Active,108892.0,40.0,3
EMP-003347,Marketing,San Francisco,2022-04-10,Active,89344.0,20.0,3
EMP-003348,Support,Remote,2020-07-04,Active,52772.0,20.0,3
EMP-003349,Sales,London,2016-09-27,Active,50759.0,40.0,3
EMP-003350,It,London,2019-04-05,Active,108202.0,40.0,3
EMP-003351,Hr,San Francisco,2021-02-19,Active,106817.0,40.0,2
EMP-003352,Marketing,Remote,2020-09-14,Terminated,73411.0,35.0,4
EMP-003353,Sales,Remote,2018-11-05,Active,133547.0,40.0,2
EMP-003354,It,Remote,2023-02-04,Terminated,86473.0,40.0,4
EMP-003355,Finance,Remote,2019-09-03,Active,47320.0,40.0,3
EMP-003356,Support,Chicago,2019-07-21,Terminated,74928.5,40.0,3
EMP-003357,It,Remote,2015-07-24,On Leave,75137.0,40.0,3
EMP-003358,Support,London,2023-04-20,Active,77160.0,40.0,2
EMP-003359,It,New York,2016-08-05,Active,106250.0,30.0,4
EMP-003360,Support,London,2019-10-03,Active,51093.0,40.0,3
EMP-003361,It,New York,2022-03-26,Active,41712.0,40.0,3
EMP-003362,Marketing,New York,2016-12-09,Active,90058.0,20.0,3
EMP-003363,Hr,New York,2019-09-30,Terminated,62325.0,40.0,1
EMP-003364,It,London,2017-03-02,Active,135588.0,40.0,4
EMP-003365,Sales,Remote,2021-11-02,Active,98581.0,40.0,3
EMP-003366,It,London,2020-01-29,Terminated,61865.0,40.0,2
EMP-003367,Sales,Remote,2022-09-14,Active,105321.0,35.0,4
EMP-003368,It,London,2023-01-19,Active,93260.0,40.0,3
EMP-003369,Sales,London,2020-11-02,Active,90842.0,35.0,3
EMP-003370,Finance,Remote,2021-07-12,Active,71944.0,35.0,3
EMP-003371,Marketing,Remote,2019-12-11,Active,85511.0,40.0,3
EMP-003372,Sales,Remote,2018-06-17,Terminated,22426.0,40.0,3
EMP-003373,Hr,Chicago,2020-10-31,Active,107927.0,20.0,3
EMP-003374,It,Remote,2023-03-05,Terminated,74928.5,40.0,4
EMP-003375,Marketing,New York,2018-10-01,Active,63947.0,40.0,4
EMP-003376,Sales,San Francisco,2017-10-30,Active,35107.0,40.0,3
EMP-003377,Marketing,San Francisco,2018-06-30,Active,62479.0,40.0,3
EMP-003378,Sales,London,2018-12-02,Active,73147.0,40.0,5
EMP-003379,Marketing,London,2015-08-30,On Leave,45080.0,40.0,4
EMP-003380,Marketing,Remote,2019-06-27,Active,5638.0,40.0,2
EMP-003381,Finance,London,2019-06-13,Active,80177.0,35.0,3
EMP-003382,Hr,London,2020-04-18,Active,127161.0,40.0,3
EMP-003383,Support,San Francisco,2018-04-07,Terminated,66218.0,40.0,3
EMP-003384,Support,New York,2020-07-08,Active,98983.0,40.0,4
EMP-003385,Sales,Remote,2022-11-26,Terminated,112610.0,40.0,3
EMP-003386,Marketing,New York,2023-08-07,Active,27499.0,40.0,3
EMP-003387,Sales,New York,2020-04-02,Active,63568.0,40.0,1
EMP-003388,Finance,Remote,2015-05-20,Active,43090.0,20.0,3
EMP-003389,Finance,Remote,2023-09-21,Terminated,54843.0,0.0,3
EMP-003390,It,Chicago,2021-05-09,Terminated,117550.0,40.0,3
EMP-003391,Sales,New York,2018-01-09,Active,80592.0,40.0,3
EMP-003392,Finance,London,2016-04-28,Terminated,94721.0,40.0,3
EMP-003393,It,London,2016-04-16,Active,73903.0,20.0,4
EMP-003394,Hr,New York,2016-07-05,Active,44736.0,40.0,3
EMP-003395,Sales,Remote,2015-05-30,Active,91953.0,40.0,3
EMP-003396,It,Remote,2023-02-13,Active,106314.0,40.0,4
EMP-003397,Hr,Chicago,2019-11-13,Active,82934.0,40.0,3
EMP-003398,Finance,Chicago,2021-04-19,Active,87228.0,40.0,2
EMP-003399,Hr,London,2022-06-14,Active,44130.0,20.0,5
EMP-003400,Hr,San Francisco,2022-02-14,Active,92672.0,40.0,3
EMP-003401,Sales,New York,2022-12-11,Active,108650.0,40.0,3
EMP-003402,Sales,London,2023-09-15,Active,85115.0,40.0,3
EMP-003403,Sales,New York,2018-12-14,Active,30080.0,0.0,3
EMP-003404,Hr,Chicago,2023-07-21,Active,115891.0,35.0,5
EMP-003405,Finance,Chicago,2021-07-05,On Leave,74928.5,40.0,4
EMP-003406,It,London,2015-08-21,Active,84695.0,40.0,3
EMP-003407,Marketing,San Francisco,2021-02-19,Active,98824.0,40.0,3
EMP-003408,Hr,London,2021-03-07,Active,101990.0,40.0,3
EMP-003409,It,London,2023-02-25,Active,29999.0,40.0,2
EMP-003410,Finance,San Francisco,2018-05-10,Active,77930.0,40.0,3
EMP-003411,Hr,Remote,2020-04-06,Active,76276.0,40.0,3
EMP-003412,It,New York,2015-02-10,Active,110976.0,0.0,5
EMP-003413,Marketing,London,2017-12-27,Active,86468.0,20.0,5
EMP-003414,Sales,Chicago,2015-07-24,Active,111203.0,40.0,3
EMP-003415,Finance,London,2019-09-12,Active,88498.0,40.0,3
EMP-003416,Support,Remote,2022-05-10,Active,73146.0,40.0,5
EMP-003417,Marketing,London,2016-11-09,Terminated,79846.0,40.0,4
EMP-003418,It,New York,2019-09-30,Terminated,113090.0,40.0,3
EMP-003419,Hr,Remote,2016-11-01,Active,42577.0,40.0,3
EMP-003420,It,Chicago,2016-02-01,Terminated,97649.0,40.0,4
EMP-003421,Support,Chicago,2019-08-07,Active,59310.0,40.0,1
EMP-003422,It,Remote,2015-09-18,Active,53938.0,20.0,5
EMP-003423,Support,Remote,2020-04-14,Active,100586.0,40.0,2
EMP-003424,Finance,Remote,2015-04-14,Active,52923.0,35.0,3
EMP-003425,Support,Remote,2015-12-17,On Leave,84427.0,30.0,2
EMP-003426,It,New York,2019-12-13,Active,62776.0,40.0,5
EMP-003427,It,London,2020-04-27,Terminated,16077.0,40.0,1
EMP-003428,Sales,Chicago,2015-04-06,Active,86943.0,40.0,5
EMP-003429,It,Chicago,2020-02-28,Active,78158.0,40.0,2
EMP-003430,Marketing,London,2022-07-19,Active,27248.0,40.0,2
EMP-003431,Support,Chicago,2021-07-02,Terminated,57535.0,30.0,5
EMP-003432,It,London,2016-03-07,Active,29825.0,40.0,4
EMP-003433,Finance,Remote,2020-05-01,Active,93292.0,40.0,4
EMP-003434,It,New York,2021-01-18,Active,109700.0,20.0,3
EMP-003435,Sales,New York,2015-05-03,On Leave,96237.0,20.0,2
EMP-003436,It,London,2022-09-12,Terminated,74928.5,40.0,2
EMP-003437,Sales,New York,2023-02-26,Active,62054.0,40.0,5
EMP-003438,It,London,2022-08-27,Active,88673.0,40.0,3
EMP-003439,Support,London,2022-06-03,Active,74928.5,40.0,4
EMP-003440,Sales,London,2021-09-14,Active,79633.0,40.0,4
EMP-003441,Support,San Francisco,2020-09-13,Active,98936.0,40.0,3
EMP-003442,Finance,London,2021-02-08,Active,104387.0,40.0,4
EMP-003443,Sales,Chicago,2022-04-04,Active,65256.0,40.0,4
EMP-003444,Hr,Chicago,2020-12-17,Terminated,74928.5,40.0,4
EMP-003445,Marketing,San Francisco,2017-12-13,Active,70315.0,20.0,4
EMP-003446,Marketing,San Francisco,2018-05-20,Active,69518.0,40.0,3
EMP-003447,Support,New York,2023-01-27,Terminated,82115.0,20.0,3
EMP-003448,It,San Francisco,2015-02-26,Terminated,95825.0,40.0,4
EMP-003449,Sales,London,2021-04-16,Active,27135.0,40.0,3
EMP-003450,Sales,Remote,2023-08-05,Active,58227.0,40.0,3
EMP-003451,Hr,London,2021-05-10,Active,50903.0,40.0,5
EMP-003452,Sales,London,2023-12-11,Active,106272.0,40.0,4
EMP-003453,Hr,San Francisco,2021-03-09,Active,69791.0,40.0,4
EMP-003454,Hr,Chicago,2015-04-23,Active,62178.0,40.0,3
EMP-003455,It,London,2022-06-11,Terminated,88458.0,40.0,3
EMP-003456,Sales,Chicago,2017-07-24,Terminated,60175.0,40.0,3
EMP-003457,Sales,London,2019-01-06,Active,74620.0,0.0,2
EMP-003458,Finance,Chicago,2017-10-22,Active,120352.0,40.0,4
EMP-003459,It,Remote,2017-06-01,Active,119657.0,40.0,3
EMP-003460,Hr,London,2018-11-19,Terminated,64815.0,20.0,3
EMP-003461,Hr,London,2018-05-29,Active,70441.0,40.0,4
EMP-003462,Finance,Chicago,2020-09-12,Active,59524.0,40.0,1
EMP-003463,Hr,Remote,2022-04-26,Active,26853.0,40.0,1
EMP-003464,Hr,London,2017-09-03,Active,100905.0,40.0,3
EMP-003465,Hr,New York,2016-12-03,Active,135534.0,40.0,4
EMP-003466,Marketing,London,2021-01-01,Terminated,63914.0,40.0,3
EMP-003467,It,Remote,2021-01-12,On Leave,54580.0,30.0,5
EMP-003468,It,New York,2023-02-10,Active,68179.0,40.0,3
EMP-003469,It,London,2015-02-22,Active,74928.5,40.0,2
EMP-003470,Finance,Remote,2022-09-04,Active,46612.0,35.0,2
EMP-003471,Hr,Remote,2019-09-09,Active,63538.0,35.0,3
EMP-003472,It,London,2020-08-04,Active,100372.0,40.0,3
EMP-003473,Marketing,Remote,2015-10-28,Active,78185.0,40.0,3
EMP-003474,Sales,Remote,2018-11-23,Active,106760.0,35.0,3
EMP-003475,Finance,Remote,2017-01-17,Active,74928.5,40.0,3
EMP-003476,Support,San Francisco,2017-04-15,On Leave,47777.0,40.0,3
EMP-003477,It,London,2019-07-15,Terminated,60600.0,40.0,3
EMP-003478,Support,Chicago,2022-04-24,Terminated,81210.0,40.0,3
EMP-003479,Hr,London,2021-09-10,Active,46935.0,40.0,3
EMP-003480,Marketing,New York,2020-04-26,Active,43692.0,40.0,3
EMP-003481,Marketing,Chicago,2019-11-09,Active,45195.0,40.0,5
EMP-003482,It,Chicago,2018-11-05,Active,87895.0,40.0,2
EMP-003483,Finance,Remote,2023-10-03,Active,65844.0,40.0,4
EMP-003484,Finance,Chicago,2020-01-16,Terminated,104561.0,40.0,3
EMP-003485,Marketing,Remote,2017-04-14,Active,52589.0,40.0,3
EMP-003486,Finance,Remote,2017-01-26,Active,13565.0,40.0,4
EMP-003487,Marketing,Chicago,2020-07-02,Active,71732.0,40.0,3
EMP-003488,It,Remote,2019-09-15,Active,116189.0,40.0,3
EMP-003489,It,San Francisco,2015-01-26,Active,74928.5,40.0,3
EMP-003490,Marketing,Remote,2022-06-21,Terminated,40698.0,20.0,3
EMP-003491,Support,London,2021-05-03,Active,34393.0,40.0,4
EMP-003492,Finance,Remote,2020-12-15,Active,104948.0,40.0,4
EMP-003493,Marketing,New York,2015-08-15,Active,54814.0,40.0,4
EMP-003494,Marketing,London,2018-04-05,Active,113545.0,40.0,3
EMP-003495,It,London,2023-06-02,Active,91352.0,20.0,4
EMP-003496,Finance,London,2022-10-06,Active,55761.0,40.0,4
EMP-003497,It,Chicago,2017-07-27,Active,104178.0,40.0,4
EMP-003498,It,Remote,2016-05-31,Active,51903.0,40.0,3
EMP-003499,It,Remote,2019-01-16,Terminated,38817.0,40.0,4
EMP-003500,Sales,London,2018-03-15,Terminated,53331.0,40.0,3
EMP-003501,It,Chicago,2021-02-20,Active,94218.0,0.0,2
EMP-003502,Finance,Remote,2023-09-12,Active,103449.0,40.0,3
EMP-003503,Sales,Chicago,2018-04-08,Active,65099.0,40.0,4
EMP-003504,Finance,Chicago,2015-07-24,Terminated,28292.0,40.0,3
EMP-003505,Finance,Chicago,2023-01-29,Active,36081.0,40.0,2
EMP-003506,It,Remote,2015-05-05,Active,48309.0,40.0,3
EMP-003507,It,London,2023-07-29,Active,42650.0,40.0,3
EMP-003508,Finance,Remote,2020-12-24,Active,81636.0,40.0,3
EMP-003509,Finance,San Francisco,2023-06-23,Active,123453.0,40.0,4
EMP-003510,Finance,London,2016-10-18,Terminated,94894.0,40.0,3
EMP-003511,It,San Francisco,2015-05-14,Active,46794.0,40.0,3
EMP-003512,Finance,San Francisco,2019-05-24,Active,57641.0,40.0,4
EMP-003513,Finance,San Francisco,2019-01-21,Active,62518.0,40.0,2
EMP-003514,Sales,Remote,2017-12-25,Terminated,84730.0,20.0,1
EMP-003515,Hr,London,2023-08-14,Active,114281.0,40.0,4
EMP-003516,Sales,London,2022-05-27,Active,63315.0,40.0,1
EMP-003517,Support,San Francisco,2020-12-14,Terminated,113469.0,30.0,3
EMP-003518,Sales,San Francisco,2016-06-19,Active,127598.0,20.0,3
EMP-003519,Hr,New York,2021-08-10,Active,66252.0,40.0,3
EMP-003520,Support,London,2021-07-17,Active,65609.0,40.0,3
EMP-003521,It,New York,2018-10-29,Active,65985.0,40.0,4
EMP-003522,Finance,London,2023-04-28,On Leave,76562.0,35.0,3
EMP-003523,Hr,New York,2016-07-02,Active,66046.0,40.0,3
EMP-003524,Sales,Chicago,2017-05-28,Active,97104.0,40.0,3
EMP-003525,It,Remote,2015-07-27,Active,36279.0,0.0,4
EMP-003526,Finance,London,2022-02-27,Active,61634.0,20.0,3
EMP-003527,It,Remote,2020-08-05,Active,83229.0,40.0,2
EMP-003528,Marketing,London,2017-11-01,Terminated,96752.0,40.0,3
EMP-003529,Hr,San Francisco,2016-06-22,Active,129882.0,40.0,3
EMP-003530,It,London,2015-05-12,Active,42774.0,40.0,2
EMP-003531,Hr,San Francisco,2016-07-02,Active,58699.0,40.0,3
EMP-003532,Sales,Remote,2019-01-29,Active,18340.0,40.0,5
EMP-003533,Hr,London,2017-03-23,Terminated,47253.0,40.0,3
EMP-003534,It,London,2017-05-01,Active,30777.0,40.0,2
EMP-003535,Sales,London,2022-11-18,Active,61968.0,40.0,3
EMP-003536,Support,San Francisco,2019-08-21,Active,69291.0,20.0,2
EMP-003537,Sales,San Francisco,2021-07-25,Active,86736.0,40.0,1
EMP-003538,Finance,Chicago,2015-04-28,Active,67535.0,40.0,1
EMP-003539,Hr,New York,2018-04-15,Active,86748.0,20.0,3
EMP-003540,Finance,London,2019-04-25,Terminated,77852.0,40.0,2
EMP-003541,Marketing,San Francisco,2016-09-04,Terminated,49167.0,40.0,3
EMP-003542,It,Remote,2016-01-31,Active,32843.0,40.0,3
EMP-003543,Finance,London,2022-10-31,Active,89592.0,20.0,3
EMP-003544,It,Remote,2023-06-15,Active,116163.0,40.0,3
EMP-003545,Finance,Remote,2015-09-17,Active,138385.0,0.0,3
EMP-003546,Sales,London,2018-02-21,Active,98386.0,40.0,4
EMP-003547,Sales,Chicago,2023-08-16,Active,111438.0,40.0,3
EMP-003548,Sales,London,2015-10-01,Active,86536.0,30.0,4
EMP-003549,Sales,Chicago,2020-10-16,Active,82550.0,30.0,3
EMP-003550,Sales,New York,2023-10-01,Active,77775.0,40.0,4
EMP-003551,Sales,San Francisco,2023-10-21,Terminated,72355.0,40.0,3
EMP-003552,Sales,London,2019-03-29,Active,90177.0,20.0,4
EMP-003553,Sales,Remote,2016-06-18,Active,61985.0,40.0,4
EMP-003554,It,London,2016-10-26,On Leave,71314.0,40.0,3
EMP-003555,Hr,New York,2023-01-03,Terminated,45551.0,40.0,2
EMP-003556,Sales,New York,2023-03-16,Active,86873.0,40.0,4
EMP-003557,Finance,Chicago,2020-06-21,Terminated,51023.0,20.0,2
EMP-003558,Sales,New York,2021-11-23,Active,75844.0,40.0,3
EMP-003559,It,London,2021-08-29,Active,87512.0,40.0,3
EMP-003560,It,Chicago,2020-12-15,Active,89647.0,40.0,3
EMP-003561,It,New York,2022-06-12,Active,94288.0,40.0,4
EMP-003562,Sales,London,2021-03-02,Active,69668.0,40.0,5
EMP-003563,Hr,Remote,2019-10-22,Active,87152.0,40.0,3
EMP-003564,Sales,London,2017-02-17,Active,62834.0,40.0,3
EMP-003565,Finance,Remote,2021-09-11,Terminated,25728.0,40.0,3
EMP-003566,Hr,London,2019-04-06,Active,88258.0,40.0,3
EMP-003567,Support,Remote,2017-08-26,Active,82462.0,40.0,3
EMP-003568,It,Remote,2022-03-20,Terminated,100333.0,0.0,4
EMP-003569,It,Chicago,2021-04-09,Active,74368.0,40.0,5
EMP-003570,Sales,San Francisco,2023-06-09,Active,34921.0,30.0,3
EMP-003571,Support,Chicago,2016-06-27,Active,72709.0,40.0,4
EMP-003572,Marketing,London,2020-11-03,Terminated,97165.0,0.0,4
EMP-003573,Sales,London,2017-03-13,Terminated,86901.0,40.0,3
EMP-003574,Sales,Chicago,2023-02-18,Terminated,71331.0,40.0,3
EMP-003575,It,San Francisco,2015-11-24,Active,33411.0,40.0,4
EMP-003576,Sales,London,2020-11-26,Terminated,49350.0,40.0,2
EMP-003577,Hr,Chicago,2022-02-13,Active,86931.0,40.0,4
EMP-003578,It,London,2018-03-12,Active,33371.0,20.0,3
EMP-003579,Sales,San Francisco,2023-08-03,Active,67044.0,40.0,3
EMP-003580,Finance,London,2022-08-28,Terminated,75961.0,40.0,4
EMP-003581,Support,San Francisco,2017-08-26,Active,103748.0,40.0,3
EMP-003582,Finance,San Francisco,2015-01-25,Active,90362.0,40.0,1
EMP-003583,Sales,Chicago,2017-09-02,Terminated,99070.0,40.0,3
EMP-003584,Hr,Chicago,2017-07-13,On Leave,82546.0,40.0,3
EMP-003585,Sales,Chicago,2023-01-04,Active,53865.0,40.0,5
EMP-003586,It,San Francisco,2023-09-14,Active,59658.0,20.0,3
EMP-003587,Finance,San Francisco,2015-08-20,Terminated,51684.0,30.0,3
EMP-003588,Sales,London,2019-03-30,Terminated,89770.0,40.0,4
EMP-003589,Finance,Remote,2019-12-08,Active,57652.0,40.0,3
EMP-003590,Sales,Chicago,2015-11-02,Active,74928.5,40.0,3
EMP-003591,Sales,Remote,2018-05-25,Active,75562.0,40.0,3
EMP-003592,It,London,2017-11-08,Active,74928.5,40.0,2
EMP-003593,Support,London,2019-10-29,Active,91428.0,40.0,3
EMP-003594,Sales,New York,2020-12-13,Active,55679.0,40.0,5
EMP-003595,Finance,Chicago,2021-05-01,Active,78796.0,30.0,3
EMP-003596,Support,London,2016-03-25,Active,116283.0,40.0,3
EMP-003597,Sales,London,2022-04-26,Terminated,90379.0,40.0,4
EMP-003598,Support,New York,2021-02-08,Active,35044.0,40.0,3
EMP-003599,Sales,Remote,2023-01-01,Active,52119.0,40.0,3
EMP-003600,Sales,Remote,2019-01-16,Terminated,50202.0,20.0,3
EMP-003601,Finance,London,2023-01-17,Active,74928.5,20.0,4
EMP-003602,Hr,Chicago,2022-10-16,Active,106407.0,30.0,1
EMP-003603,Finance,San Francisco,2018-12-12,Active,59374.0,0.0,3
EMP-003604,Sales,New York,2018-06-06,Terminated,58835.0,40.0,3
EMP-003605,It,San Francisco,2023-05-25,Terminated,76117.0,40.0,3
EMP-003606,It,Remote,2021-06-08,Active,76867.0,40.0,3
EMP-003607,Marketing,Remote,2023-05-10,Terminated,50942.0,40.0,3
EMP-003608,Hr,Remote,2022-03-04,Active,68772.0,40.0,5
EMP-003609,Support,Remote,2020-06-25,On Leave,38660.0,40.0,4
EMP-003610,Hr,London,2016-01-16,Terminated,106808.0,40.0,4
EMP-003611,It,Remote,2017-08-16,Active,30992.0,40.0,3
EMP-003612,Support,Remote,2023-09-20,Terminated,30714.0,40.0,4
EMP-003613,It,London,2017-11-15,Active,85876.0,40.0,3
EMP-003614,Support,London,2015-11-03,Active,74928.5,0.0,3
EMP-003615,Hr,Remote,2021-05-14,On Leave,74928.5,20.0,3
EMP-003616,Support,London,2021-08-09,Active,76579.0,20.0,3
EMP-003617,Support,London,2017-07-27,Active,91883.0,35.0,5
EMP-003618,It,Chicago,2017-09-05,Terminated,74928.5,40.0,3
EMP-003619,Finance,London,2019-03-22,On Leave,119479.0,40.0,4
EMP-003620,Finance,London,2015-03-13,Terminated,74989.0,40.0,3
EMP-003621,Marketing,Remote,2022-02-07,Active,104770.0,40.0,4
EMP-003622,Marketing,London,2017-11-08,Active,81964.0,40.0,3
EMP-003623,Sales,San Francisco,2022-09-07,Terminated,128280.0,40.0,3
EMP-003624,Sales,London,2022-03-23,Active,101459.0,40.0,3
EMP-003625,Sales,Remote,2020-12-14,Active,76087.0,40.0,4
EMP-003626,It,London,2017-12-03,Terminated,90721.0,40.0,5
EMP-003627,Marketing,New York,2019-08-25,Terminated,68480.0,40.0,4
EMP-003628,It,Remote,2019-01-02,Active,68228.0,20.0,4
EMP-003629,Sales,London,2018-01-18,Active,42415.0,35.0,3
EMP-003630,Sales,San Francisco,2022-08-19,Active,54793.0,40.0,3
EMP-003631,Hr,London,2019-05-09,Active,126524.0,0.0,4
EMP-003632,Sales,Remote,2022-06-30,Terminated,74928.5,40.0,3
EMP-003633,It,San Francisco,2015-12-12,Terminated,58613.0,40.0,3
EMP-003634,Sales,London,2016-04-08,Active,72657.0,0.0,5
EMP-003635,Sales,New York,2023-10-18,Terminated,74928.5,35.0,3
EMP-003636,Sales,Remote,2020-04-15,Active,84593.0,35.0,4
EMP-003637,Sales,New York,2019-08-03,Active,63272.0,40.0,3
EMP-003638,Sales,Remote,2019-09-16,Active,86134.0,40.0,3
EMP-003639,It,Chicago,2016-12-08,On Leave,103560.0,40.0,3
EMP-003640,It,Remote,2021-06-20,Active,106666.0,35.0,3
EMP-003641,It,Chicago,2015-10-06,Active,68312.0,40.0,5
EMP-003642,Support,Remote,2020-02-28,Active,90284.0,40.0,3
EMP-003643,Sales,Chicago,2020-02-20,Active,46347.0,40.0,4
EMP-003644,Hr,San Francisco,2023-03-24,Active,74928.5,40.0,3
EMP-003645,Marketing,Chicago,2019-09-26,Active,45657.0,40.0,3
EMP-003646,Hr,San Francisco,2016-03-26,Terminated,73856.0,20.0,4
EMP-003647,Marketing,London,2020-02-26,Active,53520.0,40.0,1
EMP-003648,Sales,London,2015-10-28,Active,36983.0,30.0,3
EMP-003649,Sales,Remote,2016-10-31,Active,65350.0,40.0,4
EMP-003650,Sales,Remote,2015-04-13,Terminated,31785.0,40.0,2
EMP-003651,It,Remote,2019-08-15,Active,108180.0,40.0,3
EMP-003652,It,Chicago,2015-10-05,Terminated,61062.0,40.0,3
EMP-003653,Marketing,Remote,2019-03-23,Terminated,99633.0,40.0,5
EMP-003654,It,Chicago,2023-05-25,Terminated,74928.5,40.0,3
EMP-003655,It,Chicago,2021-06-23,Terminated,45127.0,40.0,4
EMP-003656,It,London,2015-09-12,Active,104388.0,40.0,3
EMP-003657,Finance,London,2017-01-06,Terminated,77218.0,40.0,3
EMP-003658,Hr,Chicago,2021-01-23,Active,122173.0,20.0,4
EMP-003659,Hr,London,2023-01-19,Terminated,63337.0,40.0,3
EMP-003660,Support,San Francisco,2015-04-19,Terminated,63877.0,40.0,2
EMP-003661,Sales,Remote,2022-04-24,Active,100120.0,40.0,4
EMP-003662,It,New York,2020-01-21,Active,100294.0,40.0,3
EMP-003663,Marketing,London,2019-12-01,Active,78836.0,40.0,3
EMP-003664,Finance,Chicago,2023-08-15,Active,158382.0,40.0,4
EMP-003665,Finance,New York,2021-09-23,Active,67986.0,40.0,4
EMP-003666,Sales,London,2022-08-26,Active,43263.0,40.0,5
EMP-003667,It,Remote,2018-03-09,Active,49936.0,40.0,5
EMP-003668,Sales,San Francisco,2019-12-28,Terminated,68132.0,20.0,4
EMP-003669,Sales,Chicago,2020-07-15,Active,112969.0,40.0,3
EMP-003670,Sales,Remote,2017-11-23,Active,70341.0,40.0,1
EMP-003671,Hr,London,2020-02-18,Active,114151.0,0.0,2
EMP-003672,It,London,2017-02-16,Terminated,85861.0,20.0,3
EMP-003673,Support,Chicago,2016-04-16,Terminated,102084.0,40.0,4
EMP-003674,It,New York,2018-05-14,Active,84679.0,40.0,3
EMP-003675,It,London,2021-08-27,Active,84481.0,40.0,3
EMP-003676,Sales,London,2023-03-31,Active,93818.0,40.0,2
EMP-003677,Sales,Remote,2019-02-13,Terminated,60832.0,40.0,3
EMP-003678,It,San Francisco,2020-10-13,Active,61107.0,0.0,5
EMP-003679,It,London,2015-12-05,Active,83739.0,40.0,2
EMP-003680,Sales,London,2023-02-20,Active,123528.0,40.0,3
EMP-003681,Sales,San Francisco,2020-02-13,Active,36481.0,40.0,2
EMP-003682,Sales,Chicago,2022-01-08,On Leave,24270.0,40.0,3
EMP-003683,Support,Remote,2022-02-24,Active,68406.0,35.0,5
EMP-003684,Marketing,Remote,2017-04-23,Active,100771.0,40.0,2
EMP-003685,Hr,San Francisco,2019-10-06,Active,76284.0,30.0,2
EMP-003686,It,New York,2023-08-24,Terminated,45767.0,20.0,2
EMP-003687,Sales,London,2015-10-22,Active,76977.0,40.0,4
EMP-003688,It,New York,2021-02-23,Terminated,31676.0,40.0,1
EMP-003689,Marketing,San Francisco,2023-08-29,Active,90723.0,40.0,3
EMP-003690,Hr,Remote,2017-09-14,Terminated,67272.0,40.0,3
EMP-003691,Marketing,Remote,2022-10-02,Terminated,72949.0,0.0,2
EMP-003692,Hr,Remote,2023-05-27,Active,85680.0,40.0,5
EMP-003693,Finance,New York,2021-09-21,Active,80142.0,40.0,2
EMP-003694,Hr,Chicago,2017-01-30,Active,61469.0,40.0,2
EMP-003695,Sales,Chicago,2018-01-02,Terminated,100840.0,40.0,3
EMP-003696,Support,Remote,2015-04-28,Active,94923.0,40.0,3
EMP-003697,Marketing,Remote,2022-06-25,Active,30643.0,40.0,1
EMP-003698,Sales,New York,2022-08-24,Active,69244.0,40.0,4
EMP-003699,Sales,New York,2020-09-10,Active,47993.0,30.0,3
EMP-003700,Finance,New York,2018-03-04,Active,43299.0,40.0,5
EMP-003701,Support,San Francisco,2015-09-10,On Leave,88378.0,40.0,3
EMP-003702,It,Remote,2021-10-11,On Leave,64518.0,40.0,4
EMP-003703,Sales,Chicago,2021-07-16,Active,71431.0,40.0,3
EMP-003704,Marketing,Chicago,2023-03-19,Active,58258.0,40.0,2
EMP-003705,It,San Francisco,2021-07-29,Active,84254.0,40.0,5
EMP-003706,It,London,2022-06-16,Terminated,91959.0,40.0,3
EMP-003707,Sales,San Francisco,2021-09-17,Active,129256.0,40.0,4
EMP-003708,Hr,Remote,2020-09-04,Active,74928.5,40.0,3
EMP-003709,Sales,New York,2018-11-04,Active,38790.0,0.0,3
EMP-003710,It,San Francisco,2023-02-13,Terminated,62403.0,40.0,3
EMP-003711,It,New York,2020-11-09,Active,96176.0,40.0,3
EMP-003712,Finance,Remote,2018-08-02,Active,74928.5,40.0,3
EMP-003713,Finance,London,2015-10-02,Active,37947.0,20.0,3
EMP-003714,Marketing,Remote,2017-08-13,Active,56205.0,40.0,3
EMP-003715,Finance,Remote,2019-11-23,Active,74928.5,40.0,3
EMP-003716,Marketing,New York,2017-06-25,Active,47933.0,40.0,3
EMP-003717,Sales,Chicago,2016-12-28,Active,80437.0,40.0,3
EMP-003718,Marketing,San Francisco,2019-09-30,Terminated,73024.0,30.0,1
EMP-003719,Sales,London,2016-07-12,Active,94743.0,40.0,3
EMP-003720,Marketing,Remote,2022-03-15,Active,74928.5,40.0,3
EMP-003721,It,New York,2019-05-12,Active,88952.0,0.0,4
EMP-003722,It,London,2020-03-01,Active,62693.0,40.0,3
EMP-003723,Hr,London,2016-04-29,Active,46760.0,20.0,3
EMP-003724,Sales,Remote,2017-12-02,Terminated,61425.0,40.0,3
EMP-003725,Support,London,2018-09-09,Active,34543.0,40.0,1
EMP-003726,Sales,Remote,2022-04-10,On Leave,119705.0,40.0,3
EMP-003727,Marketing,London,2021-12-06,On Leave,78562.0,40.0,2
EMP-003728,Marketing,London,2017-01-02,Terminated,74928.5,40.0,3
EMP-003729,Support,Remote,2020-07-18,Terminated,65559.0,0.0,3
EMP-003730,Sales,Remote,2017-03-11,Active,13738.0,40.0,2
EMP-003731,Marketing,Remote,2023-11-23,Active,110859.0,40.0,4
EMP-003732,Hr,London,2023-07-27,Terminated,108414.0,40.0,3
EMP-003733,Finance,Remote,2020-01-26,Active,77689.0,0.0,3
EMP-003734,Finance,London,2021-04-16,Active,82987.0,40.0,3
EMP-003735,It,Chicago,2022-03-19,Active,43308.0,30.0,3
EMP-003736,It,Chicago,2021-06-27,Active,45126.0,40.0,4
EMP-003737,Finance,Remote,2021-04-19,Active,32568.0,30.0,3
EMP-003738,Finance,London,2023-08-17,Active,70973.0,40.0,3
EMP-003739,It,San Francisco,2020-05-14,Active,101526.0,40.0,3
EMP-003740,Hr,New York,2020-09-22,Terminated,65420.0,40.0,3
EMP-003741,Support,Remote,2022-08-23,Active,83692.0,40.0,4
EMP-003742,It,London,2021-01-10,Active,99471.0,40.0,3
EMP-003743,It,San Francisco,2021-08-06,Active,34397.0,0.0,4
EMP-003744,It,Remote,2017-02-08,Active,121139.0,40.0,2
EMP-003745,Support,San Francisco,2018-05-05,Active,103933.0,20.0,4
EMP-003746,It,San Francisco,2016-04-29,Active,87847.0,40.0,3
EMP-003747,Sales,Chicago,2019-07-21,Active,98102.0,40.0,2
EMP-003748,Hr,New York,2019-02-06,Active,99277.0,40.0,4
EMP-003749,Finance,San Francisco,2023-12-22,Active,82316.0,40.0,3
EMP-003750,Marketing,Remote,2020-07-02,Active,110707.0,35.0,3
EMP-003751,Support,Remote,2022-01-29,Active,74928.5,40.0,4
EMP-003752,Finance,London,2018-01-02,Active,86545.0,40.0,2
EMP-003753,Finance,Chicago,2022-06-26,On Leave,108041.0,40.0,2
EMP-003754,Sales,Remote,2020-07-14,Terminated,7720.0,40.0,4
EMP-003755,Sales,Remote,2021-04-10,Active,85949.0,35.0,3
EMP-003756,Support,Remote,2017-08-25,Active,93115.0,40.0,3
EMP-003757,It,San Francisco,2019-12-09,Active,32289.0,40.0,3
EMP-003758,Marketing,Remote,2020-09-15,Terminated,82046.0,40.0,3
EMP-003759,Support,New York,2020-04-20,Terminated,55157.0,40.0,3
EMP-003760,It,Remote,2023-03-28,Terminated,84920.0,40.0,3
EMP-003761,Finance,San Francisco,2023-01-31,Active,72625.0,40.0,3
EMP-003762,Marketing,Remote,2023-09-27,Active,51342.0,40.0,3
EMP-003763,It,Remote,2021-01-02,Active,102742.0,40.0,4
EMP-003764,Hr,Chicago,2023-09-30,Terminated,64541.0,40.0,3
EMP-003765,It,London,2022-06-29,Active,81749.0,40.0,1
EMP-003766,Sales,Chicago,2017-06-09,Active,107851.0,40.0,3
EMP-003767,Sales,Chicago,2018-11-05,Terminated,52083.0,20.0,3
EMP-003768,Finance,Remote,2017-02-22,Active,75201.0,40.0,3
EMP-003769,It,London,2015-01-14,Active,62617.0,40.0,3
EMP-003770,Sales,London,2016-09-10,Terminated,68196.0,30.0,3
EMP-003771,It,Chicago,2015-01-14,Active,128902.0,35.0,3
EMP-003772,It,Chicago,2021-06-24,Active,86419.0,40.0,4
EMP-003773,Sales,London,2018-10-30,Active,82840.0,40.0,2
EMP-003774,Sales,Remote,2017-10-24,Active,88102.0,40.0,3
EMP-003775,Sales,London,2021-11-08,Terminated,85756.0,30.0,3
EMP-003776,Hr,Chicago,2022-06-29,Active,29355.0,40.0,3
EMP-003777,Finance,San Francisco,2023-10-11,Active,132419.0,40.0,3
EMP-003778,Support,Remote,2020-10-11,Active,38391.0,40.0,5
EMP-003779,Sales,London,2019-02-26,Active,118315.0,40.0,4
EMP-003780,Hr,Chicago,2017-09-30,Active,90450.0,30.0,3
EMP-003781,Sales,Chicago,2016-12-31,Active,79519.0,40.0,3
EMP-003782,Support,London,2016-11-30,Active,67363.0,40.0,3
EMP-003783,Sales,London,2018-09-07,Terminated,140129.0,40.0,4
EMP-003784,Sales,San Francisco,2023-12-05,Active,90112.0,40.0,3
EMP-003785,It,Remote,2015-01-03,Active,75442.0,40.0,5
EMP-003786,It,Remote,2016-10-10,Terminated,61618.0,40.0,4
EMP-003787,Support,New York,2016-09-11,Active,58621.0,40.0,4
EMP-003788,Sales,San Francisco,2021-06-15,Active,76265.0,40.0,3
EMP-003789,It,Remote,2018-03-04,Terminated,51735.0,40.0,4
EMP-003790,Finance,San Francisco,2019-02-12,Terminated,91991.0,40.0,3
EMP-003791,Sales,London,2016-05-03,Active,58859.0,40.0,5
EMP-003792,Marketing,Remote,2018-08-24,Active,100124.0,40.0,3
EMP-003793,It,London,2015-12-06,Terminated,74928.5,40.0,4
EMP-003794,Support,Remote,2019-10-19,Active,73614.0,40.0,3
EMP-003795,Support,San Francisco,2015-11-18,On Leave,89508.0,40.0,3
EMP-003796,It,London,2022-02-11,Active,90759.0,40.0,3
EMP-003797,Sales,San Francisco,2020-02-06,Active,38442.0,40.0,3
EMP-003798,Sales,London,2021-07-07,Active,118292.0,20.0,3
EMP-003799,Finance,San Francisco,2018-10-07,Active,68606.0,35.0,3
EMP-003800,Sales,Remote,2018-06-07,Terminated,92389.0,20.0,5
EMP-003801,Hr,New York,2015-11-19,Active,93091.0,30.0,4
EMP-003802,Hr,Remote,2019-09-18,Active,12762.0,40.0,4
EMP-003803,Marketing,Chicago,2019-08-19,Active,58577.0,40.0,4
EMP-003804,It,San Francisco,2019-03-19,Terminated,96009.0,40.0,3
EMP-003805,It,Remote,2021-08-31,Terminated,76556.0,40.0,4
EMP-003806,It,San Francisco,2022-06-29,Active,92224.0,40.0,3
EMP-003807,Marketing,London,2021-10-03,Terminated,77309.0,40.0,3
EMP-003808,Hr,London,2016-04-17,Active,105735.0,40.0,3
EMP-003809,Sales,Remote,2020-08-06,Terminated,77851.0,40.0,3
EMP-003810,Marketing,Remote,2015-09-22,Active,110602.0,40.0,1
EMP-003811,Marketing,London,2021-04-02,Active,50499.0,40.0,4
EMP-003812,Sales,San Francisco,2018-06-09,On Leave,71809.0,30.0,3
EMP-003813,It,Remote,2016-03-11,Active,60165.0,40.0,3
EMP-003814,Finance,Remote,2022-10-04,Active,84716.0,40.0,2
EMP-003815,Sales,Chicago,2020-07-11,Active,68033.0,40.0,3
EMP-003816,Hr,Chicago,2018-03-11,Active,74928.5,40.0,2
EMP-003817,Support,New York,2015-04-12,Active,57381.0,40.0,1
EMP-003818,Sales,Chicago,2019-11-02,Active,63482.0,40.0,4
EMP-003819,Support,London,2023-04-23,Active,74743.0,40.0,3
EMP-003820,It,Remote,2020-05-14,Active,24466.0,35.0,4
EMP-003821,It,Remote,2023-09-29,On Leave,17456.0,20.0,3
EMP-003822,Marketing,Chicago,2016-03-24,Terminated,76479.0,35.0,3
EMP-003823,Sales,New York,2020-02-12,Terminated,5771.0,40.0,2
EMP-003824,Support,San Francisco,2022-03-08,Active,70171.0,40.0,3
EMP-003825,Finance,Remote,2019-09-24,Active,65571.0,40.0,3
EMP-003826,It,Chicago,2015-10-27,Active,88551.0,40.0,3
EMP-003827,Hr,Remote,2020-03-30,Terminated,58200.0,0.0,3
EMP-003828,It,San Francisco,2020-07-03,Active,114238.0,40.0,4
EMP-003829,Finance,London,2021-07-23,Active,96204.0,20.0,3
EMP-003830,Hr,Remote,2021-11-07,Active,37193.0,0.0,3
EMP-003831,Hr,San Francisco,2021-12-08,Terminated,67891.0,0.0,3
EMP-003832,It,London,2020-12-20,Active,113180.0,35.0,5
EMP-003833,Sales,London,2016-12-10,Active,57559.0,40.0,3
EMP-003834,Marketing,Remote,2018-08-21,Active,73678.0,40.0,3
EMP-003835,Support,Remote,2021-12-26,Terminated,110103.0,40.0,3
EMP-003836,It,Chicago,2023-07-31,Active,61485.0,40.0,3
EMP-003837,Finance,Chicago,2015-09-17,Terminated,103074.0,40.0,5
EMP-003838,Marketing,New York,2019-10-27,Terminated,52250.0,40.0,3
EMP-003839,Finance,San Francisco,2017-10-24,Terminated,2810.0,40.0,3
EMP-003840,Marketing,New York,2017-01-10,Active,74928.5,40.0,3
EMP-003841,Sales,London,2019-07-21,On Leave,85968.0,20.0,4
EMP-003842,It,Chicago,2020-06-15,Active,87614.0,40.0,1
EMP-003843,Finance,San Francisco,2015-02-02,Active,47676.0,35.0,4
EMP-003844,It,Remote,2022-01-08,Active,49666.0,40.0,3
EMP-003845,Marketing,New York,2022-05-18,Terminated,103761.0,40.0,3
EMP-003846,Marketing,Remote,2023-09-09,Active,81080.0,40.0,2
EMP-003847,Hr,Remote,2016-08-16,Active,72064.0,35.0,3
EMP-003848,Hr,Remote,2020-05-08,Active,80523.0,40.0,3
EMP-003849,Sales,New York,2018-11-03,Active,112713.0,0.0,4
EMP-003850,Finance,London,2018-01-05,Active,93092.0,20.0,3
EMP-003851,Hr,London,2020-02-03,Terminated,63134.0,40.0,4
EMP-003852,Sales,London,2022-01-15,Active,39913.0,40.0,2
EMP-003853,It,New York,2015-03-17,Terminated,89701.0,40.0,3
EMP-003854,It,London,2023-09-22,Active,51901.0,40.0,3
EMP-003855,Hr,Remote,2022-04-16,Active,45441.0,40.0,3
EMP-003856,Finance,London,2021-10-05,Active,107894.0,40.0,3
EMP-003857,Marketing,Chicago,2021-11-04,Active,96810.0,40.0,4
EMP-003858,Support,New York,2018-07-02,Active,84642.0,30.0,3
EMP-003859,Sales,London,2021-10-06,Terminated,44040.0,40.0,4
EMP-003860,Finance,New York,2018-06-25,Terminated,119732.0,40.0,3
EMP-003861,Sales,London,2023-02-02,On Leave,100722.0,20.0,5
EMP-003862,It,Remote,2016-08-05,Terminated,67405.0,40.0,3
EMP-003863,It,New York,2017-08-18,Active,62118.0,40.0,3
EMP-003864,Hr,Chicago,2019-12-18,Terminated,76962.0,20.0,3
EMP-003865,Hr,London,2017-11-15,Terminated,74928.5,40.0,5
EMP-003866,Sales,Chicago,2018-10-26,Active,130296.0,40.0,3
EMP-003867,Marketing,London,2019-06-07,Active,65362.0,40.0,3
EMP-003868,Sales,New York,2022-09-15,Active,74928.5,40.0,3
EMP-003869,It,Remote,2019-09-16,Active,114710.0,40.0,5
EMP-003870,Marketing,London,2018-04-06,Active,60773.0,40.0,3
EMP-003871,It,Remote,2017-03-25,Active,94661.0,40.0,4
EMP-003872,Support,Remote,2018-09-05,Terminated,91885.0,40.0,2
EMP-003873,It,Chicago,2019-08-23,Active,73536.0,0.0,3
EMP-003874,Hr,Remote,2021-09-18,Terminated,50675.0,40.0,3
EMP-003875,Hr,Chicago,2016-02-02,Active,73795.0,40.0,5
EMP-003876,Support,London,2016-12-29,Active,45753.0,40.0,4
EMP-003877,Sales,London,2018-06-01,Active,74407.0,40.0,1
EMP-003878,It,Remote,2018-03-30,Terminated,94320.0,40.0,4
EMP-003879,Marketing,London,2018-07-11,Active,117945.0,40.0,3
EMP-003880,Support,Remote,2022-02-21,Active,47804.0,40.0,3
EMP-003881,Marketing,Remote,2017-12-01,Active,68739.0,20.0,3
EMP-003882,Sales,London,2019-07-08,Active,61880.0,40.0,5
EMP-003883,Finance,New York,2020-08-12,Active,81843.0,0.0,3
EMP-003884,Hr,San Francisco,2017-02-02,Terminated,36955.0,40.0,5
EMP-003885,Marketing,London,2021-06-20,Terminated,51783.0,40.0,3
EMP-003886,It,San Francisco,2019-12-04,Active,32700.0,40.0,3
EMP-003887,Marketing,San Francisco,2019-01-08,Active,39042.0,40.0,3
EMP-003888,Finance,Chicago,2022-04-15,Active,58489.0,40.0,4
EMP-003889,It,Remote,2017-03-11,Terminated,116772.0,40.0,3
EMP-003890,Hr,Chicago,2022-12-12,Active,83690.0,20.0,3
EMP-003891,Sales,Remote,2020-01-19,On Leave,76625.0,40.0,3
EMP-003892,Support,London,2020-06-25,Terminated,108672.0,20.0,3
EMP-003893,Sales,Remote,2022-11-16,Active,84590.0,35.0,3
EMP-003894,Finance,New York,2022-05-11,Active,86939.0,20.0,3
EMP-003895,Hr,London,2020-05-31,Terminated,63174.0,40.0,3
EMP-003896,Marketing,Chicago,2021-10-11,Terminated,59067.0,40.0,2
EMP-003897,It,London,2018-11-25,Terminated,74928.5,40.0,5
EMP-003898,Sales,London,2019-12-05,Active,59973.0,30.0,1
EMP-003899,It,Chicago,2015-07-24,Active,74928.5,40.0,3
EMP-003900,Sales,Remote,2015-10-23,Active,83618.0,40.0,3
EMP-003901,It,Chicago,2022-06-19,Active,74081.0,40.0,2
EMP-003902,It,Chicago,2015-07-16,On Leave,65873.0,40.0,2
EMP-003903,Hr,San Francisco,2016-07-10,Terminated,52208.0,40.0,4
EMP-003904,Sales,New York,2022-02-28,Active,84978.0,40.0,3
EMP-003905,Support,London,2015-01-04,Active,62556.0,40.0,3
EMP-003906,Hr,San Francisco,2017-07-17,Active,83845.0,30.0,4
EMP-003907,Support,Chicago,2020-04-03,Active,27168.0,35.0,4
EMP-003908,It,Remote,2020-05-11,Active,83411.0,30.0,4
EMP-003909,Support,San Francisco,2021-12-29,On Leave,93673.0,40.0,3
EMP-003910,Sales,Chicago,2019-07-21,Terminated,90488.0,40.0,4
EMP-003911,Hr,London,2019-08-02,Active,70082.0,40.0,5
EMP-003912,Marketing,Chicago,2021-07-12,Terminated,97883.0,40.0,2
EMP-003913,Finance,New York,2019-06-27,Active,43176.0,20.0,3
EMP-003914,Sales,Remote,2020-06-23,Active,72770.0,40.0,4
EMP-003915,Sales,London,2023-01-29,Active,70165.0,35.0,5
EMP-003916,Marketing,San Francisco,2018-08-12,Active,100910.0,40.0,2
EMP-003917,Hr,San Francisco,2018-06-19,On Leave,24488.0,40.0,5
EMP-003918,Hr,San Francisco,2015-01-12,Terminated,48547.0,40.0,4
EMP-003919,Sales,Chicago,2020-07-09,Active,118681.0,40.0,4
EMP-003920,It,New York,2015-04-08,Active,14236.0,30.0,2
EMP-003921,Support,Chicago,2019-07-16,Active,95361.0,40.0,3
EMP-003922,It,Chicago,2022-03-28,Active,57492.0,40.0,3
EMP-003923,Marketing,Remote,2019-12-13,Active,81368.0,40.0,3
EMP-003924,It,Remote,2017-06-05,Active,110345.0,40.0,4
EMP-003925,Marketing,New York,2022-01-28,Terminated,82330.0,40.0,3
EMP-003926,Hr,San Francisco,2017-06-05,Active,110863.0,40.0,3
EMP-003927,Support,London,2021-08-06,Active,62691.0,40.0,3
EMP-003928,It,San Francisco,2020-06-28,Active,65996.0,40.0,3
EMP-003929,Sales,Chicago,2016-07-12,Active,94671.0,0.0,4
EMP-003930,It,New York,2023-02-23,Active,64014.0,40.0,3
EMP-003931,Sales,London,2016-10-21,Active,74928.5,40.0,4
EMP-003932,Finance,New York,2023-11-27,Active,104595.0,40.0,3
EMP-003933,Sales,New York,2015-01-25,Active,96708.0,40.0,3
EMP-003934,Hr,Remote,2017-05-16,Active,35527.0,40.0,3
EMP-003935,Finance,San Francisco,2016-10-18,On Leave,66465.0,40.0,4
EMP-003936,It,Remote,2015-02-15,Terminated,82046.0,40.0,4
EMP-003937,It,London,2021-08-04,Terminated,68903.0,40.0,4
EMP-003938,Support,London,2021-03-29,Active,76984.0,40.0,3
EMP-003939,Finance,Remote,2022-02-17,Active,82377.0,40.0,3
EMP-003940,Support,London,2017-04-23,Active,61836.0,40.0,4
EMP-003941,Sales,Remote,2018-12-31,Active,70164.0,20.0,3
EMP-003942,Marketing,Chicago,2020-12-06,Active,45474.0,40.0,3
EMP-003943,Marketing,Remote,2018-12-16,Active,63054.0,40.0,4
EMP-003944,Marketing,Remote,2021-04-11,Active,36833.0,40.0,3
EMP-003945,Finance,Remote,2020-09-14,Active,77912.0,40.0,5
EMP-003946,Marketing,Chicago,2016-01-12,Active,74928.5,20.0,3
EMP-003947,Sales,New York,2022-01-11,Active,52105.0,0.0,3
EMP-003948,Support,Chicago,2021-06-26,Active,119631.0,40.0,3
EMP-003949,Finance,San Francisco,2020-11-25,Active,68865.0,40.0,3
EMP-003950,Support,Remote,2016-05-24,Active,82164.0,40.0,3
EMP-003951,Finance,Chicago,2017-05-30,Active,59034.0,40.0,5
EMP-003952,Support,New York,2018-07-16,Active,74928.5,40.0,3
EMP-003953,It,Chicago,2017-07-09,Active,83110.0,40.0,3
EMP-003954,Support,Remote,2017-01-18,Active,66694.0,40.0,3
EMP-003955,Marketing,London,2022-04-01,Terminated,75083.0,40.0,2
EMP-003956,It,Remote,2020-09-28,Active,95171.0,40.0,3
EMP-003957,Support,London,2020-02-02,Active,62049.0,35.0,5
EMP-003958,Finance,London,2017-01-12,Active,41696.0,40.0,2
EMP-003959,Finance,London,2023-04-06,Active,36843.0,0.0,4
EMP-003960,Sales,Chicago,2016-09-20,Active,110961.0,40.0,2
EMP-003961,Finance,San Francisco,2022-02-26,Terminated,98279.0,30.0,3
EMP-003962,Hr,Chicago,2023-09-13,Terminated,91395.0,40.0,4
EMP-003963,Sales,New York,2021-07-17,Active,64099.0,40.0,3
EMP-003964,Finance,Chicago,2023-12-08,Active,41673.0,40.0,1
EMP-003965,It,London,2020-11-10,Active,67942.0,40.0,3
EMP-003966,Sales,Remote,2016-12-15,Active,72666.0,30.0,4
EMP-003967,Finance,San Francisco,2016-10-31,Terminated,46711.0,40.0,3
EMP-003968,Hr,London,2017-12-02,Active,38259.0,30.0,3
EMP-003969,Marketing,Chicago,2015-01-24,Active,31742.0,40.0,3
EMP-003970,It,Chicago,2021-02-18,Active,91435.0,40.0,2
EMP-003971,Hr,Remote,2017-06-02,Active,44866.0,40.0,3
EMP-003972,Marketing,San Francisco,2022-05-03,Terminated,82735.0,40.0,3
EMP-003973,It,Remote,2018-03-26,Terminated,65055.0,40.0,4
EMP-003974,It,London,2019-04-27,Terminated,89741.0,40.0,4
EMP-003975,It,Chicago,2023-09-10,Active,83396.0,40.0,3
EMP-003976,Support,Chicago,2017-03-07,Active,69202.0,40.0,3
EMP-003977,Sales,Remote,2021-06-28,Terminated,78261.0,40.0,3
EMP-003978,Sales,London,2021-10-18,Terminated,72242.0,40.0,5
EMP-003979,Sales,London,2016-12-27,Active,59616.0,40.0,3
EMP-003980,Hr,London,2019-07-05,Terminated,99502.0,20.0,4
EMP-003981,Marketing,New York,2018-02-25,Active,64423.0,40.0,2
EMP-003982,Sales,Remote,2021-12-12,Active,72829.0,40.0,4
EMP-003983,Marketing,San Francisco,2020-08-08,Active,74928.5,40.0,3
EMP-003984,Marketing,Chicago,2019-04-14,Active,81851.0,40.0,4
EMP-003985,Hr,London,2022-01-05,Terminated,59735.0,40.0,1
EMP-003986,Hr,Chicago,2017-02-11,Active,74928.5,40.0,3
EMP-003987,Hr,New York,2021-10-13,Active,54011.0,40.0,4
EMP-003988,Sales,London,2022-10-15,Active,71900.0,40.0,4
EMP-003989,It,London,2022-11-28,Active,24838.0,40.0,5
EMP-003990,Hr,Chicago,2022-01-19,Terminated,92059.0,40.0,3
EMP-003991,Sales,Remote,2018-09-03,Active,74033.0,20.0,2
EMP-003992,Sales,New York,2023-11-02,Terminated,63318.0,40.0,4
EMP-003993,Hr,Remote,2018-06-01,Active,36294.0,0.0,3
EMP-003994,Finance,New York,2020-09-30,Active,85827.0,40.0,2
EMP-003995,Marketing,Chicago,2016-06-13,Active,59142.0,30.0,2
EMP-003996,Sales,New York,2023-10-28,Active,107652.0,40.0,4
EMP-003997,Hr,London,2021-05-03,Active,87158.0,40.0,3
EMP-003998,It,London,2021-10-12,Active,113366.0,40.0,3
EMP-003999,Marketing,San Francisco,2015-08-05,Terminated,78424.0,40.0,4
EMP-004000,Marketing,Chicago,2021-11-14,Active,101946.0,20.0,3
EMP-004001,Hr,Remote,2021-12-21,Terminated,86569.0,40.0,3
EMP-004002,It,San Francisco,2021-01-17,Active,63725.0,40.0,3
EMP-004003,Support,Chicago,2017-08-17,Active,79680.0,40.0,5
EMP-004004,It,San Francisco,2019-05-29,Active,74928.5,40.0,4
EMP-004005,Hr,London,2015-12-29,Active,126719.0,40.0,3
EMP-004006,Marketing,San Francisco,2019-03-31,Active,72478.0,40.0,1
EMP-004007,Sales,New York,2017-03-12,Active,75655.0,40.0,3
EMP-004008,It,San Francisco,2018-02-21,Active,84750.0,40.0,3
EMP-004009,Sales,Chicago,2016-06-18,Terminated,47826.0,40.0,3
EMP-004010,Sales,Remote,2017-01-26,Active,108034.0,40.0,3
EMP-004011,Marketing,Remote,2015-09-09,Active,49367.0,40.0,3
EMP-004012,It,Remote,2023-04-12,Active,43713.0,40.0,1
EMP-004013,It,London,2019-10-10,Terminated,70837.0,20.0,2
EMP-004014,Sales,San Francisco,2018-07-28,Active,43018.0,20.0,3
EMP-004015,Finance,Remote,2019-10-25,Active,114049.0,40.0,2
EMP-004016,Marketing,San Francisco,2020-08-27,Active,69232.0,40.0,3
EMP-004017,Hr,London,2023-04-19,Active,74928.5,0.0,3
EMP-004018,Sales,Remote,2016-08-10,Active,79999.0,40.0,3
EMP-004019,Finance,London,2017-08-29,Terminated,88838.0,0.0,3
EMP-004020,Hr,San Francisco,2023-10-13,On Leave,64464.0,40.0,4
EMP-004021,Sales,Chicago,2018-05-05,Terminated,41103.0,20.0,3
EMP-004022,Support,San Francisco,2015-03-16,Active,74928.5,40.0,2
EMP-004023,Hr,London,2016-04-30,Active,62957.0,40.0,3
EMP-004024,It,Chicago,2015-03-28,Active,50611.0,40.0,5
EMP-004025,It,Chicago,2023-11-28,Active,48404.0,40.0,3
EMP-004026,Support,Remote,2017-07-05,Active,78906.0,35.0,4
EMP-004027,Sales,Remote,2023-04-24,Active,97576.0,40.0,4
EMP-004028,Finance,New York,2023-12-18,Terminated,86539.0,40.0,3
EMP-004029,Hr,Chicago,2020-05-25,Active,31800.0,20.0,3
EMP-004030,It,London,2015-04-20,Terminated,90387.0,40.0,5
EMP-004031,Sales,Remote,2015-09-26,Active,94312.0,40.0,4
EMP-004032,Support,London,2019-05-02,Active,109842.0,40.0,4
EMP-004033,It,San Francisco,2018-08-28,Active,51253.0,40.0,4
EMP-004034,Marketing,London,2020-06-15,On Leave,73585.0,40.0,4
EMP-004035,It,London,2018-12-13,Active,89188.0,40.0,3
EMP-004036,It,London,2023-05-29,Active,61811.0,40.0,2
EMP-004037,It,San Francisco,2019-10-24,Terminated,88798.0,40.0,4
EMP-004038,Sales,Remote,2021-03-30,Active,74399.0,40.0,5
EMP-004039,Sales,London,2023-01-25,Terminated,53839.0,40.0,5
EMP-004040,Support,Chicago,2016-04-27,Terminated,55969.0,40.0,1
EMP-004041,Hr,New York,2017-01-25,Active,106232.0,40.0,3
EMP-004042,Sales,Chicago,2015-12-19,Active,50090.0,40.0,3
EMP-004043,It,San Francisco,2016-04-03,Active,45800.0,20.0,3
EMP-004044,Sales,London,2019-08-12,Active,83609.0,20.0,3
EMP-004045,It,New York,2017-11-21,Active,74236.0,40.0,3
EMP-004046,Finance,Chicago,2018-10-22,Active,42209.0,40.0,5
EMP-004047,It,New York,2023-11-04,Active,62014.0,40.0,3
EMP-004048,It,San Francisco,2016-05-30,Active,54580.0,40.0,3
EMP-004049,Hr,Remote,2019-11-13,Active,58958.0,40.0,4
EMP-004050,Sales,Remote,2015-11-21,Terminated,138124.0,40.0,3
EMP-004051,Sales,London,2017-11-12,Terminated,67436.0,40.0,2
EMP-004052,Marketing,Chicago,2019-09-30,Terminated,52969.0,40.0,4
EMP-004053,Sales,London,2023-07-09,Active,125545.0,40.0,3
EMP-004054,Finance,San Francisco,2018-07-09,Active,97206.0,20.0,5
EMP-004055,It,Chicago,2015-08-02,Active,93121.0,40.0,3
EMP-004056,Finance,Chicago,2018-06-29,Active,54173.0,30.0,3
EMP-004057,It,Remote,2016-04-24,Active,104787.0,0.0,3
EMP-004058,Finance,London,2017-01-25,Active,95407.0,30.0,3
EMP-004059,Support,New York,2020-07-24,Active,74928.5,20.0,3
EMP-004060,It,San Francisco,2015-08-10,Active,32092.0,35.0,4
EMP-004061,It,New York,2019-03-08,Active,74502.0,40.0,1
EMP-004062,Finance,Remote,2020-06-26,Active,118248.0,40.0,4
EMP-004063,Sales,Remote,2018-10-18,Active,80510.0,40.0,3
EMP-004064,Sales,San Francisco,2015-03-04,On Leave,65588.0,40.0,3
EMP-004065,Support,London,2023-11-14,Active,69289.0,40.0,3
EMP-004066,Support,London,2018-04-21,Active,71019.0,30.0,2
EMP-004067,Sales,Remote,2022-01-03,Active,55010.0,40.0,4
EMP-004068,Finance,Remote,2017-12-06,Terminated,73969.0,40.0,4
EMP-004069,Sales,London,2019-04-11,Active,111068.0,20.0,3
EMP-004070,Hr,Chicago,2018-06-30,Terminated,108236.0,40.0,1
EMP-004071,Sales,Remote,2018-01-30,Active,56142.0,40.0,4
EMP-004072,Finance,Remote,2015-03-13,Active,106897.0,20.0,4
EMP-004073,Sales,Chicago,2018-03-29,Active,94029.0,40.0,2
EMP-004074,Sales,London,2023-01-02,Terminated,90833.0,40.0,3
EMP-004075,It,San Francisco,2021-03-19,Active,85798.0,40.0,2
EMP-004076,Finance,Chicago,2016-04-23,Active,51741.0,40.0,4
EMP-004077,Hr,New York,2020-04-27,Active,64861.0,35.0,3
EMP-004078,It,San Francisco,2023-01-11,Active,95823.0,40.0,3
EMP-004079,It,San Francisco,2021-04-20,On Leave,44828.0,40.0,3
EMP-004080,Sales,London,2016-05-03,Terminated,48981.0,40.0,4
EMP-004081,It,London,2022-10-23,Active,82655.0,40.0,4
EMP-004082,Marketing,Remote,2017-09-18,Active,55262.0,40.0,4
EMP-004083,It,Remote,2019-02-01,Active,95597.0,40.0,3
EMP-004084,Sales,New York,2019-09-26,Active,56145.0,40.0,1
EMP-004085,Sales,San Francisco,2022-08-27,Active,81110.0,40.0,2
EMP-004086,Sales,London,2023-05-21,Active,83202.0,35.0,4
EMP-004087,Finance,New York,2023-05-14,Active,62948.0,30.0,2
EMP-004088,Finance,New York,2015-01-27,Terminated,69009.0,20.0,3
EMP-004089,It,London,2023-04-19,Active,58000.0,40.0,3
EMP-004090,Hr,London,2015-06-28,Active,74535.0,40.0,5
EMP-004091,It,London,2017-05-23,Active,50958.0,40.0,3
EMP-004092,Support,London,2019-08-20,Terminated,69412.0,40.0,3
EMP-004093,Sales,New York,2019-04-27,Terminated,93712.0,40.0,4
EMP-004094,It,New York,2020-06-10,Active,46581.0,30.0,4
EMP-004095,Marketing,Chicago,2019-04-25,Active,62823.0,20.0,3
EMP-004096,Sales,London,2023-05-30,Active,87957.0,40.0,4
EMP-004097,Sales,London,2017-03-01,Active,23059.0,40.0,5
EMP-004098,It,Remote,2017-06-19,Active,121390.0,40.0,2
EMP-004099,Marketing,Remote,2023-04-15,Terminated,101131.0,20.0,3
EMP-004100,Marketing,San Francisco,2015-09-10,Active,36542.0,40.0,3
EMP-004101,Marketing,Remote,2020-06-26,Active,22395.0,30.0,3
EMP-004102,It,Remote,2021-02-18,Terminated,75740.0,20.0,3
EMP-004103,Sales,San Francisco,2019-07-20,Terminated,46994.0,40.0,3
EMP-004104,It,London,2021-03-31,Active,99037.0,40.0,4
EMP-004105,Finance,Chicago,2016-07-21,Terminated,84850.0,40.0,3
EMP-004106,Finance,Remote,2022-09-03,Active,78084.0,40.0,3
EMP-004107,It,Chicago,2016-04-05,Active,60744.0,40.0,3
EMP-004108,Marketing,Remote,2018-08-10,On Leave,115000.0,40.0,4
EMP-004109,Sales,Remote,2015-09-05,Active,93836.0,40.0,4
EMP-004110,Sales,Chicago,2019-11-28,Terminated,90079.0,40.0,3
EMP-004111,It,New York,2021-01-10,Active,105001.0,40.0,5
EMP-004112,It,New York,2023-06-21,Terminated,49528.0,40.0,4
EMP-004113,It,New York,2021-08-27,Active,74928.5,40.0,2
EMP-004114,Sales,Remote,2019-11-14,Active,68385.0,40.0,4
EMP-004115,Sales,New York,2023-05-24,Terminated,83368.0,40.0,5
EMP-004116,Support,Remote,2019-04-22,Active,74928.5,20.0,3
EMP-004117,Finance,London,2020-01-19,Terminated,28053.0,40.0,4
EMP-004118,It,London,2020-05-13,Active,98934.0,40.0,3
EMP-004119,Marketing,Chicago,2018-09-09,Active,29388.0,40.0,3
EMP-004120,Hr,London,2022-07-19,Terminated,50837.0,40.0,3
EMP-004121,Sales,London,2016-08-31,Terminated,63679.0,40.0,3
EMP-004122,It,London,2019-12-29,Active,26160.0,40.0,3
EMP-004123,Sales,Remote,2021-07-01,Active,47484.0,40.0,3
EMP-004124,Marketing,London,2023-02-19,Terminated,81121.0,40.0,3
EMP-004125,Hr,San Francisco,2022-12-15,Active,66334.0,40.0,3
EMP-004126,Support,New York,2019-07-31,Active,68396.0,40.0,2
EMP-004127,It,Remote,2020-10-15,Active,74928.5,40.0,3
EMP-004128,Support,London,2018-07-19,Active,76155.0,0.0,3
EMP-004129,Sales,Remote,2019-03-19,Terminated,66869.0,40.0,4
EMP-004130,Support,New York,2023-02-26,Active,33976.0,40.0,3
EMP-004131,It,New York,2023-05-18,Terminated,69977.0,40.0,4
EMP-004132,Sales,London,2023-01-22,Active,74928.5,40.0,3
EMP-004133,Sales,San Francisco,2016-03-30,Terminated,97442.0,40.0,3
EMP-004134,Sales,New York,2022-08-26,Active,65212.0,20.0,4
EMP-004135,It,London,2023-07-15,Active,138038.0,40.0,3
EMP-004136,Finance,London,2018-04-02,Active,99173.0,40.0,3
EMP-004137,Hr,Chicago,2019-09-01,Active,71743.0,0.0,3
EMP-004138,It,Chicago,2022-01-04,Active,89487.0,40.0,4
EMP-004139,It,New York,2020-01-22,Active,22755.0,40.0,4
EMP-004140,Hr,London,2023-12-10,Active,99059.0,40.0,5
EMP-004141,Marketing,London,2019-02-06,Active,74928.5,40.0,4
EMP-004142,Hr,Remote,2021-06-04,Active,77243.0,20.0,4
EMP-004143,Marketing,Remote,2022-02-18,Active,56809.0,40.0,3
EMP-004144,It,Remote,2019-06-13,Terminated,59467.0,40.0,3
EMP-004145,Sales,Remote,2022-09-17,Active,70472.0,30.0,3
EMP-004146,Sales,San Francisco,2019-12-01,Active,76921.0,40.0,3
EMP-004147,Finance,London,2018-09-15,Active,74327.0,40.0,4
EMP-004148,It,Remote,2015-12-21,Terminated,74950.0,30.0,5
EMP-004149,Marketing,Chicago,2018-07-17,Active,34358.0,40.0,4
EMP-004150,Hr,London,2021-08-09,Terminated,133301.0,40.0,4
EMP-004151,Hr,Remote,2023-04-17,Active,80800.0,40.0,4
EMP-004152,Marketing,Chicago,2017-04-07,Terminated,85939.0,40.0,4
EMP-004153,Support,Chicago,2018-03-13,Terminated,66500.0,20.0,3
EMP-004154,Finance,New York,2016-05-21,Active,53146.0,35.0,3
EMP-004155,Sales,San Francisco,2021-03-20,Active,74928.5,40.0,4
EMP-004156,Sales,Remote,2023-08-23,Terminated,82232.0,40.0,3
EMP-004157,It,San Francisco,2020-10-07,Active,107545.0,20.0,4
EMP-004158,Hr,New York,2020-07-21,Active,126940.0,40.0,3
EMP-004159,It,Remote,2019-12-25,Terminated,111926.0,20.0,3
EMP-004160,Sales,Remote,2015-10-18,Active,30837.0,40.0,3
EMP-004161,It,London,2021-07-25,Terminated,63490.0,40.0,3
EMP-004162,It,San Francisco,2020-06-01,Active,83395.0,20.0,3
EMP-004163,Sales,San Francisco,2020-12-14,Active,64993.0,40.0,3
EMP-004164,Sales,London,2023-02-02,Active,73904.0,0.0,2
EMP-004165,Marketing,Chicago,2022-01-20,Active,21372.0,40.0,4
EMP-004166,Support,New York,2022-01-10,Terminated,97855.0,40.0,3
EMP-004167,Sales,San Francisco,2023-05-06,Active,28114.0,30.0,4
EMP-004168,Hr,London,2023-11-28,Active,35688.0,40.0,3
EMP-004169,Sales,London,2020-03-25,Active,49633.0,40.0,4
EMP-004170,It,Remote,2015-12-24,Terminated,72562.0,40.0,4
EMP-004171,Hr,Remote,2019-02-18,Active,34432.0,40.0,3
EMP-004172,Support,London,2022-02-01,Active,48490.0,35.0,2
EMP-004173,Marketing,London,2015-04-02,Active,103724.0,40.0,3
EMP-004174,It,Remote,2015-07-06,Active,72191.0,40.0,3
EMP-004175,Hr,Chicago,2015-08-09,Active,85839.0,20.0,3
EMP-004176,It,New York,2021-07-30,Active,44094.0,30.0,4
EMP-004177,Sales,Remote,2019-07-06,Terminated,73654.0,20.0,5
EMP-004178,Support,Chicago,2018-04-27,Active,71603.0,40.0,3
EMP-004179,It,Remote,2015-12-14,Terminated,55118.0,40.0,3
EMP-004180,Support,Remote,2021-08-03,Active,73723.0,0.0,2
EMP-004181,Support,Remote,2017-11-21,Active,27697.0,40.0,3
EMP-004182,Finance,Remote,2017-05-22,Active,85965.0,30.0,3
EMP-004183,Support,Remote,2020-11-14,Terminated,65013.0,40.0,3
EMP-004184,Support,London,2020-01-12,Active,68570.0,40.0,4
EMP-004185,Sales,Remote,2018-04-06,Active,96294.0,40.0,3
EMP-004186,Hr,London,2020-10-09,Active,85801.0,40.0,3
EMP-004187,It,Remote,2017-06-10,Terminated,67042.0,40.0,3
EMP-004188,Sales,London,2022-02-25,Terminated,47085.0,40.0,3
EMP-004189,Sales,London,2017-01-23,Active,108217.0,40.0,3
EMP-004190,Hr,Remote,2016-06-06,Terminated,41497.0,40.0,2
EMP-004191,Hr,Chicago,2022-01-15,Active,90734.0,40.0,3
EMP-004192,Sales,Chicago,2021-05-15,Active,35065.0,40.0,4
EMP-004193,Hr,San Francisco,2016-08-23,Terminated,97947.0,20.0,3
EMP-004194,Finance,Chicago,2016-01-18,Active,100265.0,40.0,5
EMP-004195,Finance,New York,2022-07-18,On Leave,27185.0,30.0,1
EMP-004196,Sales,New York,2021-12-27,Terminated,86233.0,40.0,5
EMP-004197,It,New York,2017-12-11,Active,84163.0,40.0,4
EMP-004198,Sales,London,2020-12-03,Active,92576.0,40.0,3
EMP-004199,It,Chicago,2016-02-13,Active,84131.0,20.0,4
EMP-004200,It,London,2019-07-25,Active,50942.0,30.0,3
EMP-004201,Sales,New York,2015-03-03,Terminated,69569.0,40.0,3
EMP-004202,Marketing,San Francisco,2018-07-11,Active,116616.0,40.0,5
EMP-004203,Sales,London,2015-09-04,Active,47305.0,40.0,4
EMP-004204,It,San Francisco,2019-04-11,Active,83071.0,40.0,3
EMP-004205,It,Chicago,2018-10-18,Active,103781.0,20.0,2
EMP-004206,Hr,Remote,2018-12-31,Active,50231.0,35.0,4
EMP-004207,Hr,San Francisco,2015-05-30,Active,39580.0,20.0,3
EMP-004208,Marketing,Remote,2018-04-03,Active,43347.0,40.0,3
EMP-004209,Hr,London,2021-10-22,Terminated,84874.0,40.0,5
EMP-004210,It,San Francisco,2018-04-27,Active,43135.0,20.0,3
EMP-004211,It,San Francisco,2021-06-08,Active,71616.0,40.0,3
EMP-004212,Sales,Remote,2018-04-29,Active,109282.0,40.0,3
EMP-004213,Support,London,2018-10-23,Active,73717.0,40.0,3
EMP-004214,Finance,London,2020-01-28,Active,55555.0,40.0,3
EMP-004215,Support,New York,2023-07-22,Active,78135.0,20.0,3
EMP-004216,Support,Chicago,2015-12-24,Active,73283.0,0.0,4
EMP-004217,It,San Francisco,2015-04-19,Active,86316.0,40.0,3
EMP-004218,Support,San Francisco,2020-06-21,Active,115479.0,40.0,4
EMP-004219,Sales,London,2023-07-17,Terminated,84919.0,40.0,4
EMP-004220,Marketing,London,2023-11-28,Active,125845.0,40.0,3
EMP-004221,Sales,London,2019-05-11,On Leave,86383.0,40.0,4
EMP-004222,Hr,Chicago,2019-03-19,Terminated,55817.0,40.0,3
EMP-004223,Sales,London,2020-10-20,Terminated,132208.0,40.0,3
EMP-004224,It,Remote,2020-01-01,Active,71880.0,40.0,2
EMP-004225,Sales,Remote,2020-09-15,Terminated,48628.0,40.0,3
EMP-004226,Sales,Remote,2022-11-12,Active,133093.0,0.0,4
EMP-004227,Finance,Remote,2021-09-19,Active,56672.0,40.0,3
EMP-004228,Sales,Remote,2019-06-22,Active,55690.0,40.0,3
EMP-004229,Hr,Chicago,2019-02-27,Active,74928.5,40.0,3
EMP-004230,Sales,San Francisco,2020-10-03,Active,79116.0,40.0,3
EMP-004231,Support,Remote,2019-02-06,Active,98272.0,40.0,5
EMP-004232,Finance,Remote,2019-02-13,Active,8780.0,40.0,3
EMP-004233,Hr,London,2015-02-23,Active,98163.0,40.0,3
EMP-004234,Marketing,Remote,2016-07-26,Active,61137.0,40.0,1
EMP-004235,Marketing,Remote,2019-05-25,Active,64678.0,40.0,4
EMP-004236,Marketing,Chicago,2022-05-28,Active,117880.0,40.0,3
EMP-004237,Marketing,London,2017-07-05,On Leave,80333.0,40.0,2
EMP-004238,Support,London,2019-09-14,Terminated,86193.0,40.0,2
EMP-004239,Sales,London,2018-02-07,Active,74928.5,40.0,3
EMP-004240,Sales,London,2015-12-11,Active,94091.0,40.0,3
EMP-004241,Hr,Remote,2023-08-16,Terminated,115450.0,40.0,4
EMP-004242,Support,Remote,2022-09-10,Active,13123.0,40.0,3
EMP-004243,Marketing,San Francisco,2015-09-16,Terminated,102115.0,40.0,4
EMP-004244,It,London,2021-06-23,Active,113676.0,0.0,2
EMP-004245,Sales,London,2018-02-16,Active,87527.0,40.0,2
EMP-004246,Sales,London,2023-12-15,Active,58066.0,40.0,3
EMP-004247,It,San Francisco,2017-09-20,Active,46193.0,40.0,2
EMP-004248,Finance,London,2017-02-23,Active,134046.0,40.0,4
EMP-004249,It,London,2020-02-10,Terminated,52375.0,40.0,3
EMP-004250,Finance,Remote,2022-07-08,Active,112941.0,20.0,3
EMP-004251,Finance,London,2016-09-24,Terminated,84763.0,40.0,4
EMP-004252,Marketing,London,2021-05-20,Terminated,126146.0,40.0,3
EMP-004253,Finance,London,2015-07-21,Active,67043.0,20.0,3
EMP-004254,It,London,2023-04-09,Active,34810.0,35.0,3
EMP-004255,Hr,Remote,2015-09-24,Active,75054.0,40.0,4
EMP-004256,Hr,San Francisco,2023-03-25,Active,37839.0,20.0,3
EMP-004257,Marketing,New York,2019-06-02,Active,141927.0,40.0,3
EMP-004258,It,San Francisco,2019-01-12,Active,90737.0,40.0,3
EMP-004259,It,Remote,2023-10-05,Terminated,94453.0,40.0,5
EMP-004260,Support,Chicago,2023-11-30,Active,94469.0,40.0,4
EMP-004261,It,London,2020-11-07,Active,57660.0,40.0,3
EMP-004262,Sales,San Francisco,2016-02-22,Terminated,71699.0,40.0,3
EMP-004263,Support,Chicago,2019-07-22,On Leave,77759.0,40.0,3
EMP-004264,Finance,Chicago,2019-10-06,On Leave,123597.0,40.0,3
EMP-004265,Sales,Remote,2019-08-18,Terminated,46073.0,30.0,4
EMP-004266,Support,Remote,2020-02-15,Active,56785.0,40.0,3
EMP-004267,Sales,London,2015-03-03,On Leave,65927.0,40.0,2
EMP-004268,Hr,New York,2021-05-26,Active,58159.0,35.0,3
EMP-004269,Sales,Remote,2021-05-30,Active,38527.0,35.0,3
EMP-004270,Hr,London,2016-01-15,Active,7382.0,40.0,4
EMP-004271,It,San Francisco,2020-02-18,Active,29329.0,40.0,4
EMP-004272,It,Remote,2020-02-12,Active,102476.0,40.0,3
EMP-004273,Marketing,San Francisco,2021-02-21,Active,74795.0,40.0,4
EMP-004274,Marketing,Remote,2015-10-08,Active,95888.0,40.0,3
EMP-004275,Finance,Remote,2020-08-21,Active,60437.0,40.0,3
EMP-004276,Support,London,2017-07-11,Active,72542.0,40.0,4
EMP-004277,Finance,Chicago,2019-07-25,Active,115329.0,40.0,3
EMP-004278,Hr,London,2021-12-16,Terminated,113818.0,40.0,4
EMP-004279,Finance,London,2021-05-08,Active,98549.0,40.0,3
EMP-004280,Sales,New York,2016-01-26,Active,80060.0,40.0,3
EMP-004281,Hr,San Francisco,2020-04-27,Active,87949.0,30.0,4
EMP-004282,Marketing,London,2023-09-21,Active,84266.0,40.0,3
EMP-004283,It,New York,2016-05-30,Active,70827.0,40.0,4
EMP-004284,Marketing,San Francisco,2022-09-04,Active,64891.0,40.0,3
EMP-004285,Support,London,2021-04-28,Terminated,103059.0,40.0,3
EMP-004286,Hr,Remote,2021-12-19,Active,42609.0,40.0,4
EMP-004287,Hr,San Francisco,2017-07-15,Active,74928.5,40.0,3
EMP-004288,Sales,London,2017-08-04,Active,68114.0,40.0,5
EMP-004289,Support,Remote,2023-02-26,Active,42149.0,35.0,4
EMP-004290,It,New York,2018-03-28,On Leave,61362.0,40.0,3
EMP-004291,It,London,2015-07-27,Active,53140.0,40.0,5
EMP-004292,Hr,Remote,2020-05-28,Terminated,60608.0,40.0,3
EMP-004293,Hr,London,2016-02-15,Active,60151.0,40.0,3
EMP-004294,Sales,San Francisco,2022-03-03,Terminated,59158.0,40.0,2
EMP-004295,Finance,San Francisco,2020-10-10,On Leave,67301.0,30.0,1
EMP-004296,Sales,San Francisco,2022-11-15,Terminated,73381.0,40.0,3
EMP-004297,It,Remote,2022-01-23,Active,94096.0,40.0,1
EMP-004298,Marketing,New York,2016-01-04,Active,68876.0,20.0,3
EMP-004299,Support,San Francisco,2018-06-06,Active,83151.0,40.0,3
EMP-004300,Hr,New York,2021-12-20,Active,75188.0,40.0,4
EMP-004301,Hr,London,2018-10-03,On Leave,88515.0,35.0,3
EMP-004302,Marketing,Remote,2023-10-02,Active,76167.0,40.0,3
EMP-004303,It,Remote,2021-08-15,Terminated,58829.0,40.0,3
EMP-004304,Sales,New York,2015-02-20,Terminated,52045.0,20.0,3
EMP-004305,Finance,New York,2022-12-02,Active,80256.0,40.0,3
EMP-004306,Hr,Remote,2015-11-28,Terminated,106834.0,40.0,3
EMP-004307,Sales,San Francisco,2016-04-06,Terminated,69272.0,40.0,3
EMP-004308,It,Chicago,2021-08-11,Active,57478.0,40.0,3
EMP-004309,Marketing,Chicago,2022-10-14,Active,68596.0,20.0,3
EMP-004310,Sales,Remote,2019-10-29,Active,60965.0,20.0,2
EMP-004311,Finance,London,2017-08-08,Active,58325.0,40.0,3
EMP-004312,Support,Remote,2018-02-28,Active,38910.0,40.0,5
EMP-004313,Hr,Remote,2018-02-01,Active,68890.0,40.0,3
EMP-004314,It,Remote,2017-12-09,Active,80894.0,40.0,5
EMP-004315,Sales,Chicago,2017-03-09,Active,47952.0,40.0,3
EMP-004316,Support,London,2020-06-24,Active,53042.0,40.0,3
EMP-004317,It,San Francisco,2023-02-07,Terminated,51298.0,40.0,3
EMP-004318,It,San Francisco,2017-10-06,Active,40333.0,40.0,3
EMP-004319,It,London,2016-09-05,Terminated,51110.0,40.0,3
EMP-004320,Support,London,2022-07-19,Active,70054.0,0.0,4
EMP-004321,Sales,Chicago,2021-09-04,Active,41449.0,40.0,1
EMP-004322,It,Remote,2023-05-18,Active,71561.0,40.0,4
EMP-004323,Sales,London,2016-06-28,Terminated,57413.0,40.0,4
EMP-004324,Sales,Remote,2016-04-19,Terminated,51775.0,20.0,3
EMP-004325,Marketing,London,2019-11-15,On Leave,84430.0,40.0,3
EMP-004326,Sales,New York,2020-07-12,Active,58997.0,20.0,4
EMP-004327,Finance,San Francisco,2019-04-28,Terminated,63250.0,20.0,3
EMP-004328,Hr,Chicago,2020-05-22,Active,107450.0,40.0,3
EMP-004329,Support,San Francisco,2016-08-15,Terminated,51999.0,40.0,3
EMP-004330,Marketing,Chicago,2019-04-26,Active,74928.5,40.0,3
EMP-004331,It,New York,2020-12-03,Active,66305.0,40.0,3
EMP-004332,Support,San Francisco,2018-11-23,Active,46597.0,40.0,2
EMP-004333,Support,New York,2021-02-11,Terminated,61151.0,40.0,3
EMP-004334,Sales,Chicago,2019-01-23,Active,76719.0,35.0,1
EMP-004335,Hr,London,2018-01-01,Active,106363.0,40.0,3
EMP-004336,Finance,London,2017-09-24,Active,94971.0,40.0,2
EMP-004337,Sales,San Francisco,2018-09-12,Terminated,76598.0,40.0,3
EMP-004338,It,New York,2015-03-17,Active,106499.0,40.0,3
EMP-004339,It,Remote,2021-01-06,On Leave,27974.0,40.0,3
EMP-004340,Support,San Francisco,2022-08-09,Terminated,81236.0,40.0,2
EMP-004341,Sales,San Francisco,2018-03-11,Active,82748.0,40.0,3
EMP-004342,Sales,San Francisco,2015-06-01,On Leave,74928.5,35.0,3
EMP-004343,Hr,Remote,2023-11-18,On Leave,34746.0,40.0,3
EMP-004344,It,New York,2017-05-16,Active,49577.0,40.0,3
EMP-004345,It,New York,2016-02-21,Active,70838.0,40.0,1
EMP-004346,Marketing,San Francisco,2018-04-30,Active,74928.5,40.0,5
EMP-004347,Sales,London,2021-08-24,Active,122882.0,40.0,3
EMP-004348,Hr,San Francisco,2017-08-24,Active,58389.0,40.0,4
EMP-004349,Hr,Remote,2020-03-04,Terminated,42254.0,40.0,3
EMP-004350,Sales,Chicago,2018-09-27,Active,95394.0,40.0,3
EMP-004351,Sales,Remote,2016-01-23,On Leave,140359.0,40.0,2
EMP-004352,It,London,2017-12-21,Active,102674.0,40.0,3
EMP-004353,It,San Francisco,2021-07-10,Active,56284.0,40.0,3
EMP-004354,Sales,New York,2020-07-04,Active,146528.0,20.0,5
EMP-004355,It,London,2016-01-29,Active,92170.0,40.0,3
EMP-004356,Support,Remote,2016-06-20,Terminated,55225.0,40.0,4
EMP-004357,Hr,San Francisco,2020-10-07,Active,123358.0,20.0,3
EMP-004358,It,London,2022-04-27,Active,53250.0,40.0,4
EMP-004359,Sales,New York,2018-02-22,Terminated,59473.0,40.0,3
EMP-004360,It,Remote,2020-05-10,Active,93166.0,40.0,4
EMP-004361,Marketing,Chicago,2016-07-14,Active,74377.0,40.0,3
EMP-004362,It,Chicago,2017-10-20,Active,75925.0,40.0,3
EMP-004363,It,London,2015-03-08,Active,75967.0,40.0,3
EMP-004364,Finance,San Francisco,2021-11-30,Active,74928.5,20.0,3
EMP-004365,Support,Remote,2018-08-11,On Leave,16890.0,40.0,3
EMP-004366,Sales,London,2022-05-06,Active,82113.0,40.0,5
EMP-004367,Finance,Remote,2021-05-17,Active,67745.0,40.0,3
EMP-004368,Finance,Remote,2022-06-17,Active,56188.0,40.0,4
EMP-004369,Marketing,London,2017-07-27,Active,56122.0,20.0,4
EMP-004370,Hr,London,2016-08-31,Active,9072.0,40.0,1
EMP-004371,Marketing,Chicago,2023-09-30,Active,55040.0,40.0,4
EMP-004372,Hr,Remote,2021-06-15,Terminated,107262.0,40.0,4
EMP-004373,Hr,San Francisco,2022-07-04,Active,95801.0,0.0,3
EMP-004374,Sales,New York,2015-02-13,Terminated,70215.0,40.0,3
EMP-004375,It,San Francisco,2018-03-11,Active,39719.0,0.0,2
EMP-004376,Sales,San Francisco,2021-09-07,Active,95547.0,40.0,2
EMP-004377,Support,Remote,2015-09-14,Active,107746.0,30.0,3
EMP-004378,Hr,Chicago,2020-02-08,Active,100855.0,40.0,1
EMP-004379,Finance,Remote,2018-11-11,Active,50782.0,40.0,3
EMP-004380,It,New York,2015-02-27,Active,53378.0,20.0,5
EMP-004381,It,London,2017-02-14,Terminated,116398.0,40.0,3
EMP-004382,Support,Remote,2017-07-25,Active,44768.0,40.0,3
EMP-004383,Sales,London,2016-01-03,Active,86955.0,30.0,3
EMP-004384,Marketing,San Francisco,2020-09-06,Terminated,30557.0,30.0,3
EMP-004385,Support,Chicago,2017-03-07,Active,67492.0,40.0,3
EMP-004386,Support,Remote,2017-07-01,Terminated,89629.0,40.0,3
EMP-004387,It,New York,2023-01-31,Active,74251.0,40.0,3
EMP-004388,Support,Remote,2019-03-16,Active,88098.0,40.0,3
EMP-004389,Support,San Francisco,2018-07-12,Active,44345.0,20.0,4
EMP-004390,It,Remote,2021-07-07,Active,74928.5,40.0,3
EMP-004391,Sales,Remote,2023-03-09,On Leave,87045.0,40.0,4
EMP-004392,Marketing,London,2015-03-24,Terminated,92422.0,40.0,4
EMP-004393,Marketing,Remote,2019-01-13,Active,80495.0,40.0,3
EMP-004394,Marketing,San Francisco,2020-06-30,Terminated,98676.0,40.0,3
EMP-004395,Hr,Remote,2017-11-13,Active,33570.0,40.0,3
EMP-004396,Finance,London,2021-12-13,Active,63345.0,35.0,3
EMP-004397,Sales,New York,2023-09-29,Terminated,120567.0,40.0,4
EMP-004398,Marketing,Remote,2023-06-29,Active,107087.0,40.0,1
EMP-004399,Support,London,2017-05-24,Active,90841.0,20.0,3
EMP-004400,Support,London,2017-01-13,Active,71116.0,40.0,4
EMP-004401,Marketing,Remote,2023-08-14,Terminated,100870.0,40.0,4
EMP-004402,It,Chicago,2019-02-16,Active,85729.0,40.0,4
EMP-004403,Marketing,Remote,2016-11-15,Active,37064.0,40.0,3
EMP-004404,Support,San Francisco,2021-05-12,Terminated,99894.0,40.0,4
EMP-004405,Hr,London,2017-07-23,Active,53349.0,40.0,2
EMP-004406,Sales,New York,2017-05-28,Active,93992.0,40.0,3
EMP-004407,Sales,San Francisco,2022-11-30,Active,34601.0,40.0,2
EMP-004408,Sales,London,2016-06-18,Terminated,74928.5,30.0,3
EMP-004409,Sales,Remote,2015-07-31,Active,68128.0,40.0,3
EMP-004410,Marketing,Remote,2017-06-03,Active,47267.0,20.0,2
EMP-004411,It,Chicago,2020-06-18,Active,57787.0,40.0,4
EMP-004412,Marketing,New York,2016-02-09,Active,66579.0,40.0,3
EMP-004413,It,Chicago,2019-03-31,Active,74856.0,40.0,2
EMP-004414,Marketing,Chicago,2020-08-24,Active,107954.0,40.0,3
EMP-004415,Sales,Chicago,2022-08-21,Active,76754.0,40.0,3
EMP-004416,Sales,Remote,2017-01-25,Active,20727.0,40.0,3
EMP-004417,Support,New York,2022-05-10,Terminated,44257.0,40.0,3
EMP-004418,Marketing,New York,2017-02-11,Active,143938.0,40.0,3
EMP-004419,Support,London,2021-02-02,Terminated,78385.0,40.0,3
EMP-004420,Support,Chicago,2018-11-16,Active,98770.0,20.0,4
EMP-004421,It,London,2016-01-12,Active,67291.0,40.0,3
EMP-004422,Support,London,2021-06-05,Active,49885.0,40.0,3
EMP-004423,Sales,Remote,2016-12-16,Active,62968.0,40.0,3
EMP-004424,Hr,Remote,2016-08-03,Terminated,74928.5,40.0,3
EMP-004425,Hr,Remote,2018-03-23,Active,63494.0,40.0,3
EMP-004426,Finance,San Francisco,2020-11-17,Active,122962.0,40.0,1
EMP-004427,It,London,2017-02-08,Active,59594.0,40.0,5
EMP-004428,Marketing,Remote,2016-08-26,Active,48629.0,40.0,4
EMP-004429,It,Chicago,2015-02-02,Active,95220.0,40.0,4
EMP-004430,Sales,London,2019-03-31,Active,98300.0,40.0,1
EMP-004431,Support,Chicago,2018-11-09,Active,75749.0,40.0,2
EMP-004432,Hr,New York,2017-02-07,Active,59946.0,40.0,3
EMP-004433,It,Remote,2015-06-26,Active,27484.0,40.0,1
EMP-004434,Sales,Remote,2018-11-11,Terminated,105518.0,40.0,3
EMP-004435,Hr,San Francisco,2022-02-03,Active,96714.0,30.0,3
EMP-004436,Support,London,2021-06-09,Active,64003.0,30.0,3
EMP-004437,It,London,2022-09-30,Active,76489.0,40.0,5
EMP-004438,Hr,Remote,2015-02-01,On Leave,69333.0,40.0,2
EMP-004439,Marketing,San Francisco,2023-09-12,Active,115718.0,40.0,3
EMP-004440,Sales,San Francisco,2018-01-27,Active,49052.0,40.0,1
EMP-004441,Marketing,London,2023-11-30,Active,59498.0,40.0,3
EMP-004442,Finance,Chicago,2017-04-10,Active,57082.0,40.0,3
EMP-004443,Finance,Chicago,2019-03-30,Active,82754.0,40.0,3
EMP-004444,Hr,Chicago,2018-03-09,Active,76403.0,30.0,4
EMP-004445,Sales,Remote,2018-03-15,Active,80002.0,20.0,3
EMP-004446,Sales,London,2022-07-31,Terminated,52985.0,30.0,4
EMP-004447,Marketing,London,2021-09-19,Active,112122.0,40.0,3
EMP-004448,Sales,Chicago,2023-12-06,Terminated,63649.0,20.0,4
EMP-004449,Sales,London,2020-07-09,Terminated,104690.0,40.0,3
EMP-004450,Sales,Remote,2019-03-03,Terminated,153478.0,40.0,4
EMP-004451,Sales,London,2015-10-24,Active,53167.0,40.0,4
EMP-004452,Hr,Chicago,2023-12-20,Terminated,83560.0,20.0,3
EMP-004453,Sales,Remote,2019-12-18,Active,71710.0,40.0,3
EMP-004454,Marketing,London,2021-04-21,Active,125772.0,40.0,4
EMP-004455,Support,Chicago,2018-08-29,Terminated,67984.0,40.0,4
EMP-004456,Finance,New York,2019-12-06,Active,81217.0,40.0,3
EMP-004457,Support,Remote,2023-06-26,Terminated,80672.0,40.0,3
EMP-004458,Sales,London,2016-07-01,Active,72490.0,20.0,3
EMP-004459,Support,San Francisco,2017-08-19,Active,93887.0,40.0,3
EMP-004460,Marketing,San Francisco,2016-05-14,Active,77335.0,40.0,2
EMP-004461,Marketing,London,2022-02-17,Active,87046.0,40.0,5
EMP-004462,Sales,San Francisco,2015-07-23,Active,80340.0,40.0,4
EMP-004463,Hr,London,2015-09-26,Active,59887.0,40.0,3
EMP-004464,Support,London,2017-09-08,Terminated,68276.0,40.0,3
EMP-004465,Hr,New York,2019-08-18,Terminated,88886.0,40.0,3
EMP-004466,Hr,London,2018-08-28,Terminated,88784.0,35.0,4
EMP-004467,Sales,Chicago,2015-05-28,Terminated,74928.5,40.0,3
EMP-004468,It,Chicago,2023-08-14,Active,121481.0,40.0,3
EMP-004469,Sales,Remote,2023-07-30,On Leave,61973.0,40.0,4
EMP-004470,Finance,San Francisco,2017-07-07,Active,78372.0,40.0,4
EMP-004471,Marketing,Remote,2021-08-01,Active,70165.0,40.0,3
EMP-004472,Marketing,San Francisco,2020-03-16,Terminated,47317.0,30.0,4
EMP-004473,Sales,London,2017-02-19,Active,89114.0,0.0,4
EMP-004474,Sales,London,2017-05-11,Terminated,94446.0,0.0,1
EMP-004475,It,Remote,2019-06-03,Active,48075.0,40.0,4
EMP-004476,It,Remote,2018-10-10,Active,65638.0,40.0,3
EMP-004477,It,San Francisco,2017-08-15,Active,63198.0,35.0,5
EMP-004478,Sales,Remote,2022-04-08,Active,37289.0,40.0,5
EMP-004479,Finance,Remote,2019-05-02,On Leave,74091.0,20.0,1
EMP-004480,Marketing,Chicago,2020-11-22,Terminated,46369.0,40.0,3
EMP-004481,Sales,New York,2016-09-14,Active,78975.0,40.0,5
EMP-004482,Sales,London,2019-10-20,Active,81728.0,40.0,3
EMP-004483,Marketing,San Francisco,2017-11-11,Active,84826.0,40.0,3
EMP-004484,Hr,Chicago,2019-09-27,Terminated,86033.0,40.0,5
EMP-004485,Support,London,2022-01-10,Active,113274.0,40.0,3
EMP-004486,Support,London,2021-12-02,Active,54784.0,40.0,3
EMP-004487,Sales,Remote,2018-03-10,Terminated,56038.0,40.0,3
EMP-004488,Marketing,Remote,2021-04-01,On Leave,91379.0,20.0,3
EMP-004489,It,Remote,2023-06-22,Active,71700.0,20.0,3
EMP-004490,Finance,San Francisco,2020-08-18,Terminated,103133.0,40.0,3
EMP-004491,It,New York,2016-05-02,Active,89042.0,40.0,2
EMP-004492,Finance,New York,2021-02-12,Terminated,122953.0,40.0,3
EMP-004493,Finance,San Francisco,2015-12-11,Terminated,72717.0,40.0,3
EMP-004494,Sales,San Francisco,2022-11-06,Active,37949.0,20.0,3
EMP-004495,Hr,Chicago,2019-08-26,Active,83517.0,40.0,3
EMP-004496,Finance,London,2018-06-19,Active,73208.0,30.0,4
EMP-004497,Support,San Francisco,2015-07-07,Active,88362.0,40.0,5
EMP-004498,Hr,London,2018-06-05,Terminated,91565.0,40.0,3
EMP-004499,Sales,Remote,2023-02-16,Active,61636.0,40.0,3
EMP-004500,Finance,London,2015-03-10,Active,49775.0,40.0,3
EMP-004501,Finance,Chicago,2019-04-10,On Leave,71351.0,40.0,3
EMP-004502,Sales,Remote,2023-05-19,Active,15470.0,40.0,3
EMP-004503,Finance,Remote,2018-07-21,Active,77017.0,20.0,5
EMP-004504,Sales,London,2018-11-08,Active,64814.0,20.0,3
EMP-004505,Hr,Remote,2020-03-16,Active,96542.0,40.0,5
EMP-004506,Support,Remote,2019-03-02,Active,25354.0,40.0,3
EMP-004507,Sales,London,2016-07-08,Active,75159.0,40.0,2
EMP-004508,It,Remote,2015-03-02,Active,114406.0,30.0,3
EMP-004509,Sales,Chicago,2020-06-27,Terminated,91885.0,20.0,4
EMP-004510,Sales,Chicago,2023-04-15,Active,99517.0,35.0,3
EMP-004511,Sales,Remote,2015-12-16,Active,83493.0,40.0,4
EMP-004512,Sales,New York,2016-11-24,Active,33462.0,35.0,3
EMP-004513,Finance,Chicago,2018-05-01,Active,79163.0,40.0,4
EMP-004514,It,Remote,2022-04-12,Terminated,85212.0,40.0,3
EMP-004515,It,San Francisco,2017-06-04,Terminated,48044.0,0.0,3
EMP-004516,Sales,Remote,2022-12-09,Terminated,71836.0,40.0,4
EMP-004517,Hr,Remote,2015-06-30,On Leave,2473.0,40.0,4
EMP-004518,Marketing,Remote,2023-06-20,Active,66648.0,40.0,2
EMP-004519,Hr,London,2020-01-18,Active,64091.0,40.0,1
EMP-004520,Marketing,London,2020-12-05,Active,110056.0,40.0,4
EMP-004521,It,Chicago,2018-04-23,Terminated,59919.0,40.0,2
EMP-004522,It,London,2022-01-14,Active,68341.0,20.0,3
EMP-004523,Sales,London,2016-07-01,Terminated,74928.5,40.0,3
EMP-004524,Support,Chicago,2015-06-10,Terminated,60242.0,40.0,3
EMP-004525,It,Chicago,2018-07-24,Terminated,92995.0,40.0,3
EMP-004526,Hr,Remote,2022-09-07,Active,25190.0,30.0,3
EMP-004527,Finance,Chicago,2021-10-17,Active,103414.0,40.0,1
EMP-004528,Marketing,New York,2019-08-27,Terminated,74703.0,20.0,4
EMP-004529,Sales,New York,2020-02-24,Active,107541.0,20.0,3
EMP-004530,Finance,San Francisco,2016-03-02,Active,6319.0,40.0,3
EMP-004531,Support,Chicago,2022-07-26,Active,14094.0,20.0,3
EMP-004532,Marketing,London,2022-01-30,On Leave,67701.0,40.0,3
EMP-004533,Hr,San Francisco,2020-11-27,Active,87648.0,40.0,3
EMP-004534,Sales,Remote,2019-03-13,Terminated,61127.0,35.0,3
EMP-004535,Finance,Chicago,2023-09-06,Active,89596.0,35.0,3
EMP-004536,Support,New York,2022-11-29,Active,99533.0,40.0,4
EMP-004537,Hr,London,2020-10-19,Active,91650.0,30.0,2
EMP-004538,It,San Francisco,2018-05-07,Terminated,77582.0,0.0,3
EMP-004539,It,London,2020-07-24,Active,77390.0,20.0,2
EMP-004540,Hr,Chicago,2020-03-06,Active,59630.0,40.0,5
EMP-004541,Hr,Remote,2018-07-19,Active,73616.0,20.0,3
EMP-004542,Hr,London,2017-10-05,Terminated,49394.0,40.0,3
EMP-004543,Marketing,London,2018-08-30,Terminated,55382.0,20.0,3
EMP-004544,Hr,Remote,2020-03-01,Active,87859.0,40.0,4
EMP-004545,Finance,New York,2018-11-08,Active,63428.0,20.0,3
EMP-004546,Support,Chicago,2017-05-16,Active,56561.0,40.0,3
EMP-004547,Marketing,London,2021-11-06,Active,86231.0,0.0,3
EMP-004548,Hr,Chicago,2019-10-13,Terminated,84497.0,40.0,2
EMP-004549,It,New York,2015-08-11,Active,69618.0,20.0,3
EMP-004550,Sales,Remote,2018-04-25,Terminated,71277.0,20.0,3
EMP-004551,It,Chicago,2022-12-18,Active,85399.0,40.0,3
EMP-004552,Support,London,2021-10-18,Active,99224.0,20.0,3
EMP-004553,It,New York,2017-11-28,Active,80027.0,30.0,5
EMP-004554,Sales,New York,2023-06-11,Active,45199.0,20.0,4
EMP-004555,Sales,San Francisco,2015-09-09,Active,69464.0,40.0,3
EMP-004556,Sales,Remote,2023-08-26,Terminated,64821.0,35.0,5
EMP-004557,It,Remote,2017-03-18,Active,48675.0,40.0,3
EMP-004558,Marketing,London,2015-01-30,Active,87448.0,40.0,5
EMP-004559,Marketing,Chicago,2018-11-26,Active,74928.5,35.0,4
EMP-004560,Marketing,Remote,2018-03-25,Active,93155.0,40.0,3
EMP-004561,Sales,London,2019-11-07,Terminated,50227.0,20.0,3
EMP-004562,It,San Francisco,2022-03-03,Terminated,78936.0,40.0,3
EMP-004563,Sales,Remote,2022-08-01,Active,74843.0,40.0,4
EMP-004564,Finance,New York,2018-08-11,Active,82685.0,40.0,4
EMP-004565,Hr,Remote,2018-11-13,Active,78243.0,40.0,4
EMP-004566,Marketing,London,2016-05-02,Active,74686.0,40.0,3
EMP-004567,It,Remote,2015-06-06,Active,71682.0,40.0,3
EMP-004568,Support,London,2020-10-08,Active,102671.0,20.0,5
EMP-004569,Sales,London,2015-07-31,Active,74928.5,40.0,1
EMP-004570,Support,Remote,2021-08-09,Active,70671.0,35.0,2
EMP-004571,Hr,Remote,2019-11-07,Active,102034.0,40.0,3
EMP-004572,It,San Francisco,2016-10-14,Terminated,54724.0,40.0,4
EMP-004573,Sales,Remote,2019-11-09,Terminated,55998.0,40.0,5
EMP-004574,Sales,Remote,2016-08-24,Active,93349.0,40.0,3
EMP-004575,Finance,Remote,2018-12-13,Active,39402.0,40.0,3
EMP-004576,Finance,Chicago,2022-03-13,Terminated,91516.0,40.0,4
EMP-004577,Sales,London,2019-02-27,Terminated,62759.0,40.0,3
EMP-004578,Support,Remote,2016-05-03,Active,85250.0,40.0,2
EMP-004579,Sales,San Francisco,2021-07-07,On Leave,44482.0,0.0,3
EMP-004580,Marketing,Chicago,2016-09-05,Terminated,104627.0,40.0,3
EMP-004581,Support,Chicago,2021-08-24,Active,44569.0,30.0,3
EMP-004582,Sales,London,2019-04-25,Active,93124.0,40.0,2
EMP-004583,Finance,London,2019-01-31,Terminated,45613.0,40.0,2
EMP-004584,Hr,Remote,2022-08-30,Terminated,120208.0,40.0,4
EMP-004585,Sales,London,2021-05-18,Active,73215.0,40.0,3
EMP-004586,Sales,Chicago,2015-04-19,Active,123771.0,20.0,4
EMP-004587,Finance,San Francisco,2017-08-31,Active,54528.0,20.0,5
EMP-004588,Finance,London,2022-11-02,Terminated,63934.0,35.0,4
EMP-004589,Marketing,London,2015-03-02,Active,105268.0,30.0,3
EMP-004590,Sales,Chicago,2019-11-28,Active,39345.0,20.0,3
EMP-004591,Marketing,London,2021-07-20,Terminated,57518.0,35.0,3
EMP-004592,Sales,Remote,2020-08-06,Active,87377.0,40.0,4
EMP-004593,Marketing,London,2021-11-04,Terminated,49530.0,40.0,5
EMP-004594,Sales,Remote,2021-07-13,Active,88045.0,35.0,3
EMP-004595,Support,Remote,2021-03-24,Active,79260.0,40.0,4
EMP-004596,Hr,Remote,2022-05-24,Active,37159.0,40.0,2
EMP-004597,Hr,London,2020-10-23,Terminated,99194.0,40.0,4
EMP-004598,Sales,London,2018-08-15,Terminated,43439.0,40.0,4
EMP-004599,It,London,2019-04-01,Active,94282.0,40.0,1
EMP-004600,It,London,2021-06-13,Terminated,78212.0,40.0,3
EMP-004601,Finance,London,2022-11-20,Terminated,63625.0,40.0,5
EMP-004602,Finance,Chicago,2017-06-13,Active,47365.0,35.0,3
EMP-004603,Sales,Remote,2018-01-29,Active,83232.0,40.0,2
EMP-004604,Sales,New York,2023-05-18,Active,53187.0,30.0,3
EMP-004605,Marketing,Chicago,2020-03-16,Active,105199.0,40.0,3
EMP-004606,It,London,2016-08-11,Active,106111.0,0.0,3
EMP-004607,Support,New York,2020-12-21,Active,116051.0,40.0,5
EMP-004608,Marketing,New York,2023-12-01,Active,82022.0,40.0,3
EMP-004609,Marketing,New York,2022-05-30,Active,64892.0,20.0,4
EMP-004610,Sales,Remote,2021-09-17,Active,67577.0,40.0,4
EMP-004611,Sales,London,2016-11-14,Active,65748.0,40.0,4
EMP-004612,Sales,San Francisco,2022-11-19,Active,81200.0,40.0,4
EMP-004613,Finance,London,2019-09-25,Active,85915.0,40.0,2
EMP-004614,Sales,Remote,2023-01-02,Active,105789.0,30.0,5
EMP-004615,Sales,Remote,2017-12-20,Active,75503.0,30.0,3
EMP-004616,Sales,San Francisco,2015-07-23,Active,39919.0,40.0,3
EMP-004617,Sales,New York,2019-04-14,Active,64814.0,0.0,4
EMP-004618,Finance,London,2017-06-05,Active,113896.0,30.0,3
EMP-004619,Support,San Francisco,2021-06-08,Terminated,36086.0,40.0,4
EMP-004620,Support,San Francisco,2023-08-13,Active,93479.0,40.0,3
EMP-004621,It,Remote,2021-03-21,Active,65236.0,40.0,3
EMP-004622,It,London,2022-12-25,Active,52913.0,40.0,3
EMP-004623,Sales,Remote,2019-01-29,Active,84890.0,40.0,3
EMP-004624,It,London,2021-12-11,Active,114024.0,40.0,5
EMP-004625,Finance,San Francisco,2022-08-03,Active,74928.5,40.0,4
EMP-004626,Sales,London,2021-05-25,Active,68436.0,40.0,1
EMP-004627,Support,San Francisco,2019-07-28,Terminated,42599.0,40.0,2
EMP-004628,Marketing,New York,2020-08-19,Active,72529.0,40.0,3
EMP-004629,Support,London,2021-04-21,Active,41696.0,40.0,4
EMP-004630,Support,New York,2017-04-11,Active,67252.0,20.0,3
EMP-004631,Finance,Remote,2022-04-15,Terminated,73424.0,40.0,5
EMP-004632,It,New York,2023-07-21,Active,15986.0,40.0,5
EMP-004633,Marketing,London,2019-03-10,Active,109708.0,20.0,4
EMP-004634,Finance,Chicago,2021-04-23,Active,44037.0,40.0,1
EMP-004635,Sales,London,2021-08-19,Active,70351.0,40.0,5
EMP-004636,Sales,San Francisco,2020-12-16,Active,88346.0,40.0,3
EMP-004637,Hr,New York,2019-12-04,Active,107714.0,35.0,3
EMP-004638,Support,London,2022-12-07,Active,55196.0,40.0,2
EMP-004639,Hr,Chicago,2019-01-15,On Leave,12270.0,40.0,3
EMP-004640,Sales,Remote,2015-07-20,Active,101967.0,40.0,3
EMP-004641,Sales,Remote,2022-08-08,Terminated,43763.0,40.0,3
EMP-004642,Finance,San Francisco,2021-01-24,Active,83986.0,40.0,3
EMP-004643,Finance,San Francisco,2022-08-23,Active,85540.0,40.0,3
EMP-004644,Finance,London,2016-03-31,Active,74928.5,0.0,2
EMP-004645,Hr,Remote,2015-04-12,Active,34629.0,40.0,1
EMP-004646,Finance,Remote,2023-05-30,Active,63480.0,40.0,3
EMP-004647,Sales,Remote,2016-04-30,Active,10397.0,40.0,4
EMP-004648,Sales,Remote,2022-04-15,Terminated,41549.0,30.0,3
EMP-004649,Finance,Chicago,2022-05-29,Active,78072.0,0.0,4
EMP-004650,It,San Francisco,2021-05-18,Terminated,72788.0,40.0,3
EMP-004651,It,New York,2016-03-07,Active,82566.0,40.0,3
EMP-004652,Hr,Remote,2021-01-02,Active,86231.0,40.0,4
EMP-004653,It,London,2023-01-01,Terminated,32954.0,40.0,3
EMP-004654,Finance,London,2018-10-30,Terminated,74928.5,40.0,3
EMP-004655,Sales,London,2018-09-21,Active,94034.0,20.0,3
EMP-004656,Sales,London,2018-12-26,Active,113108.0,40.0,2
EMP-004657,Support,Remote,2015-09-28,Active,50815.0,40.0,3
EMP-004658,Marketing,Remote,2023-01-11,Active,81473.0,40.0,3
EMP-004659,It,London,2022-10-28,Active,95177.0,40.0,3
EMP-004660,Marketing,Remote,2023-12-25,Terminated,80939.0,40.0,3
EMP-004661,Finance,London,2020-04-07,Active,68781.0,40.0,3
EMP-004662,It,New York,2021-10-05,Active,58984.0,40.0,3
EMP-004663,It,New York,2016-10-28,Terminated,74928.5,40.0,5
EMP-004664,Sales,Chicago,2021-01-03,Active,77405.0,40.0,4
EMP-004665,It,San Francisco,2020-11-05,Active,84724.0,40.0,3
EMP-004666,Hr,New York,2023-02-10,Terminated,83108.0,35.0,5
EMP-004667,It,Chicago,2022-06-23,Terminated,54690.0,30.0,4
EMP-004668,It,Remote,2023-06-12,Terminated,76271.0,40.0,3
EMP-004669,It,San Francisco,2022-10-26,Terminated,66944.0,40.0,4
EMP-004670,Hr,New York,2022-10-26,Active,66496.0,0.0,3
EMP-004671,Marketing,London,2015-07-29,Active,82924.0,40.0,4
EMP-004672,Sales,Remote,2022-08-12,Terminated,52109.0,35.0,3
EMP-004673,It,Chicago,2020-06-19,Active,44880.0,40.0,4
EMP-004674,Hr,New York,2018-06-04,Active,87568.0,30.0,3
EMP-004675,It,New York,2015-07-05,Terminated,61710.0,40.0,5
EMP-004676,Finance,Remote,2021-02-05,Terminated,66375.0,40.0,3
EMP-004677,Support,Remote,2017-12-14,Active,26780.0,0.0,3
EMP-004678,It,New York,2019-03-18,Active,99077.0,20.0,3
EMP-004679,Hr,London,2021-02-18,Terminated,74928.5,40.0,1
EMP-004680,Sales,London,2023-03-17,Terminated,92702.0,40.0,3
EMP-004681,Hr,Remote,2022-06-06,Active,84683.0,40.0,3
EMP-004682,Sales,Remote,2019-01-21,Active,37101.0,40.0,3
EMP-004683,Sales,New York,2018-06-28,Terminated,80725.0,40.0,3
EMP-004684,Hr,London,2017-02-27,Terminated,59772.0,0.0,2
EMP-004685,It,Remote,2018-05-09,Terminated,50929.0,40.0,5
EMP-004686,Support,San Francisco,2016-01-01,Terminated,87501.0,0.0,4
EMP-004687,It,Remote,2023-09-28,Active,116463.0,40.0,1
EMP-004688,Sales,San Francisco,2020-03-01,Active,74928.5,40.0,3
EMP-004689,It,Chicago,2016-02-25,Active,74928.5,40.0,3
EMP-004690,It,San Francisco,2018-03-05,Terminated,74244.0,40.0,3
EMP-004691,It,London,2019-12-04,Terminated,69611.0,40.0,3
EMP-004692,Finance,London,2019-10-18,Active,52387.0,40.0,3
EMP-004693,Sales,Remote,2015-04-27,Active,68257.0,20.0,3
EMP-004694,It,London,2023-07-23,Terminated,97713.0,35.0,3
EMP-004695,It,Remote,2017-06-24,Active,120578.0,40.0,2
EMP-004696,Support,London,2015-02-23,Active,54588.0,40.0,3
EMP-004697,Support,Remote,2015-09-09,Active,25125.0,40.0,2
EMP-004698,Finance,San Francisco,2020-03-22,Active,61728.0,40.0,3
EMP-004699,It,Chicago,2016-03-28,Terminated,97599.0,0.0,4
EMP-004700,Marketing,New York,2015-05-18,Active,126807.0,40.0,4
EMP-004701,It,London,2018-06-01,Active,107751.0,40.0,2
EMP-004702,Support,San Francisco,2020-08-09,Active,107132.0,0.0,4
EMP-004703,Marketing,London,2016-01-03,Terminated,53761.0,40.0,2
EMP-004704,Sales,San Francisco,2017-10-26,Terminated,54465.0,40.0,3
EMP-004705,Sales,San Francisco,2018-10-05,Active,41905.0,40.0,3
EMP-004706,It,New York,2016-06-08,Active,58363.0,0.0,5
EMP-004707,Hr,Remote,2019-07-22,Active,97852.0,40.0,5
EMP-004708,Support,Remote,2015-10-08,Active,115612.0,40.0,3
EMP-004709,Hr,Remote,2015-06-02,Active,83638.0,40.0,4
EMP-004710,Marketing,London,2019-09-05,Terminated,68622.0,40.0,3
EMP-004711,Support,Chicago,2017-03-25,Terminated,48332.0,0.0,4
EMP-004712,Finance,London,2015-11-10,Terminated,72187.0,40.0,3
EMP-004713,It,Remote,2018-10-25,Active,80078.0,40.0,4
EMP-004714,Finance,Remote,2023-03-28,Active,38423.0,40.0,3
EMP-004715,Marketing,Chicago,2021-07-08,Active,98037.0,40.0,4
EMP-004716,Support,London,2022-05-04,Active,64402.0,40.0,3
EMP-004717,Sales,Chicago,2022-11-05,Active,96535.0,40.0,4
EMP-004718,Marketing,San Francisco,2023-10-03,Active,74727.0,35.0,4
EMP-004719,Sales,London,2021-11-13,On Leave,82430.0,40.0,4
EMP-004720,It,San Francisco,2020-06-22,Active,57451.0,40.0,3
EMP-004721,Sales,New York,2018-04-16,Active,66385.0,40.0,3
EMP-004722,Sales,Remote,2016-08-20,Active,91051.0,40.0,4
EMP-004723,Marketing,Chicago,2021-03-07,Active,71713.0,40.0,2
EMP-004724,Hr,London,2023-12-15,Active,47376.0,40.0,3
EMP-004725,Support,London,2019-03-17,On Leave,77789.0,40.0,3
EMP-004726,Support,London,2021-07-06,Active,84642.0,40.0,2
EMP-004727,Sales,Remote,2019-06-16,Terminated,109322.0,40.0,5
EMP-004728,It,Chicago,2018-11-20,Active,103814.0,40.0,3
EMP-004729,Finance,Chicago,2018-09-10,Active,73384.0,30.0,3
EMP-004730,It,San Francisco,2019-07-17,Active,61317.0,40.0,3
EMP-004731,It,London,2018-04-20,Active,69292.0,40.0,3
EMP-004732,Finance,London,2021-09-27,On Leave,74928.5,35.0,3
EMP-004733,Finance,Remote,2022-11-13,On Leave,87654.0,40.0,3
EMP-004734,Marketing,Chicago,2022-12-12,Active,101042.0,40.0,3
EMP-004735,Sales,London,2017-01-18,Active,105996.0,40.0,4
EMP-004736,It,London,2023-01-23,Active,64695.0,40.0,4
EMP-004737,It,London,2018-01-27,Terminated,62199.0,40.0,1
EMP-004738,Sales,Remote,2017-10-13,Active,64490.0,40.0,4
EMP-004739,It,San Francisco,2021-07-16,Terminated,26699.0,20.0,3
EMP-004740,Sales,London,2017-09-28,Active,44930.0,40.0,3
EMP-004741,Sales,London,2015-06-24,Active,74136.0,40.0,3
EMP-004742,Marketing,Remote,2018-05-13,Active,84482.0,40.0,3
EMP-004743,Hr,New York,2021-06-29,Active,87279.0,20.0,2
EMP-004744,Finance,Remote,2017-12-10,Active,55488.0,40.0,4
EMP-004745,Marketing,London,2020-08-31,Active,62722.0,40.0,3
EMP-004746,Support,Chicago,2020-12-09,Active,68262.0,40.0,3
EMP-004747,It,New York,2021-08-08,Active,65472.0,40.0,3
EMP-004748,Hr,New York,2023-01-27,Active,92200.0,40.0,3
EMP-004749,Support,Chicago,2018-11-22,Active,42296.0,40.0,3
EMP-004750,Finance,New York,2016-07-01,Active,46268.0,35.0,4
EMP-004751,It,Chicago,2017-11-14,Active,67539.0,20.0,4
EMP-004752,Sales,New York,2018-11-21,Active,40860.0,40.0,4
EMP-004753,Finance,London,2021-06-04,Active,27488.0,40.0,2
EMP-004754,Marketing,Remote,2015-02-13,Active,37663.0,40.0,3
EMP-004755,It,Remote,2017-11-03,Terminated,68932.0,40.0,4
EMP-004756,Marketing,Remote,2022-01-07,Active,90763.0,40.0,4
EMP-004757,Hr,London,2021-01-14,Active,91284.0,40.0,3
EMP-004758,Hr,New York,2021-08-02,Active,74928.5,40.0,4
EMP-004759,It,San Francisco,2022-04-22,Active,77542.0,40.0,3
EMP-004760,Sales,Chicago,2022-01-18,Terminated,74928.5,40.0,5
EMP-004761,Support,London,2021-02-20,Terminated,68740.0,40.0,3
EMP-004762,Support,New York,2018-12-16,Active,74928.5,40.0,4
EMP-004763,Hr,Remote,2023-11-08,Active,127014.0,40.0,3
EMP-004764,Hr,Remote,2020-02-14,Active,81534.0,40.0,3
EMP-004765,It,Chicago,2016-10-28,Active,83707.0,40.0,4
EMP-004766,Sales,San Francisco,2017-08-20,Active,46372.0,40.0,1
EMP-004767,It,New York,2021-03-29,Active,85261.0,40.0,4
EMP-004768,It,New York,2023-04-28,Active,91458.0,40.0,5
EMP-004769,Sales,San Francisco,2016-08-10,Active,74928.5,0.0,3
EMP-004770,Support,San Francisco,2015-09-28,Active,90752.0,0.0,4
EMP-004771,Sales,San Francisco,2022-12-07,Active,71832.0,40.0,3
EMP-004772,Sales,Remote,2023-03-28,Active,70764.0,40.0,3
EMP-004773,It,Chicago,2017-06-27,Terminated,73198.0,40.0,3
EMP-004774,Support,London,2018-05-25,Active,74928.5,20.0,3
EMP-004775,Sales,San Francisco,2020-12-10,Active,106691.0,40.0,4
EMP-004776,Marketing,Chicago,2017-12-20,Active,101816.0,40.0,4
EMP-004777,Hr,Remote,2022-11-23,Terminated,93823.0,40.0,4
EMP-004778,Hr,New York,2015-12-20,Active,125730.0,40.0,3
EMP-004779,Sales,New York,2015-05-05,Terminated,8594.0,20.0,4
EMP-004780,Sales,London,2016-11-16,Active,74928.5,40.0,2
EMP-004781,It,Remote,2017-07-29,Active,74718.0,40.0,3
EMP-004782,It,London,2016-01-07,Terminated,58194.0,40.0,3
EMP-004783,Sales,San Francisco,2015-08-04,Active,51756.0,40.0,5
EMP-004784,Hr,San Francisco,2021-10-19,Active,32071.0,40.0,3
EMP-004785,Finance,London,2016-06-23,Active,67217.0,40.0,3
EMP-004786,It,Remote,2023-03-24,Terminated,97351.0,0.0,3
EMP-004787,Hr,Remote,2018-04-24,Active,94348.0,30.0,3
EMP-004788,Finance,San Francisco,2021-01-13,Active,56197.0,40.0,3
EMP-004789,Sales,London,2017-01-10,Active,80506.0,0.0,3
EMP-004790,Sales,Chicago,2017-02-28,Active,108940.0,40.0,4
EMP-004791,Sales,New York,2020-03-04,Terminated,36998.0,40.0,3
EMP-004792,It,Remote,2020-01-17,Active,71029.0,40.0,4
EMP-004793,Hr,New York,2021-12-01,Active,82162.0,30.0,3
EMP-004794,Support,Chicago,2021-10-26,Active,75250.0,40.0,4
EMP-004795,Finance,Remote,2021-01-13,Active,96266.0,40.0,5
EMP-004796,It,Chicago,2019-01-16,Active,37554.0,20.0,5
EMP-004797,Hr,San Francisco,2023-01-06,Terminated,49855.0,40.0,2
EMP-004798,It,London,2020-08-08,Terminated,92051.0,40.0,4
EMP-004799,Hr,San Francisco,2023-11-29,Terminated,32444.0,40.0,4
EMP-004800,Support,London,2022-05-17,Active,95294.0,35.0,3
EMP-004801,Support,San Francisco,2015-05-26,Terminated,86245.0,40.0,4
EMP-004802,It,Chicago,2017-11-19,Active,93548.0,40.0,3
EMP-004803,It,Chicago,2020-02-23,Active,63268.0,40.0,2
EMP-004804,Support,Chicago,2021-06-29,Active,87746.0,20.0,3
EMP-004805,Marketing,New York,2019-12-14,Active,45693.0,40.0,5
EMP-004806,Support,Chicago,2022-01-28,Active,64637.0,30.0,3
EMP-004807,Sales,San Francisco,2017-07-18,Terminated,75908.0,40.0,2
EMP-004808,Sales,London,2016-08-27,Active,52531.0,30.0,5
EMP-004809,Marketing,Chicago,2015-06-27,Active,80453.0,40.0,5
EMP-004810,Sales,London,2020-02-28,Active,46395.0,40.0,4
EMP-004811,Finance,London,2021-03-13,Active,81716.0,40.0,4
EMP-004812,Sales,San Francisco,2017-12-08,Terminated,118546.0,40.0,3
EMP-004813,It,Chicago,2020-07-09,Active,43583.0,40.0,4
EMP-004814,Sales,New York,2015-06-21,Active,74436.0,40.0,3
EMP-004815,Hr,New York,2015-11-23,Terminated,34551.0,40.0,3
EMP-004816,Sales,London,2021-04-25,Terminated,54176.0,40.0,3
EMP-004817,Hr,London,2018-04-24,Active,92549.0,40.0,3
EMP-004818,Marketing,Remote,2021-01-15,Active,64234.0,20.0,3
EMP-004819,Sales,New York,2022-06-26,Active,93560.0,40.0,3
EMP-004820,It,New York,2022-09-03,Terminated,83897.0,0.0,4
EMP-004821,Hr,New York,2016-07-19,Terminated,73387.0,40.0,3
EMP-004822,Sales,San Francisco,2019-05-18,Active,49265.0,40.0,4
EMP-004823,Finance,New York,2021-08-09,Terminated,74928.5,40.0,3
EMP-004824,It,Remote,2021-12-19,Active,82603.0,40.0,2
EMP-004825,Finance,Chicago,2022-01-23,Active,36799.0,35.0,4
EMP-004826,Marketing,London,2017-01-19,Active,50887.0,40.0,2
EMP-004827,Sales,New York,2016-09-24,Active,5774.0,40.0,5
EMP-004828,Sales,Remote,2020-04-23,Active,40859.0,40.0,4
EMP-004829,Support,Remote,2021-09-01,Terminated,67166.0,0.0,5
EMP-004830,Support,New York,2017-11-15,Active,48604.0,20.0,3
EMP-004831,Support,New York,2015-12-11,Terminated,54208.0,40.0,3
EMP-004832,Finance,Remote,2021-06-13,Terminated,109764.0,40.0,3
EMP-004833,Hr,New York,2017-09-12,Terminated,100720.0,40.0,3
EMP-004834,It,New York,2016-06-30,Active,57633.0,40.0,3
EMP-004835,Support,Chicago,2016-04-30,Active,94838.0,40.0,4
EMP-004836,Marketing,Remote,2017-11-01,Active,105372.0,40.0,2
EMP-004837,Marketing,Remote,2020-05-02,Active,90464.0,40.0,3
EMP-004838,Support,Remote,2018-03-24,Terminated,82473.0,40.0,3
EMP-004839,Sales,Remote,2015-03-09,Active,102458.0,40.0,4
EMP-004840,Support,Remote,2015-11-15,Active,94238.0,40.0,3
EMP-004841,It,New York,2017-08-12,Active,44673.0,40.0,2
EMP-004842,Support,Remote,2020-12-08,Active,74928.5,40.0,3
EMP-004843,It,Remote,2015-11-20,Active,61198.0,40.0,4
EMP-004844,Marketing,Remote,2020-01-17,Active,103812.0,40.0,3
EMP-004845,Support,London,2016-01-30,Terminated,60489.0,40.0,3
EMP-004846,Finance,London,2016-11-26,Active,56195.0,40.0,3
EMP-004847,It,Remote,2016-07-19,Active,100667.0,40.0,3
EMP-004848,Finance,Remote,2015-08-09,Active,81492.0,35.0,1
EMP-004849,Marketing,Remote,2021-01-15,Active,127795.0,40.0,3
EMP-004850,It,San Francisco,2019-03-04,Active,53444.0,40.0,5
EMP-004851,Finance,London,2022-06-24,Active,62029.0,40.0,3
EMP-004852,It,San Francisco,2015-11-22,Active,103049.0,40.0,3
EMP-004853,Finance,San Francisco,2016-04-20,Terminated,43022.0,40.0,3
EMP-004854,Finance,Remote,2017-10-04,Terminated,107992.0,35.0,5
EMP-004855,It,London,2021-11-22,Active,44814.0,30.0,3
EMP-004856,Hr,Remote,2017-10-02,Active,90256.0,40.0,3
EMP-004857,Finance,New York,2018-09-04,Terminated,28924.0,40.0,5
EMP-004858,Support,London,2017-09-18,Active,76128.0,40.0,4
EMP-004859,It,San Francisco,2015-09-21,Terminated,40762.0,40.0,4
EMP-004860,Marketing,Remote,2023-06-15,Active,123157.0,20.0,3
EMP-004861,Hr,Remote,2019-12-09,Terminated,48209.0,30.0,3
EMP-004862,It,London,2022-02-02,Active,54279.0,40.0,3
EMP-004863,Hr,Chicago,2020-12-04,Active,88386.0,40.0,3
EMP-004864,Sales,London,2019-08-18,Active,59976.0,40.0,4
EMP-004865,Sales,London,2015-10-22,Active,92499.0,40.0,3
EMP-004866,Finance,San Francisco,2020-10-13,Active,57228.0,40.0,4
EMP-004867,Finance,London,2016-05-25,Active,55301.0,30.0,4
EMP-004868,Support,London,2018-09-24,Terminated,74311.0,20.0,2
EMP-004869,It,Remote,2020-08-29,Active,44577.0,40.0,3
EMP-004870,Marketing,Remote,2022-01-15,Active,84909.0,40.0,3
EMP-004871,Hr,New York,2021-03-01,Active,96932.0,20.0,3
EMP-004872,Sales,Chicago,2021-01-16,Active,88825.0,0.0,4
EMP-004873,Finance,San Francisco,2016-05-04,Active,91082.0,35.0,5
EMP-004874,Sales,London,2018-02-11,Terminated,26879.0,40.0,4
EMP-004875,Sales,Chicago,2015-05-22,On Leave,63459.0,40.0,3
EMP-004876,Marketing,London,2021-06-22,Active,69323.0,20.0,3
EMP-004877,Hr,Remote,2023-07-29,Active,111361.0,40.0,3
EMP-004878,Finance,New York,2017-05-18,Terminated,60467.0,40.0,3
EMP-004879,Finance,Remote,2015-10-16,Active,17457.0,30.0,2
EMP-004880,Sales,Chicago,2019-04-13,Active,49901.0,40.0,4
EMP-004881,Sales,San Francisco,2022-09-16,Active,58470.0,20.0,3
EMP-004882,Finance,London,2019-12-20,Active,74928.5,40.0,4
EMP-004883,It,New York,2015-06-03,Active,99218.0,40.0,3
EMP-004884,Finance,Remote,2023-10-08,Terminated,35760.0,35.0,2
EMP-004885,Marketing,Chicago,2022-06-16,Active,86151.0,40.0,3
EMP-004886,Finance,Remote,2016-03-08,Active,74928.5,40.0,4
EMP-004887,Support,London,2023-04-18,Active,112675.0,40.0,3
EMP-004888,It,London,2019-01-21,Terminated,68096.0,40.0,3
EMP-004889,Support,San Francisco,2018-05-07,Active,63022.0,40.0,3
EMP-004890,Support,New York,2019-02-24,Active,88206.0,30.0,1
EMP-004891,It,Remote,2022-07-06,Terminated,49817.0,40.0,3
EMP-004892,It,Remote,2020-12-07,On Leave,89389.0,40.0,5
EMP-004893,Sales,London,2015-07-14,Active,62958.0,40.0,3
EMP-004894,Finance,Chicago,2023-08-14,Terminated,60135.0,0.0,3
EMP-004895,Support,Remote,2016-04-30,Active,72811.0,40.0,3
EMP-004896,It,San Francisco,2021-09-16,Terminated,74928.5,30.0,3
EMP-004897,Sales,San Francisco,2020-09-21,Terminated,70228.0,40.0,3
EMP-004898,Finance,London,2016-09-08,Active,83487.0,40.0,3
EMP-004899,Marketing,London,2016-07-15,Active,17281.0,40.0,2
EMP-004900,It,London,2022-10-31,Active,102283.0,30.0,4
EMP-004901,Hr,London,2018-10-11,Active,74928.5,40.0,3
EMP-004902,Finance,Remote,2020-11-21,Active,28636.0,20.0,3
EMP-004903,Hr,London,2019-07-15,Active,24739.0,40.0,3
EMP-004904,Support,Remote,2021-07-18,Active,96048.0,0.0,5
EMP-004905,It,Remote,2019-04-25,Terminated,94113.0,40.0,4
EMP-004906,Hr,London,2017-08-02,Active,90576.0,40.0,3
EMP-004907,Support,London,2018-04-09,Terminated,39327.0,40.0,3
EMP-004908,Sales,New York,2022-09-24,Active,120716.0,30.0,4
EMP-004909,Hr,Chicago,2019-03-19,Active,56125.0,20.0,2
EMP-004910,It,London,2016-12-02,Active,80987.0,40.0,3
EMP-004911,Sales,Remote,2023-05-31,Terminated,81294.0,40.0,3
EMP-004912,Finance,London,2022-03-03,Active,114823.0,35.0,3
EMP-004913,Support,Remote,2015-07-02,Terminated,78129.0,20.0,3
EMP-004914,Finance,Remote,2023-12-28,Terminated,85396.0,40.0,3
EMP-004915,It,London,2021-04-03,Terminated,73072.0,20.0,3
EMP-004916,It,Remote,2016-06-10,Active,45085.0,40.0,3
EMP-004917,Support,London,2017-02-18,Active,17033.0,40.0,3
EMP-004918,Hr,London,2021-03-26,Terminated,75814.0,40.0,5
EMP-004919,Support,Chicago,2022-01-07,Active,39691.0,40.0,4
EMP-004920,Finance,London,2017-02-24,Terminated,83754.0,40.0,4
EMP-004921,Sales,San Francisco,2017-04-24,Active,78719.0,40.0,4
EMP-004922,Support,London,2017-10-06,Active,78111.0,40.0,2
EMP-004923,Hr,Remote,2020-05-19,Active,48677.0,20.0,3
EMP-004924,It,London,2016-07-18,Active,100914.0,40.0,4
EMP-004925,Sales,Remote,2015-12-09,Active,86869.0,40.0,3
EMP-004926,Marketing,Chicago,2021-02-09,Active,45458.0,40.0,4
EMP-004927,Sales,San Francisco,2022-01-04,Active,126714.0,40.0,5
EMP-004928,Sales,London,2019-07-05,Terminated,69730.0,40.0,3
EMP-004929,It,Remote,2018-04-10,Terminated,41643.0,40.0,3
EMP-004930,Support,New York,2018-11-21,Active,56041.0,35.0,2
EMP-004931,Finance,London,2018-06-30,Terminated,37278.0,40.0,5
EMP-004932,It,London,2023-08-22,Active,108986.0,40.0,3
EMP-004933,Finance,New York,2021-11-29,Terminated,102011.0,40.0,4
EMP-004934,Sales,Remote,2016-11-14,On Leave,93487.0,40.0,4
EMP-004935,Hr,Chicago,2018-06-16,Active,88779.0,40.0,4
EMP-004936,Finance,Chicago,2019-11-24,Active,106209.0,35.0,3
EMP-004937,Sales,Remote,2020-07-07,Terminated,68950.0,20.0,3
EMP-004938,Finance,Remote,2019-03-19,Active,85567.0,40.0,4
EMP-004939,Hr,Remote,2022-04-16,Terminated,54703.0,40.0,3
EMP-004940,Marketing,London,2021-11-28,Active,71164.0,40.0,3
EMP-004941,Support,London,2019-07-19,Active,86252.0,40.0,3
EMP-004942,It,San Francisco,2022-09-09,Active,74928.5,40.0,3
EMP-004943,Sales,London,2021-10-04,Active,59507.0,40.0,5
EMP-004944,Support,London,2022-01-03,Active,79125.0,40.0,4
EMP-004945,Finance,London,2023-08-10,Active,73062.0,40.0,4
EMP-004946,It,New York,2017-05-25,Active,63690.0,40.0,2
EMP-004947,Support,New York,2017-05-29,Active,89729.0,40.0,4
EMP-004948,Marketing,Chicago,2022-12-31,Active,57307.0,0.0,3
EMP-004949,Finance,London,2021-12-13,On Leave,44452.0,40.0,4
EMP-004950,It,Remote,2023-05-04,Active,74928.5,40.0,4
EMP-004951,Hr,Chicago,2015-07-27,Terminated,101066.0,40.0,4
EMP-004952,Marketing,London,2020-08-25,Active,60021.0,40.0,5
EMP-004953,Finance,Remote,2016-04-20,Active,73283.0,40.0,3
EMP-004954,Marketing,New York,2019-07-15,Active,96150.0,40.0,3
EMP-004955,Support,London,2016-05-26,Active,76101.0,20.0,3
EMP-004956,It,London,2016-02-25,Active,88255.0,40.0,4
EMP-004957,Hr,Chicago,2015-02-09,Active,86889.0,40.0,3
EMP-004958,Finance,Chicago,2020-09-02,Active,67021.0,40.0,4
EMP-004959,Sales,New York,2018-03-26,Active,87898.0,40.0,3
EMP-004960,Sales,Chicago,2015-12-12,Active,50876.0,40.0,4
EMP-004961,Hr,Remote,2017-11-27,Active,84857.0,40.0,3
EMP-004962,Sales,Chicago,2016-07-09,Active,73148.0,40.0,2
EMP-004963,Marketing,San Francisco,2023-06-23,Terminated,65982.0,40.0,5
EMP-004964,It,Remote,2017-11-17,Active,43832.0,40.0,3
EMP-004965,Hr,Chicago,2018-01-02,Active,78291.0,40.0,4
EMP-004966,Marketing,San Francisco,2022-07-23,Active,75963.0,40.0,4
EMP-004967,Sales,London,2020-10-30,Active,54009.0,40.0,3
EMP-004968,Support,Chicago,2021-05-23,Active,35078.0,40.0,5
EMP-004969,Support,Remote,2020-09-21,Terminated,33888.0,0.0,4
EMP-004970,It,London,2023-07-08,Terminated,68648.0,40.0,3
EMP-004971,Sales,London,2016-11-11,Active,82662.0,20.0,5
EMP-004972,Hr,Chicago,2023-11-25,Active,121249.0,20.0,5
EMP-004973,Hr,New York,2022-06-24,Active,73871.0,30.0,3
EMP-004974,Hr,San Francisco,2020-04-19,Active,34365.0,40.0,5
EMP-004975,Sales,San Francisco,2020-12-17,Active,69827.0,40.0,3
EMP-004976,Marketing,New York,2020-11-02,Terminated,106284.0,40.0,3
EMP-004977,It,Remote,2015-07-11,Active,57930.0,40.0,5
EMP-004978,It,London,2016-12-17,Terminated,102965.0,40.0,2
EMP-004979,It,Remote,2023-08-27,Active,79393.0,40.0,3
EMP-004980,Hr,San Francisco,2019-10-23,Active,91172.0,40.0,4
EMP-004981,Marketing,London,2018-05-28,Active,121471.0,40.0,3
EMP-004982,Support,Remote,2021-11-09,Active,29068.0,0.0,1
EMP-004983,Sales,San Francisco,2019-09-21,On Leave,97413.0,40.0,3
EMP-004984,Marketing,London,2015-02-13,On Leave,72632.0,40.0,3
EMP-004985,Sales,Remote,2021-08-17,Active,51270.0,40.0,3
EMP-004986,It,London,2021-08-03,Active,72484.0,40.0,5
EMP-004987,It,London,2016-06-26,Terminated,117274.0,40.0,4
EMP-004988,Support,London,2023-08-11,Terminated,108374.0,0.0,4
EMP-004989,Support,Remote,2017-01-05,Active,24982.0,40.0,4
EMP-004990,Sales,London,2019-02-13,Active,55754.0,40.0,3
EMP-004991,Sales,New York,2016-01-13,Terminated,98572.0,40.0,4
EMP-004992,Support,Chicago,2020-06-05,On Leave,74928.5,20.0,4
EMP-004993,It,New York,2018-05-19,Terminated,74550.0,40.0,4
EMP-004994,Sales,Remote,2018-03-06,Active,35792.0,35.0,2
EMP-004995,Support,Chicago,2022-06-11,Active,56363.0,40.0,3
EMP-004996,Finance,New York,2015-02-01,On Leave,41045.0,40.0,1
EMP-004997,Marketing,Chicago,2022-03-07,Terminated,33667.0,40.0,3
EMP-004998,Support,San Francisco,2020-02-22,Active,74928.5,40.0,3
EMP-004999,It,London,2023-11-16,Active,51798.0,40.0,3
EMP-005000,Hr,London,2020-04-21,Active,55972.0,40.0,4
EMP-005001,Support,Chicago,2015-07-02,Active,53947.0,40.0,2
EMP-005002,It,San Francisco,2015-06-16,Terminated,100511.0,40.0,2
EMP-005003,It,London,2022-12-12,Active,52321.0,40.0,4
EMP-005004,It,London,2022-07-28,Terminated,110655.0,40.0,2
EMP-005005,Hr,Remote,2018-02-10,Active,62901.0,40.0,3
EMP-005006,It,New York,2020-07-24,On Leave,85980.0,40.0,2
EMP-005007,Finance,Remote,2019-05-29,Active,86779.0,40.0,3
EMP-005008,Support,Remote,2023-09-15,Terminated,52554.0,40.0,2
EMP-005009,Sales,San Francisco,2023-07-20,Active,66798.0,40.0,4
EMP-005010,It,Remote,2023-11-08,Terminated,74928.5,40.0,2
EMP-005011,Sales,Remote,2022-10-19,Active,84311.0,20.0,3
EMP-005012,Sales,London,2023-03-09,Active,71779.0,40.0,3
EMP-005013,Hr,San Francisco,2016-12-15,Terminated,56290.0,40.0,5
EMP-005014,Finance,London,2022-06-24,Active,77976.0,30.0,3
EMP-005015,Sales,London,2021-05-19,Active,83490.0,40.0,2
EMP-005016,Sales,Chicago,2023-08-31,Terminated,121251.0,40.0,3
EMP-005017,Sales,Remote,2020-02-21,Active,76703.0,40.0,4
EMP-005018,Sales,Remote,2015-10-07,Terminated,75250.0,40.0,3
EMP-005019,Sales,New York,2020-05-17,Active,85710.0,40.0,3
EMP-005020,Sales,London,2021-03-06,Terminated,51265.0,40.0,2
EMP-005021,Support,Chicago,2016-12-25,Terminated,31862.0,20.0,3
EMP-005022,It,New York,2018-07-19,Terminated,67197.0,40.0,3
EMP-005023,Marketing,Remote,2020-05-21,Terminated,101802.0,40.0,3
EMP-005024,Support,Chicago,2018-05-14,Active,105839.0,0.0,3
EMP-005025,Support,Remote,2018-05-17,Terminated,28015.0,40.0,4
EMP-005026,Finance,London,2016-03-13,Terminated,91652.0,40.0,3
EMP-005027,Finance,Remote,2023-06-20,Active,20380.0,40.0,5
EMP-005028,It,London,2021-10-02,Active,86480.0,20.0,3
EMP-005029,Marketing,London,2015-01-05,Terminated,84984.0,40.0,3
EMP-005030,Finance,San Francisco,2021-11-21,Active,31900.0,30.0,4
EMP-005031,It,New York,2021-08-28,Active,100001.0,35.0,3
EMP-005032,It,New York,2015-02-01,Active,118596.0,40.0,4
EMP-005033,Sales,San Francisco,2018-04-29,Active,73438.0,40.0,4
EMP-005034,It,Chicago,2020-06-17,On Leave,78525.0,40.0,5
EMP-005035,Sales,San Francisco,2019-01-28,Active,74928.5,40.0,3
EMP-005036,Marketing,London,2022-01-01,Active,46842.0,40.0,3
EMP-005037,Finance,Remote,2018-10-30,Terminated,47473.0,35.0,4
EMP-005038,Marketing,San Francisco,2016-05-20,Active,54015.0,0.0,2
EMP-005039,Support,London,2023-10-15,Terminated,75927.0,40.0,3
EMP-005040,Support,Remote,2017-03-06,Terminated,75860.0,40.0,3
EMP-005041,Marketing,San Francisco,2021-06-17,Terminated,61168.0,40.0,3
EMP-005042,It,New York,2016-04-15,Terminated,67488.0,40.0,4
EMP-005043,It,Remote,2017-12-17,Active,61511.0,40.0,3
EMP-005044,Sales,London,2018-12-23,Active,62705.0,40.0,4
EMP-005045,Marketing,London,2016-09-23,Active,55787.0,40.0,3
EMP-005046,Finance,London,2019-01-19,Active,74928.5,40.0,5
EMP-005047,Sales,Chicago,2016-05-31,Active,24976.0,40.0,3
EMP-005048,Hr,Remote,2020-01-12,Active,69408.0,40.0,3
EMP-005049,It,London,2020-12-21,Active,26111.0,40.0,3
EMP-005050,Sales,San Francisco,2015-07-25,Active,93764.0,40.0,2
EMP-005051,Sales,London,2022-11-03,Active,61002.0,40.0,4
EMP-005052,Support,London,2016-08-31,Active,72015.0,40.0,4
EMP-005053,Sales,London,2017-01-10,Active,65670.0,40.0,3
EMP-005054,Marketing,Chicago,2020-12-13,Active,68897.0,40.0,3
EMP-005055,Sales,London,2019-03-21,Terminated,106584.0,40.0,3
EMP-005056,Marketing,London,2019-06-30,Terminated,41213.0,40.0,3
EMP-005057,It,Chicago,2016-02-26,On Leave,34417.0,40.0,4
EMP-005058,Support,Remote,2022-04-02,Terminated,77984.0,40.0,3
EMP-005059,Support,Remote,2020-07-21,Terminated,62603.0,35.0,5
EMP-005060,It,London,2016-03-21,Active,83991.0,40.0,4
EMP-005061,Sales,Remote,2018-05-14,Active,92914.0,40.0,3
EMP-005062,It,New York,2022-04-17,Terminated,47341.0,30.0,5
EMP-005063,Sales,Chicago,2020-02-12,Active,90085.0,20.0,3
EMP-005064,Sales,Chicago,2015-12-24,Active,49451.0,40.0,5
EMP-005065,It,London,2018-05-10,Active,76864.0,40.0,1
EMP-005066,Marketing,London,2017-03-08,Active,44077.0,40.0,3
EMP-005067,It,London,2019-08-28,Terminated,78304.0,40.0,3
EMP-005068,Support,New York,2022-08-04,Active,74478.0,40.0,3
EMP-005069,Sales,London,2018-12-05,Active,47427.0,40.0,2
EMP-005070,Hr,San Francisco,2018-11-25,Active,41040.0,40.0,3
EMP-005071,Sales,London,2023-02-23,Terminated,93766.0,0.0,3
EMP-005072,Finance,London,2020-03-08,Terminated,63675.0,20.0,4
EMP-005073,Sales,San Francisco,2020-02-05,Active,100301.0,40.0,5
EMP-005074,It,New York,2017-05-10,Terminated,61415.0,40.0,3
EMP-005075,Finance,San Francisco,2020-06-20,Active,74928.5,40.0,3
EMP-005076,Finance,Chicago,2020-03-08,Terminated,51290.0,40.0,1
EMP-005077,Sales,San Francisco,2018-07-28,Terminated,111819.0,20.0,4
EMP-005078,Sales,Remote,2023-12-01,Terminated,79359.0,40.0,3
EMP-005079,Finance,Chicago,2022-12-08,Active,84995.0,40.0,4
EMP-005080,Hr,London,2021-09-29,Active,49899.0,20.0,3
EMP-005081,Sales,London,2019-11-02,Active,93230.0,40.0,3
EMP-005082,Sales,Chicago,2019-02-27,Active,94098.0,20.0,2
EMP-005083,It,New York,2016-08-30,Active,66889.0,35.0,2
EMP-005084,Sales,New York,2017-10-01,Active,21650.0,40.0,4
EMP-005085,Hr,San Francisco,2021-12-19,Active,47167.0,40.0,3
EMP-005086,Support,Chicago,2019-01-31,Active,47163.0,40.0,3
EMP-005087,It,London,2022-12-10,Active,86234.0,40.0,3
EMP-005088,It,New York,2016-05-01,Terminated,63374.0,40.0,4
EMP-005089,Sales,Remote,2019-07-29,Terminated,63860.0,0.0,1
EMP-005090,It,London,2020-10-27,On Leave,60842.0,40.0,3
EMP-005091,Sales,Remote,2019-08-26,Active,111732.0,40.0,3
EMP-005092,It,Remote,2023-01-01,Terminated,76134.0,40.0,4
EMP-005093,Marketing,Remote,2023-11-27,Terminated,79944.0,20.0,3
EMP-005094,Marketing,New York,2016-01-16,Active,59515.0,40.0,3
EMP-005095,Sales,San Francisco,2016-03-03,Active,74259.0,40.0,3
EMP-005096,Hr,Remote,2016-03-04,Active,50608.0,30.0,3
EMP-005097,Marketing,Chicago,2021-02-17,Active,83593.0,20.0,3
EMP-005098,It,London,2018-05-09,Active,46336.0,40.0,2
EMP-005099,Marketing,New York,2021-08-07,Terminated,93605.0,40.0,3
EMP-005100,Support,Remote,2018-08-25,Active,56626.0,40.0,4
EMP-005101,Support,Remote,2020-08-24,Terminated,98710.0,40.0,3
EMP-005102,Sales,New York,2021-12-05,Active,122682.0,40.0,3
EMP-005103,Support,Chicago,2019-12-07,Active,75028.0,40.0,3
EMP-005104,Marketing,Chicago,2019-11-09,Active,107790.0,20.0,3
EMP-005105,Hr,San Francisco,2015-10-18,Active,93786.0,40.0,1
EMP-005106,Finance,London,2018-09-12,Active,39180.0,40.0,3
EMP-005107,Finance,Remote,2019-11-29,Terminated,77773.0,40.0,3
EMP-005108,Sales,Chicago,2019-02-27,Active,87530.0,40.0,3
EMP-005109,It,San Francisco,2023-02-08,Active,89943.0,40.0,3
EMP-005110,Finance,Remote,2023-02-27,Active,79455.0,40.0,1
EMP-005111,Finance,Remote,2022-05-25,Active,79133.0,0.0,4
EMP-005112,Support,New York,2018-05-18,Active,75127.0,40.0,3
EMP-005113,Support,Chicago,2021-06-15,Active,78329.0,40.0,3
EMP-005114,Marketing,San Francisco,2018-07-23,Active,44408.0,35.0,3
EMP-005115,Sales,Remote,2017-02-03,Active,69095.0,0.0,3
EMP-005116,It,Chicago,2018-02-01,On Leave,38675.0,0.0,3
EMP-005117,Sales,London,2015-08-22,Active,62559.0,35.0,4
EMP-005118,Sales,London,2017-12-26,Active,60230.0,0.0,3
EMP-005119,It,Remote,2019-02-23,Active,58633.0,30.0,2
EMP-005120,It,Chicago,2023-08-07,Active,48700.0,40.0,3
EMP-005121,It,Remote,2017-10-27,On Leave,81732.0,30.0,4
EMP-005122,Hr,New York,2023-02-14,On Leave,67048.0,40.0,3
EMP-005123,Sales,New York,2017-01-22,Active,64489.0,40.0,3
EMP-005124,Marketing,London,2016-09-19,Terminated,39811.0,40.0,3
EMP-005125,Hr,New York,2019-09-02,Terminated,67553.0,40.0,3
EMP-005126,It,Remote,2021-01-19,Active,103638.0,40.0,2
EMP-005127,It,London,2015-05-26,Active,104020.0,35.0,3
EMP-005128,It,New York,2016-12-27,Active,84338.0,40.0,2
EMP-005129,Finance,London,2019-02-06,Active,67621.0,40.0,3
EMP-005130,Sales,New York,2017-12-24,Active,88975.0,40.0,3
EMP-005131,It,Remote,2021-05-31,Active,58316.0,40.0,4
EMP-005132,It,Remote,2019-08-08,Active,67519.0,35.0,4
EMP-005133,Hr,Chicago,2016-06-11,Active,56437.0,40.0,3
EMP-005134,It,Chicago,2023-01-19,Active,74928.5,40.0,3
EMP-005135,It,New York,2017-08-20,Terminated,94500.0,40.0,2
EMP-005136,Support,Chicago,2021-07-31,Active,74928.5,40.0,5
EMP-005137,Sales,New York,2022-01-07,Terminated,118281.0,40.0,4
EMP-005138,It,New York,2023-09-01,Active,85313.0,40.0,3
EMP-005139,Marketing,London,2019-06-27,Terminated,83906.0,40.0,4
EMP-005140,Sales,San Francisco,2020-07-17,Terminated,81228.0,0.0,3
EMP-005141,Marketing,San Francisco,2018-01-05,Active,43443.0,0.0,3
EMP-005142,It,London,2021-02-07,Terminated,52643.0,40.0,3
EMP-005143,Support,San Francisco,2019-03-04,Active,73634.0,35.0,3
EMP-005144,Marketing,London,2018-12-09,Active,73840.0,40.0,1
EMP-005145,Finance,San Francisco,2022-09-12,Active,89744.0,40.0,4
EMP-005146,It,New York,2015-06-14,Active,58303.0,40.0,5
EMP-005147,Finance,Remote,2022-12-09,Active,74928.5,35.0,4
EMP-005148,It,Remote,2022-09-01,Active,77214.0,40.0,4
EMP-005149,Sales,Remote,2019-07-23,Active,78205.0,40.0,4
EMP-005150,Sales,San Francisco,2019-05-31,Active,75410.0,40.0,3
EMP-005151,Sales,Remote,2018-04-04,Active,74928.5,40.0,3
EMP-005152,Marketing,San Francisco,2023-12-12,Terminated,18470.0,35.0,3
EMP-005153,Finance,Remote,2016-01-01,Active,51456.0,30.0,3
EMP-005154,Finance,Remote,2020-04-24,Terminated,61722.0,40.0,4
EMP-005155,Finance,New York,2021-02-18,Active,45539.0,40.0,3
EMP-005156,Support,London,2023-05-30,Active,73608.0,30.0,4
EMP-005157,Finance,London,2022-01-08,Active,74928.5,40.0,3
EMP-005158,Support,London,2020-10-17,Terminated,93151.0,30.0,2
EMP-005159,Sales,London,2016-01-19,Active,86658.0,40.0,4
EMP-005160,Sales,San Francisco,2018-05-13,Active,99633.0,40.0,4
EMP-005161,Marketing,Remote,2016-04-01,Active,51884.0,40.0,3
EMP-005162,It,Remote,2022-12-06,Terminated,63580.0,40.0,2
EMP-005163,Sales,Remote,2021-09-30,Active,90371.0,20.0,3
EMP-005164,It,New York,2021-10-26,Terminated,63137.0,40.0,2
EMP-005165,It,Chicago,2020-11-13,Active,64504.0,40.0,4
EMP-005166,Sales,Remote,2019-07-25,Active,121560.0,40.0,3
EMP-005167,Marketing,London,2016-05-07,Active,77386.0,40.0,3
EMP-005168,It,Remote,2017-12-19,Active,119091.0,40.0,5
EMP-005169,It,Remote,2016-03-26,Active,29418.0,40.0,3
EMP-005170,Hr,Remote,2021-07-10,Active,59228.0,40.0,3
EMP-005171,Sales,Remote,2016-06-10,Active,85220.0,40.0,4
EMP-005172,Marketing,Remote,2021-04-26,Active,77343.0,40.0,4
EMP-005173,Hr,San Francisco,2021-03-25,Active,23611.0,40.0,3
EMP-005174,Hr,Remote,2019-02-18,Terminated,74928.5,40.0,2
EMP-005175,Sales,Chicago,2016-03-20,Terminated,74928.5,40.0,3
EMP-005176,It,London,2017-10-31,Active,81173.0,40.0,3
EMP-005177,Marketing,New York,2017-11-18,Active,90111.0,40.0,3
EMP-005178,It,New York,2021-04-21,Active,58901.0,40.0,3
EMP-005179,Hr,Chicago,2016-01-09,Active,81082.0,20.0,3
EMP-005180,Marketing,Remote,2022-06-18,Active,74692.0,35.0,2
EMP-005181,Hr,Remote,2021-11-06,Active,102970.0,40.0,2
EMP-005182,Finance,Remote,2016-09-04,Terminated,102175.0,40.0,4
EMP-005183,Sales,Remote,2021-06-21,Terminated,85188.0,20.0,5
EMP-005184,It,Remote,2021-01-06,Active,76774.0,40.0,3
EMP-005185,Marketing,Remote,2021-09-25,Active,74928.5,20.0,3
EMP-005186,Marketing,Remote,2016-09-13,Active,32151.0,40.0,3
EMP-005187,It,Remote,2016-06-01,Active,77048.0,40.0,3
EMP-005188,Hr,Chicago,2017-02-16,Terminated,96866.0,30.0,1
EMP-005189,Finance,San Francisco,2018-04-17,Active,74928.5,40.0,5
EMP-005190,Support,Remote,2022-02-21,Active,52757.0,40.0,3
EMP-005191,It,London,2021-08-22,Terminated,37269.0,40.0,2
EMP-005192,Sales,Remote,2023-04-30,Active,98324.0,40.0,4
EMP-005193,It,San Francisco,2015-07-12,Terminated,54633.0,40.0,3
EMP-005194,Hr,New York,2015-02-07,Active,35573.0,40.0,3
EMP-005195,It,Chicago,2021-04-17,Active,62658.0,40.0,3
EMP-005196,It,San Francisco,2017-07-07,Active,62223.0,40.0,3
EMP-005197,Marketing,Remote,2018-01-03,Active,74928.5,20.0,4
EMP-005198,It,Remote,2019-12-03,Terminated,96641.0,40.0,3
EMP-005199,It,Remote,2015-12-03,Active,56565.0,35.0,3
EMP-005200,Sales,Remote,2020-10-13,Active,109949.0,20.0,3
EMP-005201,It,San Francisco,2017-12-04,Active,78126.0,40.0,4
EMP-005202,It,Remote,2020-09-10,Active,101521.0,40.0,3
EMP-005203,Support,Remote,2022-07-04,Terminated,108179.0,40.0,3
EMP-005204,Sales,San Francisco,2016-07-16,Active,68435.0,40.0,3
EMP-005205,Hr,Remote,2023-05-18,Active,89283.0,40.0,4
EMP-005206,Sales,New York,2019-10-11,Terminated,64831.0,40.0,3
EMP-005207,It,New York,2023-04-22,Active,74928.5,40.0,2
EMP-005208,Sales,London,2016-11-13,On Leave,77257.0,40.0,3
EMP-005209,It,Remote,2020-06-10,Active,99008.0,40.0,3
EMP-005210,Sales,Remote,2018-08-20,Terminated,113119.0,40.0,4
EMP-005211,It,San Francisco,2021-12-19,Active,88681.0,40.0,2
EMP-005212,Finance,San Francisco,2020-06-14,Terminated,72664.0,40.0,1
EMP-005213,It,London,2019-06-14,Active,73079.0,35.0,4
EMP-005214,It,Remote,2023-03-20,Terminated,1074.0,35.0,3
EMP-005215,Sales,London,2018-05-24,Active,57180.0,40.0,1
EMP-005216,Marketing,Remote,2016-12-24,Active,98314.0,20.0,3
EMP-005217,Marketing,Remote,2020-06-21,Terminated,99247.0,40.0,4
EMP-005218,Sales,San Francisco,2020-08-13,Terminated,56636.0,20.0,3
EMP-005219,It,Remote,2018-12-14,Terminated,79114.0,40.0,3
EMP-005220,Sales,San Francisco,2019-05-19,Active,70268.0,40.0,3
EMP-005221,It,Remote,2023-08-21,Active,92240.0,40.0,3
EMP-005222,Sales,Chicago,2021-08-05,Active,130215.0,40.0,3
EMP-005223,Sales,San Francisco,2015-12-30,Terminated,92712.0,40.0,4
EMP-005224,Marketing,London,2016-11-28,Active,58246.0,40.0,3
EMP-005225,Finance,Chicago,2023-10-12,Active,73040.0,30.0,2
EMP-005226,Hr,Remote,2021-07-15,Active,110048.0,20.0,3
EMP-005227,Sales,Remote,2023-03-27,Active,39783.0,30.0,4
EMP-005228,Sales,London,2017-09-25,Terminated,59624.0,20.0,4
EMP-005229,Finance,Remote,2021-09-04,Active,92749.0,0.0,1
EMP-005230,Hr,San Francisco,2021-06-04,Terminated,107358.0,40.0,3
EMP-005231,Support,Chicago,2017-08-26,Terminated,90224.0,40.0,3
EMP-005232,Sales,Remote,2019-12-16,Terminated,59833.0,40.0,3
EMP-005233,Sales,London,2020-08-24,Active,88413.0,40.0,3
EMP-005234,Support,London,2019-05-01,Active,85357.0,40.0,4
EMP-005235,Support,San Francisco,2022-06-11,Active,83771.0,40.0,1
EMP-005236,Sales,Chicago,2022-06-30,Terminated,72573.0,40.0,3
EMP-005237,Support,Remote,2022-08-27,Active,76325.0,40.0,3
EMP-005238,It,Chicago,2022-03-25,Active,52313.0,40.0,3
EMP-005239,Hr,Chicago,2019-05-24,On Leave,137005.0,40.0,3
EMP-005240,Hr,Remote,2018-06-07,Active,78925.0,40.0,2
EMP-005241,Hr,New York,2022-06-25,Terminated,88713.0,40.0,5
EMP-005242,It,Remote,2019-05-31,Active,69552.0,40.0,3
EMP-005243,It,San Francisco,2017-03-20,Active,96133.0,40.0,3
EMP-005244,Support,San Francisco,2019-07-26,Terminated,42539.0,40.0,1
EMP-005245,Finance,London,2016-04-11,Active,31360.0,20.0,3
EMP-005246,Support,London,2021-03-23,Active,74238.0,30.0,3
EMP-005247,Sales,London,2018-01-09,Terminated,126351.0,20.0,5
EMP-005248,Marketing,San Francisco,2017-05-06,Active,105208.0,20.0,3
EMP-005249,Sales,Chicago,2023-08-11,Active,54789.0,40.0,5
EMP-005250,Sales,London,2021-12-28,Active,87902.0,35.0,3
EMP-005251,Hr,Remote,2022-01-31,Active,59100.0,40.0,3
EMP-005252,Support,Remote,2020-08-12,Active,74928.5,40.0,4
EMP-005253,Finance,London,2022-07-21,Active,87610.0,40.0,4
EMP-005254,Sales,San Francisco,2021-10-31,Active,98162.0,40.0,3
EMP-005255,It,Remote,2020-05-22,Active,35858.0,40.0,3
EMP-005256,It,Remote,2023-08-26,Active,43360.0,40.0,5
EMP-005257,It,Remote,2016-09-21,Active,73111.0,40.0,3
EMP-005258,Finance,New York,2023-06-28,Active,49189.0,40.0,4
EMP-005259,Sales,Remote,2018-08-12,On Leave,47257.0,20.0,4
EMP-005260,Hr,San Francisco,2019-10-03,Active,74928.5,40.0,2
EMP-005261,Support,London,2016-02-08,Terminated,52099.0,35.0,3
EMP-005262,Sales,Chicago,2019-11-11,Terminated,131441.0,40.0,1
EMP-005263,Sales,London,2020-07-02,Active,61671.0,20.0,1
EMP-005264,It,Remote,2023-12-24,Active,68244.0,40.0,3
EMP-005265,It,Remote,2023-10-11,Active,82439.0,40.0,2
EMP-005266,It,London,2023-09-12,Terminated,37301.0,40.0,3
EMP-005267,It,London,2018-02-19,Active,87713.0,30.0,3
EMP-005268,Finance,New York,2023-12-03,Terminated,83537.0,40.0,3
EMP-005269,Finance,Remote,2019-02-06,Terminated,66267.0,40.0,3
EMP-005270,Support,Remote,2022-08-31,Active,81848.0,40.0,3
EMP-005271,Finance,Chicago,2016-12-12,Active,85707.0,20.0,3
EMP-005272,Finance,Chicago,2019-07-21,Active,110880.0,40.0,3
EMP-005273,Sales,London,2023-09-11,Active,137507.0,40.0,5
EMP-005274,Sales,Remote,2023-07-10,Active,48462.0,40.0,5
EMP-005275,Hr,London,2021-02-25,Terminated,42566.0,40.0,2
EMP-005276,Support,London,2022-03-07,Terminated,77569.0,40.0,2
EMP-005277,Sales,Chicago,2016-08-02,Active,23027.0,40.0,2
EMP-005278,Hr,London,2021-06-30,Active,91235.0,40.0,3
EMP-005279,It,London,2020-07-24,Active,77827.0,40.0,4
EMP-005280,Sales,London,2015-10-28,Active,84182.0,0.0,4
EMP-005281,Marketing,Remote,2016-01-07,Terminated,74928.5,40.0,3
EMP-005282,Sales,Chicago,2015-12-23,Active,81375.0,40.0,4
EMP-005283,Finance,New York,2021-07-08,Terminated,86806.0,20.0,5
EMP-005284,Hr,San Francisco,2016-04-10,Terminated,80001.0,40.0,3
EMP-005285,Support,San Francisco,2019-03-18,Active,41373.0,0.0,5
EMP-005286,Support,New York,2018-03-19,Active,79300.0,40.0,4
EMP-005287,Hr,London,2019-12-15,Active,121349.0,40.0,2
EMP-005288,Finance,San Francisco,2021-05-11,Active,81022.0,40.0,4
EMP-005289,It,Remote,2021-02-28,Active,78426.0,40.0,2
EMP-005290,Sales,Chicago,2019-08-22,Terminated,114001.0,40.0,3
EMP-005291,Finance,San Francisco,2019-03-07,Active,56360.0,35.0,4
EMP-005292,Marketing,Remote,2018-07-31,Terminated,97242.0,40.0,4
EMP-005293,Sales,Chicago,2022-10-04,Terminated,61746.0,40.0,3
EMP-005294,It,Remote,2017-12-23,On Leave,102165.0,40.0,1
EMP-005295,Hr,New York,2017-05-02,Active,94951.0,30.0,3
EMP-005296,Sales,London,2021-09-09,On Leave,64693.0,40.0,3
EMP-005297,Sales,New York,2018-03-28,Terminated,74928.5,40.0,3
EMP-005298,Support,San Francisco,2022-08-16,Active,99445.0,40.0,3
EMP-005299,It,Chicago,2017-12-13,Terminated,28614.0,40.0,3
EMP-005300,Sales,Remote,2021-04-26,Terminated,63952.0,40.0,3
EMP-005301,It,San Francisco,2015-05-29,Active,90510.0,40.0,2
EMP-005302,Sales,San Francisco,2018-06-21,Terminated,67297.0,30.0,4
EMP-005303,Marketing,London,2018-02-02,Active,78372.0,40.0,3
EMP-005304,Support,London,2022-05-08,Active,74928.5,40.0,3
EMP-005305,Hr,San Francisco,2023-09-14,Active,53638.0,20.0,3
EMP-005306,Sales,London,2019-02-23,Active,91986.0,0.0,3
EMP-005307,Hr,Chicago,2022-06-04,Active,56225.0,40.0,3
EMP-005308,It,Chicago,2021-04-18,Active,42439.0,40.0,3
EMP-005309,Sales,Remote,2023-09-15,Terminated,101540.0,40.0,3
EMP-005310,Finance,London,2022-04-20,Active,87892.0,40.0,3
EMP-005311,It,London,2015-09-12,Active,47787.0,40.0,4
EMP-005312,Finance,New York,2021-06-02,Active,78463.0,40.0,5
EMP-005313,Finance,Chicago,2019-10-27,Active,48601.0,40.0,3
EMP-005314,Hr,London,2015-02-24,Active,71189.0,40.0,3
EMP-005315,It,Remote,2017-04-06,Active,79400.0,40.0,3
EMP-005316,It,New York,2023-04-18,Active,54788.0,40.0,3
EMP-005317,Sales,Chicago,2023-05-02,Active,93558.0,40.0,2
EMP-005318,Sales,Chicago,2022-03-10,Active,97434.0,40.0,3
EMP-005319,Sales,Remote,2023-11-02,Active,81589.0,40.0,3
EMP-005320,Marketing,Remote,2022-04-05,Active,85350.0,40.0,4
EMP-005321,Support,Remote,2015-02-03,Terminated,38679.0,40.0,3
EMP-005322,Marketing,San Francisco,2017-08-04,Active,109055.0,35.0,5
EMP-005323,Sales,San Francisco,2015-04-11,Active,72717.0,20.0,4
EMP-005324,Marketing,New York,2015-11-06,Active,51619.0,20.0,5
EMP-005325,Sales,San Francisco,2016-12-20,Active,78646.0,40.0,3
EMP-005326,Hr,New York,2019-07-14,Active,93637.0,0.0,3
EMP-005327,Finance,London,2022-08-17,Terminated,87809.0,40.0,3
EMP-005328,It,Chicago,2022-10-04,Active,47883.0,40.0,3
EMP-005329,Finance,Remote,2020-07-18,Active,93941.0,40.0,3
EMP-005330,Finance,Remote,2023-05-09,Active,73484.0,40.0,3
EMP-005331,It,Chicago,2019-07-02,Active,87530.0,40.0,4
EMP-005332,Sales,Remote,2023-01-01,Active,54961.0,20.0,4
EMP-005333,Sales,London,2019-02-01,Active,101148.0,35.0,3
EMP-005334,Sales,London,2017-06-30,Active,79568.0,40.0,3
EMP-005335,It,San Francisco,2023-04-01,Active,104721.0,40.0,3
EMP-005336,Hr,Remote,2018-06-29,Active,36628.0,40.0,3
EMP-005337,It,New York,2019-07-13,Active,39965.0,0.0,3
EMP-005338,Support,London,2017-12-16,Active,74928.5,40.0,3
EMP-005339,Hr,Remote,2020-12-18,Active,111691.0,40.0,2
EMP-005340,Marketing,San Francisco,2023-12-15,Terminated,124070.0,20.0,5
EMP-005341,Hr,Chicago,2015-03-25,Active,52789.0,40.0,3
EMP-005342,Hr,Remote,2023-02-05,Terminated,76326.0,20.0,1
EMP-005343,Finance,Remote,2015-01-13,Terminated,78879.0,40.0,1
EMP-005344,Hr,New York,2018-04-12,Active,92954.0,40.0,4
EMP-005345,Sales,New York,2016-07-08,Active,97124.0,40.0,3
EMP-005346,Marketing,London,2021-10-25,Active,47140.0,40.0,4
EMP-005347,Marketing,San Francisco,2015-06-16,Active,74928.5,40.0,4
EMP-005348,Sales,Chicago,2019-12-25,Active,24787.0,20.0,1
EMP-005349,Hr,Remote,2017-08-27,Terminated,95270.0,40.0,3
EMP-005350,Finance,London,2016-03-15,Active,66535.0,40.0,3
EMP-005351,Hr,New York,2021-12-11,Active,44865.0,40.0,2
EMP-005352,Support,Remote,2016-12-15,Active,74928.5,40.0,3
EMP-005353,Support,Chicago,2017-01-05,On Leave,65753.0,40.0,3
EMP-005354,Finance,Remote,2017-06-23,Active,106537.0,20.0,3
EMP-005355,Sales,San Francisco,2020-04-12,Active,52685.0,40.0,4
EMP-005356,Sales,London,2020-12-08,Active,130574.0,40.0,3
EMP-005357,Marketing,Remote,2015-02-27,Active,96364.0,40.0,3
EMP-005358,Marketing,Remote,2017-03-06,Terminated,107192.0,20.0,4
EMP-005359,It,London,2018-11-17,Terminated,49279.0,40.0,3
EMP-005360,Finance,Chicago,2017-12-27,Terminated,119711.0,40.0,4
EMP-005361,Hr,London,2022-12-16,Active,44686.0,40.0,3
EMP-005362,It,Remote,2022-02-02,Terminated,69755.0,40.0,4
EMP-005363,Finance,Remote,2020-08-19,Active,107616.0,0.0,4
EMP-005364,It,Remote,2018-01-16,Active,87669.0,20.0,4
EMP-005365,Marketing,New York,2021-04-22,Active,44021.0,40.0,1
EMP-005366,Finance,Remote,2022-08-05,Active,103385.0,40.0,5
EMP-005367,Finance,Remote,2020-05-09,Active,83499.0,40.0,3
EMP-005368,Marketing,London,2022-01-22,Active,64595.0,40.0,2
EMP-005369,Sales,London,2021-09-28,Active,36450.0,40.0,4
EMP-005370,It,Remote,2020-02-23,Active,85869.0,40.0,3
EMP-005371,Marketing,Remote,2017-10-23,Terminated,70914.0,40.0,5
EMP-005372,Sales,London,2021-09-17,Terminated,78908.0,35.0,3
EMP-005373,Hr,London,2016-11-10,Active,35370.0,40.0,3
EMP-005374,Marketing,London,2022-01-06,Terminated,64534.0,40.0,3
EMP-005375,It,New York,2022-03-29,On Leave,87008.0,20.0,3
EMP-005376,Support,Remote,2022-05-26,Terminated,121912.0,40.0,3
EMP-005377,Sales,Remote,2019-04-04,Active,69868.0,40.0,3
EMP-005378,Support,Chicago,2016-09-24,Terminated,111082.0,35.0,4
EMP-005379,It,New York,2015-11-24,Active,94684.0,40.0,4
EMP-005380,Marketing,Chicago,2021-09-09,Active,80845.0,20.0,2
EMP-005381,Sales,Chicago,2022-12-23,Terminated,49691.0,40.0,2
EMP-005382,Hr,Chicago,2020-11-09,Terminated,50738.0,40.0,3
EMP-005383,Marketing,San Francisco,2016-04-18,Active,90439.0,40.0,3
EMP-005384,Hr,Chicago,2023-06-01,Terminated,61838.0,40.0,3
EMP-005385,Sales,Remote,2023-11-26,Active,59616.0,30.0,3
EMP-005386,Finance,London,2018-11-25,Active,70485.0,40.0,4
EMP-005387,Support,Remote,2020-05-09,Active,70904.0,40.0,4
EMP-005388,Sales,Remote,2021-12-29,On Leave,74928.5,40.0,4
EMP-005389,Hr,Remote,2021-08-17,Terminated,62363.0,0.0,3
EMP-005390,It,San Francisco,2023-09-17,Terminated,95031.0,40.0,3
EMP-005391,Hr,Chicago,2016-01-13,Active,85993.0,40.0,3
EMP-005392,It,Remote,2020-03-23,Active,33150.0,35.0,4
EMP-005393,Marketing,New York,2021-03-24,Active,82363.0,40.0,4
EMP-005394,Sales,New York,2023-01-04,Active,8306.0,40.0,1
EMP-005395,Hr,Remote,2022-11-13,Active,52619.0,30.0,3
EMP-005396,It,London,2023-10-20,Active,86577.0,20.0,3
EMP-005397,Hr,Remote,2019-08-11,Active,74734.0,40.0,3
EMP-005398,Sales,Remote,2022-06-23,On Leave,30803.0,40.0,3
EMP-005399,It,San Francisco,2018-11-05,Active,47021.0,40.0,1
EMP-005400,Sales,New York,2018-10-20,Terminated,9777.0,40.0,4
EMP-005401,Sales,New York,2017-04-12,Active,41436.0,40.0,3
EMP-005402,Hr,Chicago,2022-05-13,Active,74928.5,40.0,3
EMP-005403,It,Remote,2023-11-15,Active,61064.0,40.0,3
EMP-005404,Hr,Remote,2017-04-22,Active,79249.0,40.0,3
EMP-005405,Support,Remote,2015-07-04,Active,75341.0,40.0,3
EMP-005406,Marketing,London,2022-05-04,Active,75815.0,40.0,2
EMP-005407,Finance,London,2020-07-31,Terminated,100578.0,40.0,3
EMP-005408,It,London,2023-08-21,Active,69927.0,40.0,4
EMP-005409,Support,New York,2017-04-09,Active,97767.0,40.0,3
EMP-005410,It,London,2015-08-22,Active,13066.0,30.0,3
EMP-005411,Marketing,San Francisco,2019-06-07,Active,74928.5,40.0,3
EMP-005412,Sales,Chicago,2015-10-08,Terminated,42748.0,40.0,3
EMP-005413,It,London,2017-05-10,Active,48177.0,40.0,3
EMP-005414,Finance,New York,2016-02-19,Terminated,57385.0,40.0,5
EMP-005415,Marketing,San Francisco,2017-01-06,Active,102096.0,40.0,2
EMP-005416,It,Remote,2015-12-15,Active,52768.0,40.0,3
EMP-005417,Sales,San Francisco,2023-08-02,Active,58603.0,40.0,1
EMP-005418,Sales,Remote,2017-07-04,Active,50958.0,40.0,3
EMP-005419,Finance,London,2018-12-30,Active,81385.0,40.0,3
EMP-005420,Sales,New York,2023-02-01,Active,93590.0,40.0,4
EMP-005421,Sales,London,2021-02-04,On Leave,117608.0,20.0,3
EMP-005422,It,Remote,2020-07-24,Active,134995.0,40.0,3
EMP-005423,It,London,2021-05-08,Active,91255.0,40.0,3
EMP-005424,It,Remote,2022-06-17,Active,84141.0,40.0,3
EMP-005425,Hr,New York,2022-11-24,Active,44567.0,0.0,3
EMP-005426,Sales,Remote,2020-10-13,Active,122733.0,40.0,3
EMP-005427,Marketing,Chicago,2023-01-04,Terminated,80385.0,20.0,3
EMP-005428,Hr,San Francisco,2019-10-26,Terminated,67773.0,40.0,3
EMP-005429,Sales,San Francisco,2017-06-30,Active,84688.0,40.0,2
EMP-005430,Sales,Remote,2022-12-02,Active,74928.5,0.0,3
EMP-005431,Support,London,2019-11-15,Terminated,16558.0,40.0,3
EMP-005432,Finance,London,2023-02-26,Active,89295.0,40.0,3
EMP-005433,Hr,London,2015-05-13,Active,108562.0,40.0,2
EMP-005434,Finance,Remote,2018-07-30,Active,88923.0,35.0,3
EMP-005435,It,Chicago,2023-07-13,Active,74823.0,40.0,4
EMP-005436,Hr,London,2017-03-31,Active,75332.0,40.0,2
EMP-005437,It,San Francisco,2023-06-22,Active,79307.0,40.0,3
EMP-005438,Support,London,2023-08-02,Active,78541.0,40.0,3
EMP-005439,Sales,London,2022-12-09,Active,73482.0,40.0,3
EMP-005440,Sales,London,2020-01-27,Terminated,75634.0,40.0,3
EMP-005441,Support,Chicago,2020-10-27,Active,113875.0,30.0,4
EMP-005442,Sales,San Francisco,2022-10-29,Active,86807.0,20.0,3
EMP-005443,Sales,London,2021-12-25,Active,77629.0,40.0,3
EMP-005444,It,London,2020-09-02,Active,91481.0,40.0,4
EMP-005445,Sales,San Francisco,2023-11-03,Active,91482.0,40.0,4
EMP-005446,Sales,Remote,2021-03-03,Terminated,98650.0,40.0,3
EMP-005447,Sales,Remote,2023-10-12,Terminated,56077.0,20.0,3
EMP-005448,Finance,Remote,2015-07-08,Terminated,62987.0,40.0,4
EMP-005449,Marketing,Remote,2016-04-01,Terminated,54661.0,40.0,3
EMP-005450,Support,London,2019-01-23,Terminated,94168.0,40.0,3
EMP-005451,Hr,Chicago,2018-06-19,Terminated,92947.0,40.0,3
EMP-005452,Sales,San Francisco,2022-01-16,On Leave,43169.0,35.0,3
EMP-005453,Support,London,2016-06-11,Active,84771.0,20.0,5
EMP-005454,Finance,New York,2023-10-14,Active,109306.0,40.0,3
EMP-005455,Sales,Remote,2017-11-01,Terminated,69117.0,30.0,4
EMP-005456,Finance,Remote,2018-11-10,Active,74928.5,40.0,3
EMP-005457,It,New York,2017-06-22,Active,93262.0,40.0,5
EMP-005458,It,London,2020-03-19,Active,41986.0,40.0,3
EMP-005459,Hr,London,2015-07-12,Active,78800.0,40.0,3
EMP-005460,Finance,New York,2016-05-06,Terminated,106803.0,40.0,4
EMP-005461,It,London,2021-09-17,Active,60170.0,40.0,3
EMP-005462,Hr,London,2016-09-05,Terminated,95812.0,20.0,3
EMP-005463,It,London,2017-02-13,Terminated,75679.0,40.0,1
EMP-005464,Hr,San Francisco,2022-02-19,Terminated,58137.0,40.0,5
EMP-005465,It,London,2015-11-03,Active,72587.0,40.0,3
EMP-005466,Hr,Remote,2018-12-08,Active,61847.0,0.0,3
EMP-005467,It,Chicago,2015-03-17,Active,52792.0,40.0,3
EMP-005468,Sales,London,2018-02-13,On Leave,68641.0,40.0,2
EMP-005469,Sales,London,2021-04-16,Active,76711.0,0.0,3
EMP-005470,It,London,2015-10-24,Active,70849.0,40.0,3
EMP-005471,Finance,Chicago,2022-12-29,Active,68366.0,40.0,5
EMP-005472,Sales,Chicago,2023-03-09,Active,80650.0,40.0,2
EMP-005473,Sales,Remote,2015-12-12,On Leave,88285.0,40.0,3
EMP-005474,Hr,Chicago,2023-12-01,Active,46398.0,40.0,3
EMP-005475,It,London,2017-09-04,Active,68690.0,40.0,4
EMP-005476,Support,London,2015-10-04,Terminated,25661.0,40.0,4
EMP-005477,It,New York,2015-01-17,Terminated,70945.0,20.0,3
EMP-005478,Sales,Remote,2018-09-04,Terminated,78763.0,40.0,3
EMP-005479,Hr,Remote,2020-09-01,Terminated,89245.0,40.0,2
EMP-005480,Marketing,London,2017-12-27,Active,78853.0,40.0,3
EMP-005481,Sales,New York,2022-07-13,Active,88704.0,40.0,3
EMP-005482,Sales,Remote,2021-06-13,Terminated,76631.0,40.0,5
EMP-005483,Support,Remote,2018-02-24,Terminated,58112.0,0.0,4
EMP-005484,It,Remote,2021-08-10,Active,47102.0,40.0,3
EMP-005485,Hr,New York,2023-06-19,Terminated,68425.0,40.0,3
EMP-005486,It,San Francisco,2015-11-03,Terminated,55843.0,40.0,5
EMP-005487,It,London,2017-10-03,Active,72007.0,40.0,3
EMP-005488,Sales,Remote,2019-03-03,Active,62703.0,40.0,3
EMP-005489,It,London,2019-06-25,Terminated,85477.0,40.0,3
EMP-005490,Sales,Remote,2019-11-18,Terminated,74928.5,40.0,3
EMP-005491,It,Remote,2017-09-15,Terminated,86187.0,20.0,3
EMP-005492,Support,Remote,2021-01-02,Terminated,86060.0,40.0,2
EMP-005493,Finance,San Francisco,2020-10-21,Active,70508.0,40.0,2
EMP-005494,Support,London,2020-03-14,Active,72042.0,35.0,4
EMP-005495,Support,New York,2016-01-09,Active,87540.0,40.0,5
EMP-005496,Finance,London,2019-04-17,Terminated,136148.0,40.0,3
EMP-005497,Finance,London,2018-03-16,Active,50272.0,40.0,4
EMP-005498,Sales,New York,2019-06-03,Active,76044.0,35.0,4
EMP-005499,Sales,Remote,2023-04-19,Terminated,45107.0,40.0,3
EMP-005500,Hr,Remote,2019-04-29,Active,74477.0,20.0,3
EMP-005501,It,Remote,2015-02-15,Terminated,58148.0,40.0,4
EMP-005502,It,New York,2018-12-13,Active,72002.0,35.0,5
EMP-005503,Hr,Chicago,2022-05-21,Active,78883.0,0.0,4
EMP-005504,Support,San Francisco,2022-01-08,Active,74928.5,30.0,3
EMP-005505,Support,Chicago,2019-08-15,Terminated,30406.0,40.0,3
EMP-005506,Sales,London,2017-03-31,Active,110638.0,40.0,4
EMP-005507,Sales,Remote,2019-03-09,Terminated,95982.0,20.0,3
EMP-005508,It,San Francisco,2020-01-27,Active,71736.0,40.0,4
EMP-005509,Hr,New York,2023-12-31,Active,52632.0,40.0,3
EMP-005510,Marketing,Remote,2020-10-18,Active,77126.0,40.0,3
EMP-005511,Sales,New York,2021-04-01,On Leave,84025.0,30.0,3
EMP-005512,Marketing,San Francisco,2019-06-04,Active,94250.0,35.0,4
EMP-005513,Hr,New York,2018-03-11,Active,96556.0,20.0,2
EMP-005514,Sales,New York,2022-04-26,Terminated,101267.0,40.0,5
EMP-005515,It,London,2019-06-15,Active,31479.0,20.0,3
EMP-005516,It,London,2023-12-14,Active,67384.0,40.0,4
EMP-005517,Sales,Chicago,2019-02-11,Active,99828.0,30.0,4
EMP-005518,Marketing,Chicago,2015-08-12,Terminated,51909.0,0.0,4
EMP-005519,It,Chicago,2021-02-21,Active,105482.0,30.0,3
EMP-005520,It,Remote,2015-06-03,On Leave,120259.0,40.0,3
EMP-005521,Sales,London,2017-04-03,Active,104781.0,20.0,3
EMP-005522,It,Remote,2018-03-08,Active,91540.0,40.0,3
EMP-005523,Finance,Remote,2021-08-27,Terminated,63812.0,40.0,3
EMP-005524,Hr,Remote,2019-06-13,Active,82041.0,0.0,3
EMP-005525,Hr,Chicago,2015-04-05,Active,41348.0,40.0,3
EMP-005526,Sales,London,2020-07-20,Active,55472.0,40.0,3
EMP-005527,Support,Chicago,2018-09-14,Active,57230.0,40.0,3
EMP-005528,Sales,London,2023-04-19,Active,76549.0,40.0,4
EMP-005529,Marketing,London,2019-07-01,Active,65196.0,35.0,4
EMP-005530,Sales,London,2021-05-19,Active,81540.0,40.0,3
EMP-005531,It,New York,2016-12-20,Active,96946.0,40.0,3
EMP-005532,Marketing,Chicago,2021-11-06,Active,57257.0,40.0,1
EMP-005533,Support,Remote,2021-06-27,Active,78715.0,0.0,4
EMP-005534,It,New York,2023-02-19,Active,64601.0,40.0,3
EMP-005535,It,Chicago,2015-04-22,Active,79754.0,40.0,3
EMP-005536,Sales,San Francisco,2019-01-10,Active,92154.0,40.0,3
EMP-005537,Finance,Remote,2021-02-10,Active,98031.0,40.0,4
EMP-005538,It,Chicago,2015-11-09,Active,91758.0,40.0,3
EMP-005539,Finance,San Francisco,2018-09-11,Terminated,85350.0,40.0,3
EMP-005540,Marketing,London,2023-06-24,Terminated,39495.0,40.0,3
EMP-005541,Finance,San Francisco,2018-12-03,Active,47968.0,40.0,3
EMP-005542,Marketing,London,2023-11-14,Active,54396.0,40.0,4
EMP-005543,Marketing,Chicago,2015-07-06,Active,83966.0,0.0,3
EMP-005544,Marketing,London,2021-06-17,On Leave,42725.0,40.0,3
EMP-005545,Marketing,San Francisco,2020-03-24,Active,83438.0,40.0,4
EMP-005546,Marketing,London,2019-07-04,Active,81612.0,40.0,1
EMP-005547,It,Remote,2023-09-27,Active,26608.0,40.0,3
EMP-005548,Marketing,New York,2016-03-02,Active,47810.0,40.0,2
EMP-005549,It,New York,2023-01-24,Terminated,101097.0,40.0,5
EMP-005550,Marketing,Remote,2021-03-22,Active,92435.0,40.0,3
EMP-005551,Finance,Remote,2017-05-01,Active,53740.0,30.0,3
EMP-005552,It,New York,2023-02-11,On Leave,49128.0,40.0,4
EMP-005553,Marketing,Chicago,2018-11-12,Active,13741.0,40.0,3
EMP-005554,Support,Remote,2022-04-30,Active,111782.0,35.0,4
EMP-005555,Marketing,Chicago,2018-07-02,Terminated,76026.0,40.0,4
EMP-005556,Marketing,San Francisco,2022-08-29,Active,122093.0,40.0,5
EMP-005557,Finance,San Francisco,2020-09-23,Active,70208.0,40.0,2
EMP-005558,Sales,Remote,2016-04-08,Active,82065.0,30.0,2
EMP-005559,Hr,Remote,2020-11-05,Active,97282.0,40.0,5
EMP-005560,Finance,Remote,2016-09-20,Active,115971.0,40.0,5
EMP-005561,Support,Remote,2018-09-15,Terminated,87526.0,40.0,3
EMP-005562,Hr,London,2016-07-13,Active,75060.0,40.0,3
EMP-005563,Sales,London,2015-03-14,Active,75699.0,30.0,3
EMP-005564,Sales,Remote,2016-11-27,Active,48854.0,40.0,4
EMP-005565,Sales,London,2019-10-30,Active,65453.0,30.0,3
EMP-005566,Support,Remote,2019-05-02,Active,76280.0,40.0,3
EMP-005567,Finance,San Francisco,2019-07-07,Active,74928.5,40.0,3
EMP-005568,It,Chicago,2017-03-25,Terminated,64249.0,40.0,3
EMP-005569,Support,London,2021-03-02,Active,101566.0,40.0,1
EMP-005570,It,San Francisco,2021-05-03,Terminated,72954.0,35.0,2
EMP-005571,Hr,New York,2018-03-22,Active,106089.0,40.0,2
EMP-005572,Hr,London,2022-12-06,Active,91918.0,40.0,1
EMP-005573,Marketing,London,2020-10-17,Terminated,90230.0,40.0,3
EMP-005574,Sales,Chicago,2021-06-01,Active,99471.0,40.0,2
EMP-005575,Sales,Remote,2017-06-30,Active,95829.0,40.0,4
EMP-005576,Hr,San Francisco,2015-01-03,Terminated,101595.0,40.0,4
EMP-005577,Support,New York,2022-10-15,Active,128294.0,40.0,4
EMP-005578,Hr,San Francisco,2022-05-27,Active,115422.0,40.0,3
EMP-005579,Sales,Remote,2016-02-09,Terminated,86661.0,0.0,4
EMP-005580,Sales,Remote,2018-05-14,Terminated,63956.0,20.0,2
EMP-005581,Sales,Remote,2020-12-13,Active,84160.0,40.0,2
EMP-005582,Support,San Francisco,2020-11-13,Active,26845.0,40.0,5
EMP-005583,It,Chicago,2022-09-28,Active,95725.0,20.0,3
EMP-005584,Marketing,San Francisco,2016-04-06,Active,48499.0,35.0,2
EMP-005585,Sales,London,2018-11-14,Terminated,103062.0,0.0,3
EMP-005586,Hr,New York,2015-11-16,Active,74928.5,40.0,4
EMP-005587,Support,London,2018-07-04,Active,38727.0,40.0,3
EMP-005588,Finance,Chicago,2015-02-19,Active,73742.0,40.0,3
EMP-005589,Sales,Remote,2023-01-31,Active,48390.0,20.0,4
EMP-005590,It,New York,2019-09-29,Active,31792.0,0.0,5
EMP-005591,Support,New York,2022-08-25,Active,72342.0,40.0,1
EMP-005592,It,London,2015-07-16,Terminated,90879.0,40.0,3
EMP-005593,It,London,2017-01-17,Active,93860.0,40.0,3
EMP-005594,Marketing,London,2017-05-02,Active,78848.0,20.0,2
EMP-005595,Marketing,London,2018-06-25,Active,74928.5,40.0,2
EMP-005596,It,Chicago,2022-03-24,Active,78084.0,20.0,2
EMP-005597,It,San Francisco,2018-06-24,Active,37686.0,40.0,3
EMP-005598,Marketing,New York,2016-11-03,Terminated,39325.0,40.0,3
EMP-005599,Hr,San Francisco,2015-08-02,Active,50080.0,40.0,4
EMP-005600,Hr,San Francisco,2015-09-19,Active,101245.0,40.0,3
EMP-005601,Support,London,2021-11-03,Terminated,88631.0,40.0,3
EMP-005602,Finance,San Francisco,2019-01-02,Terminated,83065.0,20.0,3
EMP-005603,Support,New York,2021-07-14,Active,53435.0,40.0,5
EMP-005604,Finance,New York,2021-02-20,Active,65306.0,35.0,3
EMP-005605,It,Remote,2016-03-20,On Leave,40747.0,40.0,2
EMP-005606,Sales,Remote,2016-04-14,Active,109108.0,40.0,3
EMP-005607,Support,Chicago,2021-10-18,Active,129931.0,40.0,4
EMP-005608,Support,San Francisco,2021-06-28,Active,88915.0,40.0,3
EMP-005609,Finance,Chicago,2018-05-27,Active,93294.0,40.0,4
EMP-005610,Sales,Chicago,2015-09-12,Active,71026.0,40.0,5
EMP-005611,It,Chicago,2015-02-09,Active,34514.0,40.0,3
EMP-005612,It,London,2017-08-05,Active,53901.0,40.0,1
EMP-005613,It,Remote,2015-01-31,Terminated,63365.0,40.0,5
EMP-005614,Sales,Chicago,2017-01-26,Active,65369.0,20.0,3
EMP-005615,Finance,Remote,2018-10-10,Active,74928.5,35.0,2
EMP-005616,It,New York,2016-02-04,Active,76194.0,35.0,3
EMP-005617,Sales,London,2015-12-09,Terminated,53746.0,40.0,3
EMP-005618,Marketing,San Francisco,2023-01-25,Active,129193.0,40.0,3
EMP-005619,Sales,Remote,2020-04-08,Terminated,40866.0,40.0,5
EMP-005620,Hr,Remote,2023-05-30,Active,97183.0,40.0,3
EMP-005621,It,Chicago,2018-02-10,Terminated,68454.0,40.0,1
EMP-005622,Marketing,London,2021-02-03,Terminated,86570.0,40.0,5
EMP-005623,Sales,Remote,2016-11-03,On Leave,87703.0,40.0,3
EMP-005624,Support,New York,2020-07-25,Active,78926.0,40.0,4
EMP-005625,It,New York,2016-03-01,Active,46666.0,40.0,3
EMP-005626,Sales,London,2015-01-07,Active,66699.0,40.0,4
EMP-005627,Support,Chicago,2023-05-20,Active,74928.5,40.0,5
EMP-005628,Hr,London,2019-12-29,Active,77661.0,40.0,2
EMP-005629,Sales,London,2023-05-05,Active,49422.0,20.0,2
EMP-005630,It,Remote,2018-01-02,Terminated,107280.0,40.0,5
EMP-005631,Marketing,San Francisco,2017-12-13,On Leave,12661.0,20.0,4
EMP-005632,Finance,London,2018-08-09,Active,68747.0,40.0,1
EMP-005633,Marketing,New York,2021-05-09,Active,51967.0,40.0,3
EMP-005634,Hr,Chicago,2020-02-03,Terminated,79554.0,40.0,3
EMP-005635,Sales,Remote,2023-04-30,Active,100418.0,20.0,4
EMP-005636,Finance,Remote,2015-03-25,Active,39826.0,40.0,3
EMP-005637,It,London,2021-05-16,Active,133840.0,40.0,4
EMP-005638,Hr,London,2017-12-21,Active,80046.0,40.0,2
EMP-005639,Finance,New York,2016-08-15,Active,84543.0,20.0,3
EMP-005640,Hr,Remote,2019-08-05,Terminated,39006.0,40.0,4
EMP-005641,Sales,London,2019-07-19,Active,73836.0,40.0,2
EMP-005642,Hr,San Francisco,2016-03-26,Active,74928.5,40.0,3
EMP-005643,It,Chicago,2016-10-25,Active,80248.0,40.0,4
EMP-005644,It,San Francisco,2018-09-03,On Leave,78505.0,40.0,3
EMP-005645,Support,London,2018-09-05,On Leave,73704.0,40.0,4
EMP-005646,Finance,San Francisco,2017-11-09,Active,40550.0,40.0,3
EMP-005647,Sales,London,2016-05-03,On Leave,40407.0,0.0,3
EMP-005648,It,Chicago,2015-01-15,Active,104233.0,40.0,3
EMP-005649,Hr,Chicago,2023-09-25,Active,97057.0,0.0,3
EMP-005650,Sales,Remote,2023-06-29,Terminated,100757.0,40.0,3
EMP-005651,It,San Francisco,2019-05-09,Active,54429.0,40.0,4
EMP-005652,It,Remote,2023-12-15,Active,71061.0,40.0,4
EMP-005653,Sales,Remote,2021-01-23,Terminated,105795.0,40.0,3
EMP-005654,Sales,Chicago,2015-08-15,Active,44284.0,40.0,3
EMP-005655,Support,New York,2016-01-22,Active,103247.0,40.0,3
EMP-005656,Marketing,London,2023-03-31,Active,60337.0,40.0,4
EMP-005657,Finance,Remote,2020-09-01,Active,53619.0,40.0,4
EMP-005658,Support,London,2022-08-03,Active,74202.0,40.0,3
EMP-005659,Sales,Remote,2023-01-31,Active,47075.0,40.0,5
EMP-005660,Finance,London,2019-01-12,Terminated,27578.0,40.0,4
EMP-005661,Support,Remote,2015-06-09,Active,76901.0,40.0,4
EMP-005662,Hr,Chicago,2016-09-10,Active,88357.0,40.0,3
EMP-005663,Finance,Chicago,2015-08-07,Active,105382.0,40.0,3
EMP-005664,Finance,Remote,2016-09-12,Terminated,90174.0,40.0,5
EMP-005665,It,London,2018-09-11,Terminated,124135.0,0.0,3
EMP-005666,Hr,Remote,2016-01-24,Active,109027.0,40.0,4
EMP-005667,Sales,Remote,2016-07-02,On Leave,93452.0,40.0,5
EMP-005668,Marketing,San Francisco,2019-01-05,Active,86715.0,40.0,3
EMP-005669,Sales,New York,2018-01-23,Terminated,105753.0,35.0,4
EMP-005670,It,Chicago,2019-03-18,Active,19674.0,35.0,2
EMP-005671,Support,Remote,2018-11-11,Terminated,62999.0,40.0,4
EMP-005672,It,Remote,2020-10-19,Active,28538.0,0.0,3
EMP-005673,Support,London,2023-06-08,Terminated,91577.0,40.0,4
EMP-005674,Sales,London,2015-12-21,Active,56431.0,40.0,2
EMP-005675,Sales,Remote,2015-11-23,Active,150491.0,40.0,3
EMP-005676,Sales,London,2022-09-04,Terminated,62052.0,40.0,3
EMP-005677,Finance,New York,2019-07-23,Terminated,77659.0,40.0,3
EMP-005678,It,Remote,2021-11-24,Active,64943.0,40.0,4
EMP-005679,Sales,Remote,2016-12-09,Active,62779.0,40.0,4
EMP-005680,Support,Chicago,2022-06-17,Terminated,43837.0,40.0,4
EMP-005681,Hr,San Francisco,2023-04-25,Active,42996.0,40.0,3
EMP-005682,Hr,London,2020-09-19,Active,20513.0,40.0,5
EMP-005683,Finance,Remote,2015-12-15,Active,88637.0,40.0,3
EMP-005684,Marketing,Chicago,2023-01-21,On Leave,64384.0,40.0,3
EMP-005685,Support,London,2022-02-17,Terminated,123341.0,40.0,2
EMP-005686,Support,London,2021-10-04,Terminated,43896.0,40.0,3
EMP-005687,Sales,London,2015-05-01,On Leave,111908.0,20.0,3
EMP-005688,It,New York,2022-03-11,Terminated,114306.0,40.0,3
EMP-005689,Support,New York,2016-03-29,Terminated,106926.0,40.0,1
EMP-005690,It,Chicago,2016-12-31,Terminated,80870.0,40.0,3
EMP-005691,Marketing,Remote,2020-03-12,On Leave,66545.0,40.0,4
EMP-005692,Sales,San Francisco,2017-05-20,Terminated,106902.0,40.0,3
EMP-005693,It,London,2020-12-13,Active,55213.0,40.0,4
EMP-005694,Finance,Chicago,2020-06-21,Active,81768.0,30.0,2
EMP-005695,Hr,London,2015-12-22,Active,73906.0,40.0,4
EMP-005696,Finance,New York,2020-11-26,Terminated,52715.0,30.0,2
EMP-005697,Hr,Remote,2023-04-26,Active,81951.0,40.0,3
EMP-005698,Finance,Remote,2016-06-13,Active,74928.5,20.0,3
EMP-005699,Support,San Francisco,2020-05-16,Active,74928.5,20.0,3
EMP-005700,It,London,2018-01-28,Terminated,86503.0,40.0,3
EMP-005701,Hr,Chicago,2019-02-19,On Leave,19274.0,35.0,4
EMP-005702,Sales,San Francisco,2017-08-01,Active,48771.0,40.0,2
EMP-005703,It,London,2018-03-10,Active,63566.0,40.0,5
EMP-005704,Sales,London,2015-04-06,Active,74928.5,40.0,4
EMP-005705,It,Remote,2023-11-01,Active,96733.0,0.0,3
EMP-005706,It,Remote,2020-08-15,Active,77071.0,20.0,3
EMP-005707,Finance,Chicago,2019-07-04,Terminated,89165.0,20.0,3
EMP-005708,Hr,London,2018-06-15,Active,70985.0,40.0,3
EMP-005709,Hr,San Francisco,2019-11-08,Active,74928.5,40.0,3
EMP-005710,It,Chicago,2018-06-03,Active,83798.0,40.0,5
EMP-005711,It,San Francisco,2018-03-29,Active,62274.0,20.0,4
EMP-005712,Support,San Francisco,2019-03-05,Active,74928.5,20.0,5
EMP-005713,Support,San Francisco,2017-06-26,Active,90003.0,40.0,4
EMP-005714,Sales,London,2016-08-14,Active,120302.0,40.0,4
EMP-005715,Sales,Chicago,2020-01-04,Active,105170.0,40.0,3
EMP-005716,Finance,New York,2022-08-02,Active,46772.0,40.0,3
EMP-005717,It,New York,2016-05-17,Active,46860.0,40.0,4
EMP-005718,Sales,London,2015-04-18,Terminated,61609.0,40.0,5
EMP-005719,Sales,London,2017-03-22,Active,77473.0,40.0,2
EMP-005720,Marketing,London,2023-10-26,Active,76206.0,40.0,4
EMP-005721,It,Remote,2022-06-17,Active,106007.0,20.0,4
EMP-005722,Sales,San Francisco,2020-05-12,Active,107378.0,40.0,2
EMP-005723,Finance,Chicago,2023-05-13,Active,75142.0,40.0,4
EMP-005724,Sales,Chicago,2019-01-03,Active,69308.0,20.0,5
EMP-005725,Finance,Remote,2023-11-07,Active,87919.0,40.0,4
EMP-005726,Hr,Remote,2017-08-31,Active,101580.0,40.0,2
EMP-005727,Finance,New York,2017-02-28,Active,88811.0,40.0,5
EMP-005728,Sales,Remote,2020-09-28,On Leave,64211.0,40.0,3
EMP-005729,Support,Remote,2018-05-27,Active,59694.0,35.0,2
EMP-005730,Sales,New York,2020-08-20,Active,47235.0,20.0,3
EMP-005731,Support,Remote,2017-09-29,Active,79837.0,30.0,3
EMP-005732,Finance,London,2020-07-24,Terminated,90578.0,40.0,4
EMP-005733,Support,New York,2017-06-25,Terminated,74928.5,40.0,3
EMP-005734,Hr,London,2015-06-17,Active,103794.0,40.0,3
EMP-005735,It,Remote,2023-03-18,Terminated,112008.0,40.0,3
EMP-005736,Support,Chicago,2022-12-13,Active,40626.0,40.0,3
EMP-005737,Support,Remote,2023-09-27,On Leave,85119.0,40.0,5
EMP-005738,Finance,San Francisco,2021-06-13,Active,85981.0,40.0,4
EMP-005739,Hr,London,2021-02-22,Active,73151.0,40.0,4
EMP-005740,It,London,2020-01-12,Active,54291.0,0.0,3
EMP-005741,It,San Francisco,2016-02-18,Active,111116.0,40.0,2
EMP-005742,It,San Francisco,2016-09-14,Active,60285.0,40.0,4
EMP-005743,It,Remote,2017-08-09,Active,20186.0,0.0,5
EMP-005744,It,London,2023-01-04,Terminated,75502.0,40.0,2
EMP-005745,Sales,San Francisco,2016-07-22,Active,69053.0,40.0,3
EMP-005746,Finance,London,2023-04-22,Terminated,121442.0,40.0,3
EMP-005747,Finance,Chicago,2019-09-15,On Leave,87242.0,40.0,4
EMP-005748,Marketing,London,2021-06-10,Active,67368.0,40.0,3
EMP-005749,Hr,London,2015-12-29,Active,70079.0,20.0,3
EMP-005750,It,Remote,2017-06-03,Terminated,74928.5,30.0,2
EMP-005751,It,London,2023-08-17,Active,130428.0,40.0,4
EMP-005752,Hr,London,2017-05-24,Active,91887.0,40.0,3
EMP-005753,It,San Francisco,2017-09-01,Active,39821.0,40.0,3
EMP-005754,It,Remote,2016-10-11,Active,68889.0,40.0,3
EMP-005755,Hr,London,2016-02-29,Active,74409.0,40.0,3
EMP-005756,Finance,New York,2017-02-05,Active,47311.0,40.0,4
EMP-005757,Finance,Remote,2020-10-12,Active,30426.0,35.0,3
EMP-005758,Sales,Remote,2019-02-05,Active,89889.0,40.0,5
EMP-005759,Sales,London,2019-12-26,Active,54884.0,40.0,5
EMP-005760,Sales,London,2016-02-07,Terminated,106219.0,35.0,4
EMP-005761,Support,Remote,2022-03-21,On Leave,75205.0,40.0,5
EMP-005762,Sales,Remote,2022-01-21,Active,63143.0,30.0,4
EMP-005763,It,London,2015-03-12,Active,14582.0,40.0,3
EMP-005764,Marketing,Chicago,2018-06-14,Terminated,105558.0,30.0,4
EMP-005765,Hr,Chicago,2015-08-15,Active,82338.0,40.0,1
EMP-005766,Marketing,New York,2022-02-16,Terminated,63795.0,40.0,4
EMP-005767,Sales,London,2021-08-20,Active,52743.0,40.0,1
EMP-005768,Support,San Francisco,2023-02-12,On Leave,114977.0,40.0,4
EMP-005769,Hr,Remote,2017-02-16,Active,48395.0,40.0,4
EMP-005770,It,London,2019-02-08,Active,65784.0,20.0,2
EMP-005771,It,Chicago,2016-08-29,Terminated,89244.0,40.0,4
EMP-005772,Support,London,2018-05-05,Terminated,74928.5,40.0,4
EMP-005773,Finance,Chicago,2019-09-13,Active,69592.0,40.0,3
EMP-005774,Sales,London,2015-06-25,Terminated,56630.0,20.0,1
EMP-005775,Support,London,2021-06-07,Active,72332.0,40.0,3
EMP-005776,It,San Francisco,2019-11-21,Terminated,97612.0,40.0,4
EMP-005777,Sales,New York,2022-06-17,Active,103235.0,40.0,3
EMP-005778,Support,London,2017-06-12,Active,40621.0,20.0,1
EMP-005779,Sales,San Francisco,2023-02-17,Terminated,77874.0,40.0,3
EMP-005780,It,Chicago,2023-12-27,Active,39143.0,40.0,4
EMP-005781,Finance,Remote,2023-04-10,Active,97105.0,20.0,4
EMP-005782,Hr,Remote,2021-12-31,Active,85560.0,40.0,4
EMP-005783,It,Remote,2022-04-24,Active,51970.0,40.0,4
EMP-005784,Finance,San Francisco,2020-02-29,Terminated,113354.0,40.0,4
EMP-005785,Sales,London,2016-09-17,Active,83375.0,40.0,2
EMP-005786,Sales,New York,2021-02-03,Terminated,80630.0,0.0,3
EMP-005787,It,London,2021-05-31,Active,70522.0,40.0,3
EMP-005788,Hr,London,2023-11-13,Active,74799.0,40.0,3
EMP-005789,Support,San Francisco,2019-11-15,Active,65463.0,40.0,3
EMP-005790,It,New York,2017-06-10,Active,56470.0,40.0,4
EMP-005791,Sales,Remote,2021-02-25,Active,105728.0,40.0,4
EMP-005792,Sales,London,2023-10-25,Active,74928.5,30.0,3
EMP-005793,It,London,2016-08-05,Active,74928.5,40.0,3
EMP-005794,Finance,New York,2017-12-07,On Leave,71768.0,40.0,3
EMP-005795,Sales,Remote,2019-11-17,Active,110613.0,40.0,3
EMP-005796,Hr,London,2016-07-13,Terminated,103279.0,40.0,3
EMP-005797,It,London,2015-03-15,Active,65129.0,35.0,3
EMP-005798,Finance,New York,2018-01-12,Active,105670.0,40.0,3
EMP-005799,Finance,London,2022-10-15,Active,77703.0,40.0,3
EMP-005800,It,San Francisco,2015-05-23,Active,74928.5,40.0,3
EMP-005801,Marketing,Remote,2018-11-10,Active,63097.0,40.0,3
EMP-005802,Finance,Remote,2021-11-10,Terminated,109331.0,30.0,3
EMP-005803,Marketing,London,2023-07-31,Active,127071.0,40.0,3
EMP-005804,Sales,London,2023-11-14,Active,82995.0,40.0,2
EMP-005805,Sales,London,2018-10-19,Active,60837.0,40.0,3
EMP-005806,Finance,New York,2023-07-21,Active,74928.5,40.0,3
EMP-005807,Sales,Remote,2015-04-27,Active,55939.0,0.0,3
EMP-005808,Hr,London,2021-09-17,On Leave,59581.0,40.0,3
EMP-005809,Marketing,Remote,2020-10-13,Active,57124.0,40.0,1
EMP-005810,Marketing,London,2017-03-31,Terminated,73016.0,40.0,3
EMP-005811,Finance,Remote,2019-07-26,Active,78017.0,40.0,3
EMP-005812,Sales,Chicago,2016-03-01,Active,71296.0,40.0,5
EMP-005813,It,Remote,2022-11-04,Active,69467.0,30.0,3
EMP-005814,Sales,Remote,2018-03-22,Active,94012.0,40.0,3
EMP-005815,It,New York,2020-08-19,Active,69270.0,40.0,3
EMP-005816,It,Remote,2016-06-05,Active,70875.0,40.0,3
EMP-005817,Marketing,Chicago,2016-11-08,Active,70586.0,40.0,3
EMP-005818,Finance,Chicago,2023-12-05,Terminated,113582.0,40.0,4
EMP-005819,Finance,London,2021-10-11,Active,62720.0,40.0,2
EMP-005820,Hr,London,2023-08-29,Terminated,89907.0,40.0,3
EMP-005821,Support,Remote,2017-08-30,Active,56291.0,40.0,3
EMP-005822,Sales,San Francisco,2016-06-24,On Leave,74928.5,40.0,3
EMP-005823,Support,Remote,2019-07-12,Active,88656.0,35.0,4
EMP-005824,Marketing,Remote,2019-06-14,Active,102106.0,40.0,3
EMP-005825,It,San Francisco,2016-07-29,Terminated,65393.0,0.0,3
EMP-005826,Hr,Remote,2021-08-07,Active,47151.0,40.0,3
EMP-005827,Hr,Chicago,2018-04-04,Active,55400.0,40.0,4
EMP-005828,Hr,London,2016-09-04,Active,99114.0,40.0,3
EMP-005829,Marketing,London,2017-12-27,Active,127044.0,40.0,3
EMP-005830,Support,Remote,2020-01-27,Terminated,95861.0,40.0,3
EMP-005831,It,London,2021-07-15,Terminated,43447.0,40.0,4
EMP-005832,Hr,New York,2019-05-03,Terminated,95016.0,40.0,3
EMP-005833,It,Remote,2019-09-24,Terminated,51405.0,40.0,3
EMP-005834,Sales,Chicago,2016-04-01,Active,74928.5,40.0,5
EMP-005835,Finance,London,2023-03-26,Active,79681.0,40.0,3
EMP-005836,Finance,Remote,2023-05-11,Terminated,83884.0,40.0,4
EMP-005837,It,Remote,2021-02-24,Active,76636.0,40.0,4
EMP-005838,It,London,2015-02-27,Active,59972.0,40.0,3
EMP-005839,It,Chicago,2019-11-01,Active,101499.0,40.0,3
EMP-005840,Marketing,Remote,2020-08-30,Active,61811.0,40.0,3
EMP-005841,Marketing,London,2023-12-14,Active,106363.0,40.0,5
EMP-005842,Finance,Remote,2023-12-19,Terminated,41016.0,40.0,3
EMP-005843,Sales,Chicago,2022-09-19,Active,80388.0,40.0,3
EMP-005844,Sales,San Francisco,2015-07-29,Active,44346.0,40.0,2
EMP-005845,Support,New York,2023-07-31,Terminated,54148.0,40.0,4
EMP-005846,Support,San Francisco,2020-07-06,Terminated,62175.0,40.0,3
EMP-005847,Marketing,London,2022-03-17,Active,113015.0,40.0,5
EMP-005848,Sales,Chicago,2018-08-31,Active,74928.5,30.0,3
EMP-005849,Marketing,Remote,2017-11-16,Active,96856.0,40.0,4
EMP-005850,Sales,London,2019-03-03,Terminated,75832.0,40.0,3
EMP-005851,Support,London,2016-04-27,Active,74928.5,40.0,3
EMP-005852,It,Chicago,2018-03-19,Active,106662.0,40.0,1
EMP-005853,Marketing,New York,2022-09-19,Terminated,92533.0,40.0,4
EMP-005854,Hr,Chicago,2015-05-05,Active,75450.0,40.0,3
EMP-005855,It,London,2016-05-10,Active,112167.0,40.0,3
EMP-005856,Sales,London,2016-02-16,On Leave,74928.5,20.0,3
EMP-005857,Sales,San Francisco,2018-08-17,Active,81060.0,30.0,4
EMP-005858,Marketing,Remote,2023-12-22,Active,63526.0,0.0,3
EMP-005859,Finance,San Francisco,2016-07-23,Active,61269.0,35.0,3
EMP-005860,Marketing,London,2016-04-23,Active,66596.0,40.0,2
EMP-005861,Finance,London,2023-03-27,Terminated,86425.0,40.0,3
EMP-005862,Sales,London,2022-12-09,Active,95895.0,40.0,5
EMP-005863,Sales,New York,2015-04-16,Active,38893.0,40.0,3
EMP-005864,Sales,Chicago,2021-10-06,Active,26335.0,40.0,5
EMP-005865,Support,Chicago,2020-11-24,Terminated,51213.0,40.0,4
EMP-005866,It,San Francisco,2021-11-28,Terminated,64808.0,40.0,3
EMP-005867,It,London,2019-06-14,Terminated,104899.0,40.0,3
EMP-005868,It,Remote,2023-12-03,Active,67990.0,40.0,1
EMP-005869,It,Remote,2015-05-25,Active,74928.5,40.0,3
EMP-005870,Sales,New York,2017-02-09,Active,85448.0,40.0,3
EMP-005871,Support,London,2018-07-27,Active,49411.0,0.0,4
EMP-005872,It,New York,2019-01-18,Terminated,111497.0,40.0,3
EMP-005873,It,Chicago,2023-04-17,Active,58380.0,40.0,3
EMP-005874,Marketing,Remote,2020-01-15,Active,113995.0,40.0,4
EMP-005875,Sales,Remote,2015-05-29,Terminated,71846.0,40.0,3
EMP-005876,Sales,Remote,2018-09-02,Active,66562.0,40.0,5
EMP-005877,Support,London,2018-10-01,Terminated,47230.0,40.0,5
EMP-005878,Sales,New York,2023-09-09,Active,79932.0,35.0,4
EMP-005879,It,London,2020-05-23,Terminated,131360.0,40.0,3
EMP-005880,Marketing,San Francisco,2020-09-20,Active,74928.5,40.0,5
EMP-005881,Sales,Chicago,2021-06-02,Active,81761.0,40.0,3
EMP-005882,Sales,Remote,2021-12-06,Terminated,58335.0,40.0,3
EMP-005883,Hr,London,2020-09-18,Active,89800.0,20.0,3
EMP-005884,Sales,Remote,2017-02-18,Active,78940.0,40.0,3
EMP-005885,Hr,New York,2022-11-12,Terminated,73429.0,40.0,2
EMP-005886,It,Chicago,2021-08-03,Active,87370.0,40.0,4
EMP-005887,Sales,Chicago,2021-09-04,Terminated,74928.5,40.0,3
EMP-005888,Support,Remote,2023-12-20,Active,72487.0,40.0,3
EMP-005889,Finance,Remote,2022-03-22,Active,45074.0,30.0,3
EMP-005890,Finance,Remote,2022-06-18,Active,75722.0,40.0,3
EMP-005891,Marketing,Remote,2023-07-25,Active,56895.0,40.0,4
EMP-005892,Sales,Remote,2016-05-11,On Leave,58604.0,40.0,3
EMP-005893,Sales,New York,2019-06-25,On Leave,41664.0,40.0,4
EMP-005894,It,Remote,2020-03-23,Active,102892.0,30.0,3
EMP-005895,Sales,San Francisco,2017-12-18,Active,58056.0,40.0,3
EMP-005896,Support,Chicago,2022-07-22,On Leave,59394.0,40.0,4
EMP-005897,Hr,Remote,2021-11-11,Active,113265.0,40.0,3
EMP-005898,Sales,Chicago,2021-06-27,Active,89199.0,40.0,4
EMP-005899,Sales,London,2023-12-22,Active,24134.0,40.0,3
EMP-005900,It,London,2017-05-02,Active,109634.0,40.0,3
EMP-005901,Sales,London,2021-08-14,Active,116197.0,40.0,3
EMP-005902,It,Remote,2019-12-18,Active,113859.0,20.0,2
EMP-005903,Sales,Chicago,2017-10-25,Active,91705.0,40.0,5
EMP-005904,It,London,2016-06-11,On Leave,47457.0,40.0,1
EMP-005905,Sales,London,2023-01-23,Active,73769.0,20.0,3
EMP-005906,It,Remote,2020-05-11,Active,38789.0,40.0,1
EMP-005907,Support,Chicago,2022-06-04,Active,53350.0,0.0,3
EMP-005908,Marketing,Remote,2019-11-28,Terminated,47228.0,0.0,2
EMP-005909,Sales,Remote,2016-12-24,Active,59324.0,40.0,4
EMP-005910,It,Chicago,2018-01-14,Active,79099.0,40.0,3
EMP-005911,It,London,2018-06-08,Terminated,63877.0,40.0,3
EMP-005912,It,Remote,2023-10-04,Active,74928.5,40.0,3
EMP-005913,It,London,2015-01-19,Active,67728.0,40.0,2
EMP-005914,Finance,Remote,2023-11-14,Terminated,112487.0,40.0,3
EMP-005915,Marketing,New York,2023-10-28,Active,129094.0,40.0,3
EMP-005916,Sales,London,2023-12-19,Active,63733.0,40.0,3
EMP-005917,Sales,London,2019-04-16,Active,83402.0,40.0,3
EMP-005918,It,San Francisco,2023-09-04,Terminated,53968.0,40.0,2
EMP-005919,Support,London,2018-07-24,Active,94191.0,0.0,3
EMP-005920,Sales,Remote,2015-03-28,Terminated,63089.0,40.0,3
EMP-005921,Finance,London,2017-01-07,Terminated,57222.0,30.0,3
EMP-005922,Sales,Chicago,2023-07-05,Active,125040.0,40.0,3
EMP-005923,Finance,London,2015-02-15,Terminated,41098.0,30.0,3
EMP-005924,Marketing,Remote,2019-11-30,Active,13679.0,40.0,4
EMP-005925,Marketing,New York,2015-09-06,Active,93371.0,40.0,4
EMP-005926,Hr,Chicago,2017-07-30,Terminated,65809.0,40.0,3
EMP-005927,Hr,London,2015-10-17,Active,58850.0,20.0,2
EMP-005928,Finance,Chicago,2022-09-26,Active,143291.0,40.0,5
EMP-005929,Support,Chicago,2020-04-26,Terminated,93256.0,40.0,4
EMP-005930,Sales,Chicago,2023-02-13,Terminated,73537.0,0.0,5
EMP-005931,It,London,2021-03-12,Active,57302.0,30.0,2
EMP-005932,Sales,New York,2023-09-27,Terminated,86145.0,40.0,3
EMP-005933,Hr,San Francisco,2019-08-03,Active,31679.0,40.0,3
EMP-005934,Sales,Remote,2020-09-30,On Leave,62097.0,40.0,4
EMP-005935,It,London,2020-03-09,Terminated,74073.0,40.0,3
EMP-005936,Finance,London,2019-05-11,Active,80337.0,40.0,3
EMP-005937,It,Chicago,2022-08-12,Active,71439.0,40.0,5
EMP-005938,Sales,London,2020-10-19,Terminated,57670.0,35.0,3
EMP-005939,Sales,London,2022-03-18,On Leave,98017.0,40.0,3
EMP-005940,Sales,London,2022-01-28,Active,33709.0,40.0,2
EMP-005941,Support,Chicago,2016-09-19,Active,68052.0,40.0,3
EMP-005942,It,San Francisco,2020-11-07,Active,62052.0,40.0,3
EMP-005943,It,London,2016-10-18,Active,100296.0,40.0,3
EMP-005944,Hr,London,2020-04-01,Terminated,63528.0,40.0,4
EMP-005945,Sales,Remote,2021-02-04,Active,85942.0,40.0,3
EMP-005946,Sales,London,2023-12-22,Terminated,83326.0,40.0,3
EMP-005947,Sales,Remote,2015-04-11,Active,29122.0,40.0,4
EMP-005948,Hr,Chicago,2015-10-27,Terminated,73359.0,40.0,3
EMP-005949,It,New York,2015-09-11,Active,31432.0,0.0,3
EMP-005950,Sales,London,2018-08-02,Terminated,83782.0,40.0,4
EMP-005951,Support,San Francisco,2022-05-24,Active,56742.0,40.0,3
EMP-005952,Support,Remote,2022-08-06,Active,104667.0,40.0,4
EMP-005953,Hr,Remote,2021-08-19,Active,70481.0,40.0,3
EMP-005954,Support,New York,2023-01-27,Active,55749.0,40.0,5
EMP-005955,Sales,Remote,2017-11-27,Active,104996.0,40.0,5
EMP-005956,Marketing,New York,2015-10-17,Active,53203.0,40.0,3
EMP-005957,It,Remote,2015-07-11,Active,97367.0,40.0,3
EMP-005958,Sales,London,2022-09-01,Active,86688.0,40.0,4
EMP-005959,Marketing,Chicago,2021-07-28,Active,65864.0,40.0,4
EMP-005960,It,San Francisco,2021-04-15,Active,41601.0,40.0,3
EMP-005961,Finance,Remote,2018-01-21,Active,106042.0,40.0,2
EMP-005962,It,New York,2018-06-02,Active,87512.0,40.0,3
EMP-005963,Hr,San Francisco,2023-08-16,Active,55701.0,40.0,3
EMP-005964,Sales,Remote,2015-07-29,Active,81115.0,40.0,3
EMP-005965,Support,Chicago,2021-12-18,Active,100154.0,40.0,4
EMP-005966,Finance,Remote,2017-10-14,Terminated,77800.0,40.0,3
EMP-005967,Support,Remote,2015-05-09,Active,80960.0,40.0,3
EMP-005968,Marketing,Remote,2021-09-06,Terminated,100800.0,40.0,3
EMP-005969,Sales,Chicago,2017-12-23,Terminated,113432.0,40.0,2
EMP-005970,Sales,Remote,2021-07-01,Active,72010.0,20.0,3
EMP-005971,Sales,Chicago,2021-05-15,Active,41564.0,20.0,5
EMP-005972,Sales,Remote,2019-10-24,Active,42436.0,40.0,4
EMP-005973,Support,London,2021-12-30,Terminated,57725.0,40.0,3
EMP-005974,Finance,Remote,2020-03-24,Active,51628.0,40.0,5
EMP-005975,Sales,Chicago,2017-07-31,Terminated,32938.0,40.0,3
EMP-005976,Finance,San Francisco,2021-08-10,Active,121196.0,40.0,3
EMP-005977,Support,London,2020-04-20,Active,88202.0,0.0,3
EMP-005978,Sales,London,2015-02-11,Active,61905.0,20.0,2
EMP-005979,Marketing,San Francisco,2023-02-11,Active,74187.0,40.0,3
EMP-005980,Sales,Remote,2019-11-29,Terminated,30340.0,40.0,4
EMP-005981,Finance,Remote,2022-10-26,On Leave,103933.0,40.0,3
EMP-005982,Sales,London,2022-12-11,Active,26260.0,40.0,3
EMP-005983,Sales,San Francisco,2019-01-02,Active,87751.0,40.0,3
EMP-005984,Marketing,London,2019-07-27,Active,29039.0,40.0,3
EMP-005985,Support,London,2018-09-28,Active,64650.0,40.0,3
EMP-005986,Support,London,2019-01-17,Active,106067.0,30.0,4
EMP-005987,Hr,Chicago,2023-01-21,Active,34151.0,40.0,2
EMP-005988,Sales,New York,2022-02-03,Active,71282.0,40.0,3
EMP-005989,Support,San Francisco,2016-02-20,Active,90694.0,40.0,3
EMP-005990,Support,New York,2020-06-29,Active,86604.0,40.0,3
EMP-005991,It,Remote,2023-12-18,Active,76755.0,40.0,3
EMP-005992,Sales,San Francisco,2020-05-11,Active,87394.0,40.0,1
EMP-005993,Hr,San Francisco,2022-01-27,Active,59729.0,40.0,3
EMP-005994,It,Chicago,2021-12-02,Active,123320.0,40.0,3
EMP-005995,Hr,Remote,2018-02-25,Active,34735.0,40.0,3
EMP-005996,Hr,London,2018-05-07,Active,104052.0,35.0,4
EMP-005997,It,London,2021-07-08,Terminated,74928.5,40.0,3
EMP-005998,It,London,2019-07-02,Active,90428.0,40.0,3
EMP-005999,Sales,Remote,2020-02-19,Active,94864.0,40.0,2
EMP-006000,Marketing,London,2021-06-01,Active,88891.0,40.0,3
EMP-006001,Support,Remote,2021-12-30,Active,54724.0,40.0,4
EMP-006002,Sales,New York,2017-06-11,Active,74928.5,40.0,3
EMP-006003,Finance,London,2016-04-27,Active,38710.0,20.0,3
EMP-006004,Sales,New York,2017-08-17,Active,67538.0,40.0,5
EMP-006005,It,Remote,2019-07-27,Active,83063.0,0.0,3
EMP-006006,Marketing,Remote,2018-01-29,Active,90178.0,40.0,5
EMP-006007,Sales,Remote,2020-02-12,On Leave,84786.0,40.0,4
EMP-006008,It,Chicago,2015-06-25,Terminated,31123.0,30.0,5
EMP-006009,Support,London,2019-08-03,Active,60946.0,40.0,3
EMP-006010,It,London,2018-04-24,Active,58444.0,40.0,5
EMP-006011,Sales,Remote,2019-10-24,Active,42246.0,40.0,3
EMP-006012,It,Chicago,2018-10-20,Active,54102.0,40.0,3
EMP-006013,Support,London,2017-07-23,Active,75032.0,0.0,2
EMP-006014,Support,Remote,2023-02-19,Active,110345.0,40.0,3
EMP-006015,It,Remote,2016-08-30,Active,51173.0,20.0,3
EMP-006016,Hr,San Francisco,2021-02-17,Terminated,46778.0,40.0,4
EMP-006017,Sales,San Francisco,2023-04-28,Active,74928.5,40.0,3
EMP-006018,Sales,Remote,2019-11-06,Active,83437.0,40.0,4
EMP-006019,Hr,Remote,2022-11-20,Active,105593.0,40.0,2
EMP-006020,Sales,New York,2016-02-15,Terminated,72837.0,40.0,5
EMP-006021,Sales,London,2019-06-12,Active,38853.0,40.0,3
EMP-006022,Hr,New York,2019-02-11,Active,44173.0,20.0,5
EMP-006023,Marketing,London,2015-01-27,Terminated,79707.0,40.0,3
EMP-006024,Finance,Chicago,2018-12-27,Terminated,99881.0,40.0,3
EMP-006025,Support,San Francisco,2018-04-28,Terminated,120394.0,40.0,3
EMP-006026,Finance,San Francisco,2021-01-10,Active,45440.0,20.0,3
EMP-006027,Support,Remote,2023-06-12,Active,78494.0,40.0,2
EMP-006028,Hr,Remote,2015-10-09,Terminated,49254.0,40.0,3
EMP-006029,Sales,Chicago,2017-12-12,Active,52534.0,40.0,3
EMP-006030,Marketing,Remote,2018-12-30,Active,50417.0,40.0,2
EMP-006031,Sales,Remote,2019-02-05,Terminated,66643.0,40.0,3
EMP-006032,Finance,Remote,2021-12-21,Terminated,52943.0,40.0,4
EMP-006033,Sales,San Francisco,2018-12-28,Terminated,136971.0,40.0,2
EMP-006034,Hr,New York,2015-03-31,On Leave,63508.0,35.0,3
EMP-006035,Marketing,Remote,2021-05-23,Active,99694.0,40.0,1
EMP-006036,Finance,London,2022-12-18,Terminated,58512.0,35.0,4
EMP-006037,Marketing,Chicago,2019-08-17,Active,130831.0,35.0,4
EMP-006038,Sales,Remote,2020-03-25,Terminated,83477.0,40.0,4
EMP-006039,Support,London,2016-06-19,Active,95923.0,40.0,5
EMP-006040,Sales,Remote,2016-12-26,Active,60223.0,40.0,3
EMP-006041,Marketing,New York,2017-02-12,Active,99411.0,30.0,3
EMP-006042,It,New York,2018-11-16,Active,83372.0,40.0,4
EMP-006043,Sales,Remote,2023-05-09,Active,65526.0,30.0,5
EMP-006044,Sales,London,2019-09-12,Active,48003.0,40.0,4
EMP-006045,Support,Chicago,2016-09-23,Active,69061.0,40.0,3
EMP-006046,Marketing,London,2017-05-24,Active,66921.0,40.0,3
EMP-006047,Finance,Chicago,2018-06-16,Active,96726.0,40.0,3
EMP-006048,Support,Remote,2020-08-10,Active,74928.5,40.0,1
EMP-006049,It,Chicago,2018-12-17,Active,26961.0,40.0,2
EMP-006050,Marketing,Remote,2018-07-13,Terminated,91155.0,40.0,3
EMP-006051,It,San Francisco,2020-01-31,Active,107329.0,40.0,3
EMP-006052,It,London,2017-03-05,Active,33348.0,40.0,4
EMP-006053,Hr,San Francisco,2015-09-17,Active,120118.0,40.0,4
EMP-006054,Sales,New York,2015-03-22,On Leave,109916.0,40.0,3
EMP-006055,Finance,Remote,2017-04-05,Terminated,59228.0,40.0,3
EMP-006056,Hr,San Francisco,2015-10-29,Active,47071.0,40.0,4
EMP-006057,Marketing,Remote,2018-01-10,On Leave,101324.0,40.0,3
EMP-006058,It,Chicago,2021-12-15,Terminated,40759.0,40.0,2
EMP-006059,It,Chicago,2021-06-12,Terminated,58291.0,35.0,1
EMP-006060,It,London,2020-07-01,Active,74928.5,40.0,4
EMP-006061,Marketing,London,2022-09-03,Terminated,75148.0,40.0,4
EMP-006062,It,Chicago,2017-07-16,Active,111630.0,40.0,4
EMP-006063,Support,Remote,2022-12-19,Terminated,84373.0,40.0,1
EMP-006064,Sales,Chicago,2018-08-05,On Leave,100452.0,0.0,3
EMP-006065,Marketing,London,2018-08-10,On Leave,66205.0,40.0,5
EMP-006066,Finance,San Francisco,2018-08-25,Active,77433.0,30.0,4
EMP-006067,Sales,New York,2015-11-19,On Leave,44339.0,40.0,4
EMP-006068,Hr,London,2023-10-12,Active,72578.0,40.0,4
EMP-006069,Finance,Remote,2016-03-31,Active,56351.0,40.0,5
EMP-006070,Sales,San Francisco,2018-01-25,Active,70993.0,40.0,3
EMP-006071,It,San Francisco,2017-11-15,Terminated,69275.0,40.0,3
EMP-006072,It,San Francisco,2015-09-03,Active,67139.0,40.0,1
EMP-006073,It,Remote,2016-05-15,Active,127689.0,40.0,5
EMP-006074,Sales,Remote,2015-05-28,Active,119189.0,40.0,2
EMP-006075,Sales,London,2017-08-19,Active,110404.0,40.0,3
EMP-006076,Sales,San Francisco,2022-10-19,On Leave,119876.0,40.0,3
EMP-006077,It,Remote,2018-01-20,Terminated,110483.0,20.0,5
EMP-006078,Marketing,Chicago,2016-02-11,Active,74441.0,40.0,3
EMP-006079,Finance,Remote,2020-10-23,Terminated,71877.0,40.0,4
EMP-006080,It,Remote,2023-12-20,Terminated,80885.0,40.0,5
EMP-006081,Sales,London,2017-02-02,Terminated,69733.0,40.0,3
EMP-006082,It,London,2017-07-07,Terminated,48999.0,40.0,3
EMP-006083,Marketing,Remote,2023-09-30,Terminated,82415.0,30.0,3
EMP-006084,It,Chicago,2016-08-10,Terminated,35847.0,40.0,4
EMP-006085,Finance,New York,2019-08-08,Active,78441.0,40.0,1
EMP-006086,Hr,London,2017-02-26,Active,50131.0,0.0,4
EMP-006087,Marketing,Remote,2023-05-23,Terminated,72974.0,40.0,3
EMP-006088,Sales,Remote,2023-11-01,Active,79780.0,30.0,4
EMP-006089,Finance,London,2022-05-01,Active,66179.0,40.0,4
EMP-006090,It,Remote,2017-10-31,Active,33987.0,40.0,3
EMP-006091,It,San Francisco,2018-08-19,Active,45300.0,40.0,3
EMP-006092,Hr,San Francisco,2017-03-07,Active,86456.0,40.0,4
EMP-006093,Sales,San Francisco,2023-01-06,Terminated,61064.0,30.0,1
EMP-006094,Sales,London,2023-03-26,Terminated,89021.0,40.0,3
EMP-006095,Support,New York,2018-10-08,Active,75243.0,35.0,3
EMP-006096,Sales,Chicago,2020-11-28,Active,74928.5,40.0,4
EMP-006097,Hr,London,2016-06-28,Active,83691.0,40.0,2
EMP-006098,It,London,2018-11-30,Active,58128.0,40.0,3
EMP-006099,Support,Remote,2020-09-06,Active,85010.0,40.0,3
EMP-006100,Support,Remote,2018-06-20,Terminated,64512.0,20.0,3
EMP-006101,It,London,2018-03-21,Active,138407.0,40.0,3
EMP-006102,It,London,2015-01-04,Active,46652.0,20.0,3
EMP-006103,Sales,Chicago,2022-03-28,Active,66069.0,40.0,2
EMP-006104,Support,New York,2023-01-02,Terminated,67077.0,40.0,3
EMP-006105,Sales,London,2023-09-22,Terminated,41203.0,40.0,3
EMP-006106,It,San Francisco,2021-06-22,Active,93145.0,40.0,3
EMP-006107,Hr,Chicago,2019-12-09,Active,64282.0,40.0,4
EMP-006108,Sales,London,2017-06-04,Active,15506.0,40.0,3
EMP-006109,It,San Francisco,2023-12-29,Active,92378.0,40.0,3
EMP-006110,Marketing,London,2020-04-22,Active,59096.0,20.0,3
EMP-006111,Marketing,Remote,2021-02-16,Terminated,72377.0,30.0,3
EMP-006112,It,London,2021-02-21,Active,91921.0,35.0,3
EMP-006113,Support,San Francisco,2022-08-10,On Leave,65882.0,40.0,1
EMP-006114,It,Remote,2015-02-01,Active,74928.5,40.0,3
EMP-006115,It,San Francisco,2016-12-24,Terminated,136618.0,40.0,3
EMP-006116,Support,Remote,2020-12-27,Active,74928.5,40.0,3
EMP-006117,Finance,San Francisco,2023-01-21,Active,42851.0,40.0,4
EMP-006118,It,Remote,2021-03-02,Active,47698.0,40.0,4
EMP-006119,Marketing,London,2018-09-21,Active,119726.0,40.0,4
EMP-006120,Hr,Remote,2018-04-03,Terminated,74928.5,40.0,3
EMP-006121,Support,New York,2021-08-22,Active,81005.0,30.0,3
EMP-006122,Sales,New York,2021-09-02,Terminated,63148.0,0.0,3
EMP-006123,Marketing,New York,2020-06-18,Active,90080.0,20.0,1
EMP-006124,Hr,New York,2017-08-16,Active,74682.0,40.0,3
EMP-006125,Hr,Chicago,2023-04-29,Terminated,81327.0,40.0,5
EMP-006126,Support,New York,2019-12-20,Terminated,107181.0,40.0,4
EMP-006127,Hr,Remote,2022-02-11,Active,86007.0,40.0,3
EMP-006128,Support,London,2016-12-05,Terminated,56623.0,40.0,3
EMP-006129,It,New York,2018-02-04,Active,82802.0,40.0,2
EMP-006130,It,San Francisco,2022-11-14,Active,74928.5,40.0,3
EMP-006131,Marketing,London,2015-06-14,Terminated,89124.0,40.0,3
EMP-006132,Finance,New York,2019-08-11,Active,78798.0,20.0,3
EMP-006133,It,London,2019-05-03,Active,40736.0,40.0,3
EMP-006134,Marketing,London,2021-10-05,Terminated,93110.0,40.0,2
EMP-006135,Support,Remote,2017-07-15,Active,96806.0,35.0,3
EMP-006136,Marketing,Remote,2016-12-21,Active,82818.0,40.0,3
EMP-006137,It,London,2023-05-03,Active,77852.0,0.0,3
EMP-006138,Support,Remote,2020-02-23,Terminated,145813.0,40.0,3
EMP-006139,It,Chicago,2015-12-11,Terminated,96386.0,20.0,3
EMP-006140,Sales,San Francisco,2016-09-26,Active,106001.0,20.0,3
EMP-006141,Sales,London,2023-12-28,On Leave,76672.0,40.0,3
EMP-006142,Sales,Remote,2016-10-04,Active,71710.0,40.0,3
EMP-006143,Sales,London,2020-06-29,Terminated,90802.0,40.0,2
EMP-006144,Marketing,New York,2018-10-12,Active,71686.0,0.0,1
EMP-006145,Sales,Remote,2022-12-20,Terminated,73739.0,40.0,3
EMP-006146,Support,London,2021-10-18,Active,86580.0,40.0,4
EMP-006147,Hr,New York,2020-05-16,Terminated,74928.5,35.0,3
EMP-006148,Support,Chicago,2015-02-05,Active,80510.0,40.0,3
EMP-006149,Hr,Remote,2022-12-01,Active,77002.0,20.0,3
EMP-006150,It,Remote,2019-01-01,Active,99176.0,40.0,3
EMP-006151,Finance,London,2023-05-21,Active,59717.0,40.0,4
EMP-006152,Hr,London,2019-06-17,Active,25002.0,40.0,5
EMP-006153,Sales,London,2021-03-31,Active,74928.5,40.0,3
EMP-006154,Support,Remote,2015-08-16,Active,84932.0,40.0,4
EMP-006155,It,London,2021-09-15,On Leave,99103.0,40.0,4
EMP-006156,Sales,San Francisco,2018-01-15,Active,57679.0,0.0,4
EMP-006157,It,Chicago,2018-02-28,Active,88552.0,35.0,3
EMP-006158,Finance,San Francisco,2016-01-26,Active,103379.0,40.0,4
EMP-006159,It,Remote,2016-04-27,Terminated,93781.0,40.0,3
EMP-006160,Support,San Francisco,2016-09-02,Active,55234.0,40.0,5
EMP-006161,Marketing,New York,2017-12-14,Active,57919.0,40.0,4
EMP-006162,Support,Chicago,2023-01-10,Active,85875.0,40.0,2
EMP-006163,Sales,San Francisco,2018-04-25,Terminated,115634.0,40.0,4
EMP-006164,Finance,New York,2021-07-08,Active,75354.0,40.0,5
EMP-006165,Support,London,2015-09-29,Active,70867.0,40.0,3
EMP-006166,Sales,San Francisco,2020-04-26,Terminated,40760.0,40.0,3
EMP-006167,Marketing,Chicago,2019-05-03,Active,65893.0,40.0,5
EMP-006168,Hr,New York,2023-10-20,Active,57119.0,40.0,3
EMP-006169,It,San Francisco,2022-08-13,Active,75680.0,40.0,4
EMP-006170,Marketing,London,2019-02-04,Terminated,37179.0,20.0,3
EMP-006171,Sales,San Francisco,2021-12-22,Active,66785.0,30.0,2
EMP-006172,Finance,New York,2016-09-26,Active,49777.0,40.0,3
EMP-006173,Hr,San Francisco,2020-01-23,Active,74928.5,40.0,3
EMP-006174,Sales,Chicago,2015-09-03,On Leave,53521.0,40.0,1
EMP-006175,Sales,Remote,2018-02-18,Active,60691.0,40.0,3
EMP-006176,Finance,New York,2017-01-12,Active,82053.0,40.0,4
EMP-006177,Hr,New York,2021-06-21,Terminated,63657.0,40.0,3
EMP-006178,It,New York,2019-05-30,Terminated,133986.0,40.0,5
EMP-006179,Sales,New York,2021-10-04,Terminated,98263.0,40.0,3
EMP-006180,Sales,San Francisco,2019-08-21,Active,75430.0,40.0,4
EMP-006181,Hr,Chicago,2015-10-12,Active,84203.0,40.0,3
EMP-006182,Support,London,2021-08-14,Active,16114.0,30.0,3
EMP-006183,Sales,Chicago,2022-07-01,Active,105793.0,40.0,4
EMP-006184,It,New York,2023-02-17,Terminated,87797.0,40.0,2
EMP-006185,Hr,Remote,2020-02-24,Terminated,73171.0,40.0,2
EMP-006186,Sales,San Francisco,2021-10-13,Active,89146.0,40.0,3
EMP-006187,Finance,Remote,2021-10-07,Terminated,92196.0,40.0,3
EMP-006188,Marketing,San Francisco,2016-05-26,Active,64591.0,40.0,2
EMP-006189,It,New York,2016-06-23,Active,84504.0,40.0,5
EMP-006190,Sales,San Francisco,2015-08-22,Terminated,101218.0,40.0,3
EMP-006191,Sales,New York,2017-11-17,Active,86372.0,40.0,4
EMP-006192,Marketing,Chicago,2019-04-06,Active,68685.0,35.0,3
EMP-006193,Sales,London,2023-12-25,Active,82416.0,40.0,5
EMP-006194,Marketing,Remote,2018-11-17,Active,109556.0,40.0,2
EMP-006195,Sales,San Francisco,2021-07-15,Active,94599.0,40.0,3
EMP-006196,It,New York,2021-03-29,Active,45923.0,40.0,3
EMP-006197,It,Remote,2016-11-03,Active,89667.0,35.0,4
EMP-006198,Support,New York,2015-07-12,Active,86354.0,40.0,3
EMP-006199,Marketing,Remote,2019-11-30,Active,104103.0,30.0,4
EMP-006200,It,San Francisco,2021-04-20,Active,75820.0,40.0,3
EMP-006201,Support,London,2023-12-26,Active,65766.0,40.0,3
EMP-006202,Hr,Remote,2018-03-24,Active,40796.0,40.0,4
EMP-006203,Support,New York,2023-01-25,Active,57635.0,40.0,3
EMP-006204,Finance,San Francisco,2018-06-09,Terminated,105199.0,0.0,2
EMP-006205,It,New York,2021-03-16,Active,79949.0,40.0,3
EMP-006206,Sales,London,2020-05-20,Active,72505.0,40.0,4
EMP-006207,Hr,Remote,2015-06-24,Active,107391.0,40.0,3
EMP-006208,It,London,2015-09-15,Active,102240.0,40.0,2
EMP-006209,It,London,2015-03-10,Terminated,56606.0,40.0,3
EMP-006210,Hr,London,2018-05-03,Active,105025.0,40.0,4
EMP-006211,Finance,Chicago,2021-09-17,Active,33535.0,40.0,2
EMP-006212,Support,San Francisco,2016-07-21,Terminated,86489.0,40.0,3
EMP-006213,Sales,London,2020-06-14,Active,83533.0,40.0,3
EMP-006214,Support,Remote,2017-08-07,Active,103745.0,40.0,3
EMP-006215,It,New York,2022-03-04,Active,84525.0,40.0,3
EMP-006216,Support,San Francisco,2022-03-09,Active,68886.0,40.0,1
EMP-006217,Sales,Remote,2021-12-23,Terminated,70861.0,40.0,3
EMP-006218,Hr,London,2019-09-22,Active,142331.0,40.0,3
EMP-006219,Sales,Remote,2017-07-24,Active,74928.5,40.0,4
EMP-006220,Support,London,2022-04-14,Active,89927.0,20.0,4
EMP-006221,Sales,Chicago,2016-09-03,Active,24471.0,20.0,2
EMP-006222,Sales,London,2017-08-10,On Leave,74928.5,40.0,3
EMP-006223,It,London,2016-08-27,Active,87969.0,40.0,3
EMP-006224,It,San Francisco,2021-01-25,Active,34637.0,0.0,5
EMP-006225,Hr,New York,2021-03-05,Active,88735.0,40.0,4
EMP-006226,Finance,Remote,2020-11-14,Active,56872.0,20.0,2
EMP-006227,Sales,London,2018-09-28,Active,49154.0,40.0,3
EMP-006228,It,San Francisco,2015-11-26,Active,56779.0,40.0,2
EMP-006229,Sales,London,2023-03-15,Active,113188.0,20.0,4
EMP-006230,Finance,San Francisco,2019-07-27,Active,83335.0,40.0,3
EMP-006231,It,London,2018-08-30,Active,74928.5,40.0,3
EMP-006232,It,Chicago,2020-04-19,Active,94383.0,40.0,3
EMP-006233,Sales,London,2016-09-25,Active,95743.0,20.0,3
EMP-006234,Hr,Chicago,2016-03-11,Active,65467.0,40.0,1
EMP-006235,It,Remote,2018-08-25,Terminated,98979.0,40.0,4
EMP-006236,Sales,Remote,2017-01-16,Active,100169.0,40.0,2
EMP-006237,It,London,2017-03-13,Terminated,96283.0,40.0,4
EMP-006238,Sales,Remote,2023-01-12,Terminated,58156.0,30.0,3
EMP-006239,Sales,Chicago,2019-10-11,Active,45524.0,35.0,4
EMP-006240,Marketing,San Francisco,2019-05-09,Terminated,32678.0,40.0,3
EMP-006241,Finance,Remote,2021-03-16,Terminated,58612.0,40.0,3
EMP-006242,Support,London,2023-07-25,Active,65805.0,40.0,4
EMP-006243,Sales,London,2016-01-04,Terminated,67839.0,40.0,3
EMP-006244,It,San Francisco,2022-07-02,Active,73820.0,20.0,3
EMP-006245,Sales,New York,2020-04-03,Active,118325.0,40.0,4
EMP-006246,Support,New York,2016-04-25,Terminated,66511.0,20.0,1
EMP-006247,Finance,London,2017-09-03,Active,73781.0,40.0,3
EMP-006248,It,London,2019-05-05,Terminated,29560.0,20.0,4
EMP-006249,Support,London,2021-03-21,On Leave,130699.0,40.0,4
EMP-006250,Marketing,San Francisco,2017-03-08,Terminated,42102.0,35.0,3
EMP-006251,It,New York,2019-10-25,Active,57329.0,40.0,5
EMP-006252,Sales,Chicago,2021-02-28,Terminated,92393.0,20.0,4
EMP-006253,Support,London,2019-01-15,Active,74928.5,40.0,3
EMP-006254,Sales,Remote,2022-10-07,Active,74928.5,40.0,3
EMP-006255,It,Chicago,2022-10-28,Active,93000.0,30.0,3
EMP-006256,Marketing,San Francisco,2019-03-28,Active,72968.0,35.0,1
EMP-006257,Sales,Remote,2023-10-04,Active,101102.0,40.0,4
EMP-006258,It,Chicago,2015-09-06,Active,104033.0,40.0,3
EMP-006259,It,New York,2015-01-12,Active,58496.0,40.0,4
EMP-006260,It,London,2018-06-05,Active,99076.0,40.0,4
EMP-006261,Marketing,New York,2020-05-29,Terminated,69443.0,40.0,5
EMP-006262,It,Remote,2020-08-30,Active,72413.0,30.0,2
EMP-006263,Support,Remote,2019-04-16,Active,78573.0,40.0,4
EMP-006264,Hr,London,2016-02-15,Terminated,65480.0,40.0,5
EMP-006265,Support,London,2016-07-14,Active,64135.0,20.0,2
EMP-006266,It,Remote,2022-09-02,Terminated,74928.5,40.0,1
EMP-006267,Finance,San Francisco,2022-10-23,Active,36777.0,40.0,3
EMP-006268,Sales,London,2021-01-24,Active,48459.0,40.0,3
EMP-006269,Marketing,Chicago,2020-12-23,Active,91868.0,40.0,3
EMP-006270,Support,London,2020-05-18,Active,74928.5,40.0,5
EMP-006271,It,San Francisco,2016-10-29,Terminated,99788.0,40.0,4
EMP-006272,Marketing,San Francisco,2018-11-08,Active,83948.0,40.0,1
EMP-006273,Sales,New York,2021-04-06,On Leave,74928.5,40.0,3
EMP-006274,It,Chicago,2019-11-01,Active,76571.0,40.0,4
EMP-006275,Sales,New York,2015-03-03,Active,88364.0,40.0,3
EMP-006276,Support,New York,2023-08-01,Terminated,80851.0,20.0,3
EMP-006277,Marketing,London,2022-08-08,Active,63293.0,30.0,5
EMP-006278,Sales,Remote,2017-05-06,Terminated,68151.0,20.0,3
EMP-006279,Support,New York,2020-07-19,Active,60998.0,40.0,3
EMP-006280,Marketing,London,2023-04-23,Active,41870.0,40.0,3
EMP-006281,It,San Francisco,2015-11-12,Terminated,38432.0,40.0,3
EMP-006282,Sales,London,2019-07-12,Active,84751.0,40.0,4
EMP-006283,Sales,New York,2019-02-08,Active,53214.0,40.0,3
EMP-006284,Finance,Remote,2018-09-10,Active,74928.5,40.0,3
EMP-006285,Marketing,London,2022-07-09,Active,60123.0,40.0,3
EMP-006286,Support,Chicago,2018-06-05,Active,42171.0,20.0,3
EMP-006287,Sales,San Francisco,2015-07-29,Active,64801.0,20.0,5
EMP-006288,It,London,2015-08-05,Active,127359.0,40.0,3
EMP-006289,Sales,Remote,2015-05-21,Active,72610.0,40.0,4
EMP-006290,Hr,London,2018-09-06,Active,91147.0,40.0,3
EMP-006291,Hr,London,2021-06-19,Active,79220.0,20.0,2
EMP-006292,Sales,Remote,2016-10-31,Active,39870.0,40.0,2
EMP-006293,Marketing,Chicago,2020-10-25,Terminated,111224.0,40.0,5
EMP-006294,Finance,Remote,2021-03-08,Active,68804.0,40.0,3
EMP-006295,Sales,London,2017-04-18,Active,74928.5,30.0,3
EMP-006296,It,London,2020-05-28,Terminated,62194.0,40.0,1
EMP-006297,Sales,Chicago,2021-03-01,Active,69844.0,20.0,3
EMP-006298,Support,London,2019-03-14,Active,93737.0,40.0,4
EMP-006299,Finance,Remote,2018-01-11,On Leave,57981.0,40.0,3
EMP-006300,It,Chicago,2020-07-28,Active,140509.0,40.0,2
EMP-006301,Finance,Chicago,2023-10-20,Active,51571.0,40.0,3
EMP-006302,It,New York,2018-11-04,Terminated,90300.0,40.0,4
EMP-006303,Support,New York,2018-07-11,Active,25651.0,40.0,3
EMP-006304,Support,New York,2019-03-07,Active,71908.0,40.0,3
EMP-006305,Hr,Remote,2015-09-08,Active,84181.0,40.0,1
EMP-006306,Marketing,San Francisco,2019-12-24,Active,47010.0,40.0,3
EMP-006307,It,London,2017-12-16,Active,112476.0,40.0,3
EMP-006308,Sales,Remote,2016-02-04,Terminated,85862.0,40.0,4
EMP-006309,Hr,London,2019-03-13,Active,67059.0,40.0,3
EMP-006310,It,New York,2015-01-12,Active,85592.0,40.0,3
EMP-006311,Hr,Chicago,2018-08-13,Active,74928.5,40.0,5
EMP-006312,Support,Remote,2015-12-14,On Leave,106284.0,40.0,3
EMP-006313,Finance,Chicago,2015-03-21,Active,100382.0,40.0,1
EMP-006314,It,London,2022-06-03,Terminated,74928.5,40.0,2
EMP-006315,Hr,Chicago,2023-03-31,Active,90292.0,35.0,3
EMP-006316,It,Chicago,2016-11-13,Active,38070.0,40.0,3
EMP-006317,It,Remote,2019-11-08,Terminated,111674.0,40.0,3
EMP-006318,It,San Francisco,2017-07-02,Terminated,72516.0,30.0,3
EMP-006319,Marketing,London,2019-06-11,Active,100626.0,20.0,5
EMP-006320,Sales,London,2018-12-06,Active,93746.0,40.0,1
EMP-006321,Support,New York,2017-06-03,Active,100243.0,35.0,3
EMP-006322,It,Remote,2021-04-21,Active,48806.0,40.0,2
EMP-006323,Sales,Remote,2016-02-20,Active,51988.0,40.0,3
EMP-006324,Finance,Remote,2015-06-24,Active,131207.0,40.0,4
EMP-006325,Hr,London,2021-11-28,Terminated,37016.0,40.0,3
EMP-006326,Marketing,San Francisco,2020-12-28,Active,47560.0,40.0,5
EMP-006327,Sales,Chicago,2019-06-27,Active,76081.0,35.0,3
EMP-006328,It,London,2019-03-18,Active,76124.0,40.0,5
EMP-006329,Finance,New York,2019-06-23,Terminated,61500.0,20.0,3
EMP-006330,Support,San Francisco,2018-12-07,Active,90402.0,40.0,1
EMP-006331,Marketing,London,2018-07-15,Active,97552.0,20.0,3
EMP-006332,Sales,Remote,2019-07-01,Active,74546.0,35.0,2
EMP-006333,Hr,New York,2019-10-04,Active,68288.0,40.0,4
EMP-006334,Hr,London,2021-03-24,Active,74443.0,20.0,3
EMP-006335,It,Remote,2021-05-26,Active,62566.0,40.0,4
EMP-006336,Sales,New York,2018-05-26,Terminated,32544.0,40.0,3
EMP-006337,It,London,2018-09-21,Terminated,82523.0,40.0,3
EMP-006338,Support,Remote,2018-05-13,Active,94146.0,40.0,3
EMP-006339,Marketing,London,2019-10-30,Active,71152.0,30.0,1
EMP-006340,Marketing,Remote,2019-01-30,Terminated,18373.0,40.0,3
EMP-006341,It,Chicago,2023-01-03,Active,60707.0,40.0,4
EMP-006342,Sales,Remote,2021-04-07,Terminated,97643.0,40.0,4
EMP-006343,Sales,Chicago,2023-02-01,Active,39044.0,40.0,4
EMP-006344,Marketing,London,2021-05-19,Terminated,92397.0,30.0,3
EMP-006345,Marketing,London,2023-09-27,Active,63865.0,40.0,3
EMP-006346,Finance,San Francisco,2020-09-20,Active,74531.0,40.0,3
EMP-006347,Sales,London,2023-09-03,Active,57853.0,40.0,5
EMP-006348,Finance,London,2016-06-03,Active,46610.0,40.0,5
EMP-006349,Finance,London,2015-06-22,Active,110856.0,40.0,1
EMP-006350,Sales,Chicago,2020-03-18,Terminated,95396.0,40.0,5
EMP-006351,It,San Francisco,2023-11-07,Active,91118.0,40.0,4
EMP-006352,Hr,Remote,2018-10-04,Terminated,97714.0,40.0,3
EMP-006353,Finance,London,2016-11-27,Terminated,74928.5,40.0,3
EMP-006354,It,Remote,2019-09-11,Active,98603.0,40.0,3
EMP-006355,It,San Francisco,2020-11-02,Active,58402.0,40.0,4
EMP-006356,Support,London,2017-11-01,Active,109442.0,35.0,2
EMP-006357,Finance,San Francisco,2021-06-07,Active,107211.0,40.0,3
EMP-006358,It,Chicago,2023-10-11,Active,84512.0,40.0,3
EMP-006359,Hr,London,2023-01-27,Active,67800.0,40.0,3
EMP-006360,Support,Chicago,2017-08-16,Terminated,44412.0,20.0,3
EMP-006361,Support,New York,2017-12-09,Active,80716.0,40.0,5
EMP-006362,Hr,London,2018-05-06,Active,117123.0,20.0,2
EMP-006363,Finance,San Francisco,2018-07-20,Terminated,45979.0,30.0,3
EMP-006364,Sales,New York,2015-11-26,Active,100452.0,40.0,3
EMP-006365,Hr,Chicago,2021-11-09,Active,63214.0,40.0,4
EMP-006366,Hr,Chicago,2018-04-15,Active,65348.0,40.0,3
EMP-006367,Hr,San Francisco,2022-12-01,Active,45614.0,40.0,5
EMP-006368,Support,New York,2023-05-05,Active,74928.5,40.0,3
EMP-006369,Sales,London,2015-03-22,Terminated,91170.0,40.0,3
EMP-006370,It,Remote,2023-11-24,Active,94278.0,20.0,5
EMP-006371,It,Remote,2021-05-22,Active,80896.0,40.0,3
EMP-006372,Sales,San Francisco,2019-09-07,Active,62480.0,40.0,3
EMP-006373,Finance,Chicago,2018-07-04,Terminated,47411.0,0.0,4
EMP-006374,Finance,London,2019-09-01,Active,76544.0,40.0,2
EMP-006375,It,New York,2017-12-03,Active,65876.0,40.0,4
EMP-006376,It,Remote,2020-08-08,Active,80280.0,30.0,3
EMP-006377,Hr,Remote,2015-11-02,Active,66969.0,40.0,4
EMP-006378,Sales,London,2020-08-03,Active,67608.0,40.0,5
EMP-006379,Sales,New York,2017-06-24,Terminated,78974.0,20.0,5
EMP-006380,Finance,Remote,2015-02-27,Terminated,83805.0,40.0,3
EMP-006381,It,San Francisco,2019-12-22,Active,105598.0,40.0,3
EMP-006382,Marketing,Remote,2020-03-16,Active,66575.0,40.0,3
EMP-006383,Sales,San Francisco,2018-11-03,Active,88637.0,20.0,4
EMP-006384,It,London,2015-08-26,Terminated,120091.0,40.0,3
EMP-006385,Sales,New York,2023-01-15,Active,89302.0,40.0,3
EMP-006386,Finance,Remote,2020-07-02,Terminated,104106.0,40.0,3
EMP-006387,Hr,Remote,2016-01-16,Terminated,59484.0,40.0,5
EMP-006388,Marketing,Remote,2019-08-07,Active,56991.0,40.0,2
EMP-006389,It,New York,2019-06-23,Terminated,71016.0,40.0,3
EMP-006390,Sales,London,2015-07-18,Terminated,73677.0,40.0,3
EMP-006391,It,London,2020-06-17,Active,101771.0,40.0,3
EMP-006392,It,Remote,2022-04-10,Active,56758.0,40.0,3
EMP-006393,It,Remote,2021-09-27,Active,72784.0,30.0,3
EMP-006394,Sales,San Francisco,2016-10-29,Active,101871.0,40.0,3
EMP-006395,Sales,New York,2022-10-05,Active,80389.0,40.0,5
EMP-006396,Sales,San Francisco,2018-01-30,Active,74928.5,30.0,3
EMP-006397,Finance,Remote,2023-07-09,Active,74928.5,30.0,2
EMP-006398,Finance,London,2015-08-24,Active,46811.0,40.0,5
EMP-006399,Sales,London,2019-05-18,Active,46406.0,40.0,3
EMP-006400,Marketing,Chicago,2020-05-16,Terminated,35295.0,40.0,2
EMP-006401,Support,Chicago,2017-03-25,Terminated,80167.0,40.0,3
EMP-006402,Finance,New York,2021-12-10,Active,97971.0,40.0,4
EMP-006403,Support,New York,2020-08-22,Terminated,94140.0,40.0,4
EMP-006404,It,Chicago,2015-03-01,Terminated,103591.0,40.0,3
EMP-006405,Marketing,New York,2020-06-22,Active,111356.0,40.0,3
EMP-006406,Sales,London,2019-06-04,Terminated,78616.0,40.0,4
EMP-006407,Marketing,Remote,2016-10-06,Active,74928.5,0.0,3
EMP-006408,Finance,Remote,2023-12-18,On Leave,111899.0,40.0,4
EMP-006409,It,San Francisco,2023-01-27,On Leave,57475.0,40.0,1
EMP-006410,It,London,2017-08-19,Active,45537.0,40.0,3
EMP-006411,Sales,London,2019-11-14,Active,66528.0,40.0,5
EMP-006412,Hr,New York,2017-11-06,Active,63606.0,40.0,3
EMP-006413,It,New York,2021-12-24,Active,76208.0,40.0,3
EMP-006414,Sales,London,2023-05-16,Active,53750.0,20.0,4
EMP-006415,Support,San Francisco,2018-03-25,Active,84243.0,40.0,3
EMP-006416,Marketing,San Francisco,2022-04-01,Active,60772.0,35.0,3
EMP-006417,Sales,New York,2019-06-27,Terminated,105705.0,40.0,3
EMP-006418,It,New York,2018-07-27,Active,45136.0,40.0,3
EMP-006419,Marketing,London,2023-06-12,On Leave,71513.0,40.0,4
EMP-006420,Sales,London,2019-08-05,Active,66627.0,35.0,4
EMP-006421,Finance,London,2019-03-17,Active,80772.0,40.0,3
EMP-006422,It,San Francisco,2021-01-19,Active,98168.0,40.0,3
EMP-006423,Finance,London,2017-05-08,Active,81655.0,40.0,3
EMP-006424,It,London,2017-12-03,Active,71785.0,30.0,3
EMP-006425,Finance,London,2023-05-22,Terminated,74928.5,40.0,2
EMP-006426,Sales,London,2021-02-08,Active,96076.0,40.0,5
EMP-006427,Marketing,Remote,2022-06-10,On Leave,81730.0,40.0,3
EMP-006428,Hr,New York,2017-06-10,On Leave,84690.0,20.0,3
EMP-006429,It,Chicago,2019-11-23,Active,91166.0,40.0,4
EMP-006430,Sales,London,2023-09-28,Active,33902.0,40.0,3
EMP-006431,It,Chicago,2017-11-13,Terminated,66230.0,40.0,3
EMP-006432,Finance,Remote,2016-06-11,Terminated,84406.0,40.0,4
EMP-006433,Sales,New York,2019-08-07,On Leave,67710.0,40.0,3
EMP-006434,It,San Francisco,2018-06-28,Terminated,67796.0,30.0,5
EMP-006435,Sales,Chicago,2016-06-08,Active,84373.0,0.0,3
EMP-006436,Finance,San Francisco,2022-12-30,Active,84941.0,40.0,1
EMP-006437,It,Chicago,2023-12-01,Active,86676.0,40.0,2
EMP-006438,Finance,San Francisco,2020-02-12,Terminated,55194.0,40.0,3
EMP-006439,Marketing,London,2021-12-21,Active,39555.0,40.0,5
EMP-006440,Hr,Chicago,2022-09-24,Active,95110.0,40.0,2
EMP-006441,It,San Francisco,2021-04-23,Terminated,56440.0,40.0,5
EMP-006442,Marketing,Remote,2015-05-26,Active,54712.0,40.0,5
EMP-006443,Marketing,London,2016-06-02,Active,52456.0,20.0,4
EMP-006444,Marketing,San Francisco,2015-08-22,Active,103776.0,40.0,4
EMP-006445,Sales,London,2015-02-02,Terminated,80301.0,40.0,1
EMP-006446,Marketing,London,2017-10-02,Active,83563.0,40.0,3
EMP-006447,Sales,New York,2018-07-13,Active,92239.0,40.0,3
EMP-006448,Marketing,London,2017-03-03,Terminated,73941.0,40.0,3
EMP-006449,Support,Remote,2015-08-01,Terminated,100317.0,40.0,4
EMP-006450,Sales,London,2019-10-08,Active,45080.0,20.0,5
EMP-006451,It,Remote,2017-06-17,Active,47860.0,40.0,3
EMP-006452,Support,London,2022-03-01,Active,46481.0,40.0,3
EMP-006453,Marketing,London,2015-01-27,Terminated,85542.0,30.0,2
EMP-006454,It,San Francisco,2022-08-01,Active,87660.0,0.0,5
EMP-006455,It,London,2023-08-05,Active,63185.0,40.0,5
EMP-006456,It,San Francisco,2021-06-11,On Leave,69189.0,40.0,2
EMP-006457,Hr,San Francisco,2021-08-08,Active,106702.0,35.0,3
EMP-006458,Support,Remote,2023-05-27,Active,57639.0,40.0,3
EMP-006459,Hr,London,2016-11-18,Active,82386.0,40.0,3
EMP-006460,It,London,2023-12-14,Active,57857.0,40.0,4
EMP-006461,Sales,Chicago,2021-12-17,Active,102399.0,30.0,3
EMP-006462,It,London,2021-07-16,Active,90711.0,40.0,3
EMP-006463,Hr,Chicago,2018-04-01,Active,40027.0,20.0,3
EMP-006464,Support,New York,2019-11-29,Active,68480.0,40.0,2
EMP-006465,Marketing,San Francisco,2020-11-19,Active,23025.0,40.0,4
EMP-006466,It,Remote,2020-08-01,On Leave,97511.0,40.0,3
EMP-006467,It,Chicago,2021-05-06,Active,126183.0,0.0,4
EMP-006468,It,London,2015-09-28,Active,20489.0,40.0,5
EMP-006469,Marketing,New York,2018-03-15,Terminated,74928.5,40.0,2
EMP-006470,It,Remote,2018-11-27,Active,79183.0,40.0,4
EMP-006471,Support,Remote,2017-05-06,Active,74539.0,40.0,4
EMP-006472,Marketing,London,2016-07-21,Active,64729.0,40.0,3
EMP-006473,It,London,2016-04-01,Active,31559.0,40.0,3
EMP-006474,Marketing,Remote,2018-04-19,Active,83086.0,40.0,3
EMP-006475,Hr,San Francisco,2019-06-10,Active,97188.0,40.0,3
EMP-006476,Sales,San Francisco,2015-07-27,Active,146175.0,40.0,3
EMP-006477,Sales,Chicago,2023-07-09,Terminated,74928.5,40.0,4
EMP-006478,Support,Chicago,2021-11-20,Active,42532.0,40.0,1
EMP-006479,Finance,London,2021-07-30,Terminated,74703.0,40.0,2
EMP-006480,Sales,London,2016-07-22,Active,89802.0,40.0,3
EMP-006481,It,London,2020-06-07,Terminated,57793.0,20.0,4
EMP-006482,Sales,Chicago,2019-10-08,Active,94500.0,40.0,4
EMP-006483,Marketing,Remote,2023-11-04,Terminated,92584.0,40.0,3
EMP-006484,Sales,Chicago,2021-09-23,Active,105934.0,40.0,3
EMP-006485,Support,London,2020-03-07,Terminated,95056.0,0.0,3
EMP-006486,Support,Remote,2022-08-28,Active,82129.0,20.0,3
EMP-006487,It,London,2016-05-24,Terminated,59052.0,30.0,3
EMP-006488,Sales,Remote,2015-02-20,Active,42673.0,40.0,4
EMP-006489,It,Remote,2021-03-18,Terminated,80475.0,40.0,3
EMP-006490,It,London,2015-11-20,Terminated,64904.0,40.0,5
EMP-006491,Sales,London,2016-01-15,Terminated,67320.0,40.0,3
EMP-006492,Finance,London,2021-09-13,Active,103045.0,40.0,3
EMP-006493,It,New York,2017-06-08,Terminated,109223.0,40.0,3
EMP-006494,It,Chicago,2020-08-28,Active,44116.0,0.0,3
EMP-006495,Support,London,2023-04-04,Active,69739.0,40.0,1
EMP-006496,Finance,San Francisco,2017-11-06,Active,64170.0,40.0,3
EMP-006497,Marketing,London,2016-12-14,Active,82873.0,30.0,5
EMP-006498,Sales,Remote,2015-12-17,Terminated,18343.0,40.0,4
EMP-006499,It,London,2016-03-04,Active,38479.0,40.0,3
EMP-006500,Finance,Chicago,2015-07-24,Active,72063.0,40.0,4
EMP-006501,Sales,Remote,2015-10-16,Active,94653.0,40.0,5
EMP-006502,It,London,2018-11-20,Terminated,76882.0,40.0,4
EMP-006503,Finance,London,2017-11-20,Active,91788.0,40.0,3
EMP-006504,Sales,London,2021-05-11,Terminated,79933.0,40.0,2
EMP-006505,Sales,Remote,2022-10-31,Active,106907.0,40.0,2
EMP-006506,Finance,San Francisco,2022-01-23,Terminated,112147.0,40.0,3
EMP-006507,Sales,San Francisco,2019-10-11,Terminated,55988.0,30.0,4
EMP-006508,Finance,London,2015-12-03,Active,97091.0,40.0,3
EMP-006509,Finance,San Francisco,2021-05-22,Active,87703.0,40.0,3
EMP-006510,It,Remote,2018-04-07,On Leave,137617.0,40.0,3
EMP-006511,Sales,London,2015-10-09,Terminated,74928.5,20.0,3
EMP-006512,Sales,New York,2022-08-01,Active,72082.0,40.0,2
EMP-006513,It,Remote,2018-01-16,Active,49193.0,40.0,5
EMP-006514,Sales,Remote,2016-12-18,Terminated,50677.0,40.0,4
EMP-006515,It,Remote,2022-11-04,Active,84639.0,40.0,4
EMP-006516,Finance,London,2023-02-13,Active,80139.0,40.0,1
EMP-006517,Finance,Remote,2018-01-19,Terminated,88536.0,40.0,2
EMP-006518,It,London,2018-03-12,Active,87994.0,40.0,4
EMP-006519,Sales,Remote,2020-03-20,Active,69109.0,40.0,2
EMP-006520,Support,London,2021-08-07,Terminated,68937.0,40.0,4
EMP-006521,It,New York,2015-07-27,Active,50730.0,40.0,3
EMP-006522,It,Remote,2020-05-04,On Leave,57471.0,40.0,2
EMP-006523,Sales,Remote,2023-07-29,Terminated,73580.0,40.0,3
EMP-006524,It,New York,2017-05-11,Terminated,79926.0,40.0,4
EMP-006525,Finance,London,2023-03-07,Terminated,74928.5,20.0,4
EMP-006526,Sales,London,2023-07-21,Active,90222.0,40.0,3
EMP-006527,Sales,Chicago,2017-06-03,Active,113927.0,40.0,3
EMP-006528,Marketing,Remote,2021-10-15,Active,50683.0,40.0,3
EMP-006529,Sales,San Francisco,2017-02-23,Active,69185.0,0.0,4
EMP-006530,Support,New York,2021-08-21,Active,74928.5,40.0,4
EMP-006531,Sales,New York,2022-03-06,Active,106932.0,40.0,3
EMP-006532,Support,Remote,2017-03-23,Active,62438.0,40.0,4
EMP-006533,Finance,New York,2021-06-11,Active,103876.0,40.0,4
EMP-006534,Support,London,2022-04-23,Terminated,111320.0,40.0,3
EMP-006535,It,New York,2018-03-24,Terminated,85336.0,40.0,5
EMP-006536,Finance,Chicago,2016-07-05,Active,82326.0,40.0,3
EMP-006537,Finance,Chicago,2015-10-30,Active,75966.0,35.0,3
EMP-006538,Support,London,2020-03-06,Active,67072.0,40.0,5
EMP-006539,Sales,London,2023-10-21,Active,74928.5,40.0,5
EMP-006540,It,San Francisco,2022-05-29,Terminated,71315.0,0.0,4
EMP-006541,Hr,London,2018-12-03,Active,120609.0,40.0,1
EMP-006542,Sales,Chicago,2019-10-30,Active,48954.0,40.0,4
EMP-006543,Sales,Remote,2017-07-07,Active,80115.0,40.0,1
EMP-006544,Marketing,Remote,2016-06-19,Active,92783.0,40.0,2
EMP-006545,Hr,Remote,2019-05-04,Active,67891.0,40.0,3
EMP-006546,Sales,Remote,2019-03-04,Terminated,85402.0,40.0,3
EMP-006547,Sales,London,2019-09-12,Active,37385.0,30.0,3
EMP-006548,Sales,Remote,2023-07-29,Terminated,108126.0,40.0,3
EMP-006549,Sales,New York,2020-06-08,Active,103279.0,40.0,3
EMP-006550,Finance,Remote,2020-06-14,Active,72539.0,40.0,4
EMP-006551,Sales,New York,2016-02-25,Active,53004.0,20.0,3
EMP-006552,Marketing,Remote,2023-12-20,Active,94822.0,0.0,2
EMP-006553,Sales,San Francisco,2021-12-15,Terminated,46297.0,40.0,3
EMP-006554,Sales,San Francisco,2022-11-23,Terminated,49884.0,40.0,4
EMP-006555,Support,New York,2018-09-23,Terminated,73660.0,20.0,2
EMP-006556,Hr,Remote,2019-07-09,Active,112951.0,40.0,5
EMP-006557,Support,Remote,2019-09-13,Terminated,91015.0,40.0,3
EMP-006558,Marketing,San Francisco,2016-09-29,Active,58825.0,30.0,3
EMP-006559,Sales,New York,2021-03-16,Active,32948.0,0.0,3
EMP-006560,It,Remote,2023-02-16,Active,76038.0,40.0,3
EMP-006561,Marketing,Remote,2016-06-22,Active,81286.0,40.0,1
EMP-006562,Finance,London,2015-10-11,Terminated,73180.0,30.0,3
EMP-006563,Support,Remote,2021-08-23,Terminated,120160.0,40.0,2
EMP-006564,Support,London,2017-06-17,Active,71702.0,40.0,3
EMP-006565,It,Remote,2020-08-12,Active,17947.0,40.0,2
EMP-006566,Sales,Remote,2021-04-05,Active,64822.0,20.0,3
EMP-006567,Finance,Remote,2017-11-24,Active,86366.0,40.0,3
EMP-006568,It,Chicago,2022-05-03,Active,84672.0,40.0,2
EMP-006569,Support,Chicago,2019-12-13,Terminated,70583.0,40.0,2
EMP-006570,Support,Remote,2022-10-27,Active,66445.0,30.0,3
EMP-006571,Finance,Remote,2021-11-13,Terminated,74928.5,40.0,4
EMP-006572,Marketing,London,2022-10-26,Active,74928.5,35.0,3
EMP-006573,Marketing,London,2015-03-08,Active,66534.0,40.0,4
EMP-006574,Sales,Remote,2017-03-11,Active,81231.0,40.0,3
EMP-006575,Sales,London,2015-10-23,Terminated,87282.0,40.0,3
EMP-006576,It,San Francisco,2018-12-24,Active,106027.0,30.0,2
EMP-006577,Support,London,2023-01-04,Active,51111.0,40.0,3
EMP-006578,Sales,London,2019-03-17,Active,42650.0,40.0,5
EMP-006579,Sales,Remote,2022-08-25,Active,60651.0,35.0,5
EMP-006580,It,London,2017-12-11,Active,56610.0,40.0,5
EMP-006581,Sales,New York,2018-01-21,Active,54365.0,40.0,4
EMP-006582,Sales,Chicago,2023-01-22,Terminated,74928.5,40.0,3
EMP-006583,Marketing,London,2018-10-31,Active,78710.0,40.0,3
EMP-006584,Marketing,San Francisco,2022-02-08,Active,124310.0,40.0,2
EMP-006585,Hr,Remote,2017-02-16,Active,74923.0,35.0,2
EMP-006586,It,London,2023-07-16,Active,45703.0,35.0,4
EMP-006587,Sales,Remote,2020-03-03,Terminated,54796.0,30.0,3
EMP-006588,Sales,New York,2021-10-31,On Leave,100611.0,40.0,4
EMP-006589,Hr,Chicago,2015-10-22,Active,46654.0,40.0,3
EMP-006590,It,New York,2019-06-08,Active,88947.0,40.0,1
EMP-006591,Hr,Remote,2023-02-09,Active,66081.0,40.0,3
EMP-006592,Hr,London,2022-11-22,Terminated,51754.0,30.0,4
EMP-006593,Sales,Chicago,2015-06-03,Active,74928.5,40.0,4
EMP-006594,Sales,New York,2017-09-25,Active,60286.0,35.0,3
EMP-006595,Finance,London,2018-12-28,Terminated,54311.0,40.0,2
EMP-006596,It,San Francisco,2016-07-20,Active,73028.0,40.0,5
EMP-006597,It,Remote,2021-07-27,Active,62294.0,35.0,5
EMP-006598,Finance,Remote,2016-08-29,Active,130375.0,40.0,4
EMP-006599,Finance,Chicago,2018-02-13,Terminated,101509.0,40.0,2
EMP-006600,Marketing,New York,2020-12-20,Active,60233.0,30.0,3
EMP-006601,It,San Francisco,2019-05-04,On Leave,63117.0,35.0,2
EMP-006602,Hr,Remote,2021-08-24,Active,24514.0,35.0,4
EMP-006603,Sales,Chicago,2023-08-26,Active,78435.0,40.0,3
EMP-006604,Finance,Remote,2016-01-19,Terminated,56324.0,40.0,3
EMP-006605,Support,Chicago,2021-05-21,Active,77200.0,30.0,3
EMP-006606,It,New York,2017-01-27,Active,25843.0,40.0,4
EMP-006607,Finance,San Francisco,2018-09-24,Active,74331.0,20.0,3
EMP-006608,Support,New York,2015-04-19,Active,117467.0,40.0,4
EMP-006609,Support,Remote,2016-03-22,Terminated,76354.0,0.0,3
EMP-006610,Support,Remote,2017-11-17,Active,55633.0,40.0,3
EMP-006611,Marketing,London,2018-01-29,Terminated,74488.0,40.0,4
EMP-006612,Marketing,London,2023-02-04,Active,73394.0,40.0,3
EMP-006613,Sales,Remote,2021-09-04,Terminated,129796.0,0.0,5
EMP-006614,Sales,Remote,2023-10-01,Terminated,66679.0,40.0,2
EMP-006615,Support,Remote,2020-05-23,Active,44918.0,40.0,3
EMP-006616,It,Chicago,2017-03-05,Active,75536.0,40.0,4
EMP-006617,Marketing,Remote,2017-12-13,Active,79888.0,40.0,5
EMP-006618,Hr,London,2017-11-17,Active,89057.0,40.0,5
EMP-006619,Support,San Francisco,2017-12-09,Terminated,93894.0,40.0,3
EMP-006620,Hr,Remote,2021-01-21,Terminated,123888.0,40.0,3
EMP-006621,Hr,San Francisco,2019-10-11,Active,60108.0,40.0,3
EMP-006622,Support,New York,2018-06-20,On Leave,57836.0,40.0,4
EMP-006623,It,Chicago,2016-05-05,Active,28647.0,40.0,3
EMP-006624,It,San Francisco,2015-03-14,Active,91541.0,20.0,2
EMP-006625,Support,Remote,2016-12-20,Active,74928.5,40.0,4
EMP-006626,Sales,Chicago,2015-12-20,Active,97294.0,0.0,4
EMP-006627,Support,London,2022-01-25,Active,62709.0,40.0,5
EMP-006628,Marketing,Chicago,2016-01-05,Active,118149.0,40.0,3
EMP-006629,Support,San Francisco,2021-07-08,Active,39162.0,40.0,3
EMP-006630,It,San Francisco,2018-06-21,Terminated,100573.0,30.0,2
EMP-006631,Marketing,London,2015-08-30,Terminated,97596.0,40.0,3
EMP-006632,Sales,London,2022-04-25,Active,88164.0,40.0,3
EMP-006633,Sales,Chicago,2020-03-20,Active,47068.0,40.0,3
EMP-006634,Sales,Remote,2017-02-13,Active,88279.0,40.0,2
EMP-006635,Hr,Remote,2023-01-19,Terminated,78172.0,35.0,3
EMP-006636,It,London,2015-05-29,Active,29244.0,40.0,3
EMP-006637,Hr,Remote,2016-10-25,Terminated,113957.0,40.0,3
EMP-006638,It,New York,2021-10-07,Active,66360.0,20.0,3
EMP-006639,Finance,Chicago,2021-05-20,Active,112030.0,40.0,1
EMP-006640,Sales,New York,2017-08-08,Active,73308.0,30.0,2
EMP-006641,It,London,2015-07-23,Active,99558.0,40.0,2
EMP-006642,Sales,San Francisco,2022-09-21,Active,53512.0,40.0,4
EMP-006643,Sales,London,2017-10-28,Terminated,80361.0,40.0,2
EMP-006644,Hr,Chicago,2016-10-05,Active,78599.0,40.0,4
EMP-006645,Sales,London,2019-08-24,Active,66910.0,40.0,4
EMP-006646,Sales,Remote,2023-03-11,Terminated,53269.0,40.0,4
EMP-006647,It,London,2015-05-24,Active,74928.5,40.0,3
EMP-006648,It,Chicago,2021-11-22,Terminated,53856.0,40.0,2
EMP-006649,Finance,Chicago,2020-02-25,Active,92513.0,40.0,2
EMP-006650,Sales,Remote,2018-10-30,Active,40119.0,40.0,4
EMP-006651,Finance,San Francisco,2021-09-11,Active,45297.0,40.0,5
EMP-006652,Marketing,Chicago,2023-09-10,Terminated,39128.0,40.0,3
EMP-006653,It,San Francisco,2017-01-23,Active,80222.0,20.0,3
EMP-006654,Sales,London,2016-04-17,Active,52665.0,40.0,4
EMP-006655,It,Remote,2023-03-20,Active,105509.0,40.0,3
EMP-006656,Hr,London,2021-01-07,Terminated,93365.0,20.0,4
EMP-006657,Sales,London,2018-12-10,Active,80003.0,40.0,2
EMP-006658,Support,Remote,2020-02-28,Terminated,82599.0,40.0,3
EMP-006659,Finance,Chicago,2021-09-16,Terminated,55926.0,40.0,3
EMP-006660,Support,Chicago,2021-12-15,Terminated,55933.0,35.0,4
EMP-006661,Sales,London,2023-04-12,Terminated,92776.0,40.0,3
EMP-006662,Hr,Remote,2018-11-04,Active,97835.0,40.0,3
EMP-006663,Finance,Remote,2017-08-22,Active,92557.0,35.0,3
EMP-006664,Support,Remote,2020-10-03,Active,63235.0,20.0,3
EMP-006665,It,San Francisco,2018-09-28,Active,74928.5,40.0,3
EMP-006666,Hr,Remote,2020-05-08,Terminated,51706.0,40.0,3
EMP-006667,Sales,Remote,2018-10-12,Active,94206.0,40.0,3
EMP-006668,It,London,2016-05-17,On Leave,25964.0,20.0,3
EMP-006669,Hr,London,2019-03-24,Terminated,19894.0,20.0,3
EMP-006670,Marketing,San Francisco,2021-03-21,Active,24879.0,40.0,3
EMP-006671,Finance,London,2022-03-12,Active,21433.0,40.0,4
EMP-006672,It,Remote,2019-06-10,Active,108929.0,40.0,3
EMP-006673,Sales,London,2016-06-27,Active,94670.0,40.0,3
EMP-006674,Sales,Remote,2018-09-25,Active,45035.0,40.0,3
EMP-006675,It,London,2022-01-28,Active,72352.0,40.0,3
EMP-006676,It,New York,2018-09-19,Active,111645.0,40.0,1
EMP-006677,Support,London,2021-04-08,Terminated,87505.0,40.0,3
EMP-006678,Finance,London,2019-07-26,Active,127859.0,40.0,3
EMP-006679,Sales,New York,2017-03-03,Active,72143.0,30.0,3
EMP-006680,It,San Francisco,2022-03-01,Terminated,58621.0,30.0,4
EMP-006681,Hr,London,2015-10-04,Active,47972.0,40.0,4
EMP-006682,It,London,2019-09-22,Active,75591.0,40.0,3
EMP-006683,Finance,London,2016-11-17,Terminated,98402.0,40.0,1
EMP-006684,Finance,Remote,2015-08-09,Active,77478.0,40.0,4
EMP-006685,Marketing,Remote,2019-07-12,Active,66045.0,40.0,3
EMP-006686,Marketing,Remote,2019-07-01,Active,106413.0,40.0,1
EMP-006687,It,Remote,2021-05-12,Active,88222.0,35.0,3
EMP-006688,Hr,Remote,2021-09-13,Active,72164.0,40.0,2
EMP-006689,It,New York,2021-07-20,Terminated,55835.0,40.0,4
EMP-006690,Finance,London,2018-09-08,Active,68639.0,40.0,3
EMP-006691,Finance,San Francisco,2020-09-07,Active,86819.0,30.0,5
EMP-006692,Support,Remote,2020-03-11,On Leave,55491.0,40.0,3
EMP-006693,Marketing,Remote,2018-10-17,Terminated,44159.0,40.0,3
EMP-006694,Sales,New York,2020-05-17,Terminated,62996.0,40.0,3
EMP-006695,Sales,London,2023-07-11,Active,73770.0,40.0,4
EMP-006696,Sales,San Francisco,2016-09-26,Active,109082.0,40.0,3
EMP-006697,Support,San Francisco,2023-02-25,Terminated,45999.0,40.0,3
EMP-006698,Sales,San Francisco,2015-06-25,Active,80669.0,40.0,3
EMP-006699,Sales,New York,2017-10-10,Active,68061.0,40.0,3
EMP-006700,Finance,Remote,2017-08-05,Active,69301.0,40.0,3
EMP-006701,Support,Remote,2020-08-20,On Leave,113484.0,40.0,4
EMP-006702,It,San Francisco,2016-03-07,Active,77030.0,40.0,4
EMP-006703,Marketing,New York,2022-12-10,Terminated,52161.0,0.0,3
EMP-006704,Marketing,London,2022-06-16,Active,97219.0,40.0,3
EMP-006705,Hr,London,2020-11-13,Active,95381.0,40.0,4
EMP-006706,It,London,2019-02-15,Terminated,49971.0,40.0,3
EMP-006707,Hr,New York,2023-05-25,Active,45177.0,40.0,4
EMP-006708,Support,New York,2022-06-23,Terminated,85263.0,40.0,3
EMP-006709,It,New York,2019-06-30,Active,74176.0,35.0,3
EMP-006710,Sales,San Francisco,2021-04-26,Active,63235.0,40.0,1
EMP-006711,Sales,New York,2020-02-07,Terminated,101407.0,0.0,3
EMP-006712,It,London,2020-04-16,Terminated,60193.0,40.0,3
EMP-006713,It,San Francisco,2017-12-23,Terminated,85539.0,40.0,2
EMP-006714,It,London,2019-02-27,Active,104366.0,30.0,4
EMP-006715,Hr,London,2015-09-14,Active,66522.0,40.0,3
EMP-006716,Support,Chicago,2018-03-20,Active,29273.0,35.0,3
EMP-006717,It,London,2021-04-06,Active,64923.0,40.0,4
EMP-006718,It,New York,2023-07-31,Terminated,79732.0,40.0,3
EMP-006719,It,Remote,2023-09-01,Active,100075.0,20.0,3
EMP-006720,Marketing,Remote,2020-01-01,Active,61971.0,40.0,3
EMP-006721,Sales,San Francisco,2020-06-16,Active,118077.0,40.0,4
EMP-006722,Sales,Remote,2016-09-02,Active,42529.0,40.0,3
EMP-006723,Sales,London,2021-04-04,Terminated,79104.0,40.0,3
EMP-006724,Marketing,San Francisco,2015-08-21,Active,69021.0,0.0,2
EMP-006725,Marketing,London,2017-07-24,Active,108677.0,40.0,3
EMP-006726,Sales,New York,2021-01-05,Active,38159.0,40.0,4
EMP-006727,It,Remote,2017-10-16,Active,85641.0,40.0,5
EMP-006728,Support,Remote,2015-06-13,Active,68894.0,40.0,3
EMP-006729,Marketing,London,2022-06-27,Active,113229.0,40.0,3
EMP-006730,Support,New York,2017-10-17,Active,54286.0,40.0,5
EMP-006731,Marketing,Remote,2015-07-27,Active,85383.0,40.0,3
EMP-006732,Finance,New York,2015-09-03,Active,54045.0,40.0,4
EMP-006733,Sales,Chicago,2017-04-07,Active,79702.0,40.0,3
EMP-006734,Marketing,Remote,2016-08-08,Terminated,65766.0,40.0,4
EMP-006735,Finance,Remote,2021-12-20,Active,65369.0,30.0,4
EMP-006736,Sales,London,2017-11-23,On Leave,25314.0,20.0,3
EMP-006737,Hr,London,2022-03-30,Active,85365.0,0.0,4
EMP-006738,Finance,Remote,2016-07-25,Active,47944.0,40.0,4
EMP-006739,It,New York,2019-06-09,Active,47083.0,40.0,3
EMP-006740,Marketing,Remote,2021-03-11,Terminated,36118.0,40.0,3
EMP-006741,Finance,London,2020-11-13,Active,48599.0,40.0,3
EMP-006742,Support,London,2020-05-29,Terminated,87512.0,20.0,5
EMP-006743,Hr,New York,2023-04-28,Active,86279.0,40.0,5
EMP-006744,It,London,2017-01-21,Active,91593.0,40.0,2
EMP-006745,Marketing,Remote,2019-06-11,Terminated,49325.0,40.0,3
EMP-006746,It,Remote,2022-12-15,Active,80370.0,40.0,3
EMP-006747,It,Chicago,2015-09-14,Active,59615.0,40.0,4
EMP-006748,Finance,San Francisco,2015-07-03,Active,98868.0,20.0,4
EMP-006749,It,Remote,2017-02-05,Active,85650.0,40.0,3
EMP-006750,It,London,2020-09-11,Active,58587.0,35.0,3
EMP-006751,Hr,New York,2017-05-04,Active,101014.0,40.0,3
EMP-006752,Sales,London,2016-09-17,Terminated,87684.0,30.0,3
EMP-006753,It,Remote,2019-02-17,Terminated,40325.0,40.0,4
EMP-006754,It,Remote,2020-07-09,Active,33212.0,40.0,3
EMP-006755,Marketing,London,2017-03-28,Active,41308.0,40.0,3
EMP-006756,Sales,London,2017-09-15,Active,116230.0,35.0,3
EMP-006757,Hr,Chicago,2020-07-09,Terminated,49613.0,40.0,3
EMP-006758,It,Remote,2023-07-06,Active,121904.0,40.0,3
EMP-006759,Finance,London,2021-01-26,Active,48317.0,20.0,2
EMP-006760,Hr,Remote,2022-01-17,Active,45653.0,40.0,5
EMP-006761,Hr,Remote,2018-04-20,Active,96999.0,0.0,4
EMP-006762,Sales,New York,2017-06-13,Terminated,98138.0,40.0,3
EMP-006763,Hr,San Francisco,2019-02-02,Active,88896.0,40.0,3
EMP-006764,Sales,London,2022-04-07,On Leave,91903.0,40.0,4
EMP-006765,Sales,London,2019-02-08,Active,54959.0,40.0,3
EMP-006766,Finance,New York,2022-08-15,Active,95825.0,40.0,2
EMP-006767,It,London,2023-11-25,Active,81000.0,40.0,3
EMP-006768,Marketing,San Francisco,2015-08-25,Active,65868.0,40.0,3
EMP-006769,Marketing,New York,2015-05-30,Active,77365.0,30.0,3
EMP-006770,Finance,San Francisco,2016-05-06,Active,101516.0,40.0,4
EMP-006771,Finance,San Francisco,2018-06-17,Active,84796.0,40.0,3
EMP-006772,Sales,San Francisco,2016-03-06,Terminated,21055.0,40.0,4
EMP-006773,Support,New York,2022-11-01,Active,97281.0,40.0,3
EMP-006774,It,Remote,2015-03-18,Active,95366.0,35.0,3
EMP-006775,Finance,San Francisco,2017-11-04,Active,65523.0,40.0,3
EMP-006776,Hr,Remote,2016-08-30,Active,77919.0,40.0,5
EMP-006777,Sales,London,2023-05-20,Terminated,77818.0,40.0,1
EMP-006778,Marketing,London,2021-01-09,Terminated,25514.0,35.0,3
EMP-006779,It,London,2023-03-17,Active,64958.0,40.0,4
EMP-006780,Sales,Chicago,2023-10-02,Active,74928.5,40.0,3
EMP-006781,Marketing,Remote,2019-06-22,Terminated,71032.0,0.0,3
EMP-006782,Sales,London,2017-02-09,Terminated,61854.0,20.0,4
EMP-006783,Sales,Chicago,2016-09-28,Active,91571.0,40.0,3
EMP-006784,Marketing,San Francisco,2017-01-02,Active,54772.0,35.0,3
EMP-006785,Support,Chicago,2021-05-18,Active,97752.0,40.0,3
EMP-006786,Sales,Chicago,2015-05-13,Terminated,90394.0,40.0,3
EMP-006787,Sales,San Francisco,2015-06-18,Active,109010.0,35.0,3
EMP-006788,It,Remote,2020-06-21,Active,118345.0,40.0,3
EMP-006789,Finance,San Francisco,2020-10-11,Terminated,118511.0,40.0,3
EMP-006790,It,London,2020-12-26,Terminated,45360.0,40.0,3
EMP-006791,Sales,Remote,2018-05-07,Terminated,83605.0,40.0,4
EMP-006792,Finance,New York,2022-04-03,Active,57055.0,40.0,3
EMP-006793,Marketing,San Francisco,2019-10-21,Active,157007.0,40.0,3
EMP-006794,It,San Francisco,2015-12-13,Active,90352.0,40.0,2
EMP-006795,It,Chicago,2022-03-05,Active,110408.0,40.0,3
EMP-006796,Sales,London,2023-07-30,Active,85884.0,40.0,3
EMP-006797,Support,London,2015-07-17,Terminated,9114.0,40.0,4
EMP-006798,Sales,London,2018-07-10,Active,55411.0,40.0,3
EMP-006799,Marketing,Chicago,2019-05-22,Terminated,57860.0,40.0,4
EMP-006800,Finance,Remote,2016-04-26,Active,65247.0,40.0,3
EMP-006801,Sales,San Francisco,2022-10-23,Active,83989.0,40.0,4
EMP-006802,Marketing,San Francisco,2017-07-22,Active,87533.0,40.0,3
EMP-006803,Sales,Chicago,2022-01-17,Terminated,9317.0,30.0,4
EMP-006804,Support,San Francisco,2021-01-14,Terminated,69077.0,20.0,2
EMP-006805,Hr,Remote,2020-05-19,Active,62853.0,40.0,3
EMP-006806,Hr,Remote,2016-09-23,Active,109526.0,40.0,3
EMP-006807,Support,New York,2016-12-26,Active,74928.5,40.0,4
EMP-006808,Finance,New York,2015-06-05,Active,70423.0,40.0,3
EMP-006809,It,New York,2017-03-02,Active,80592.0,40.0,3
EMP-006810,Support,Remote,2018-02-09,Active,32824.0,40.0,3
EMP-006811,Sales,San Francisco,2022-07-01,Active,91534.0,40.0,4
EMP-006812,Finance,Chicago,2018-04-19,Active,65112.0,40.0,5
EMP-006813,It,London,2021-10-16,Active,54816.0,40.0,4
EMP-006814,Support,London,2018-12-15,Active,107856.0,40.0,3
EMP-006815,Finance,San Francisco,2022-01-23,Active,81840.0,40.0,3
EMP-006816,Support,Remote,2023-10-15,Active,58364.0,40.0,3
EMP-006817,Support,Remote,2017-02-27,Active,59890.0,40.0,1
EMP-006818,It,Remote,2022-10-05,Active,84148.0,40.0,5
EMP-006819,It,London,2020-08-05,Active,82204.0,30.0,3
EMP-006820,Sales,New York,2022-05-10,Active,75736.0,40.0,5
EMP-006821,Finance,San Francisco,2020-11-11,Active,44916.0,40.0,4
EMP-006822,Finance,London,2018-10-25,Active,48613.0,40.0,4
EMP-006823,Sales,New York,2017-01-19,Active,56292.0,40.0,3
EMP-006824,Support,London,2015-08-19,Active,70096.0,40.0,4
EMP-006825,Hr,Remote,2019-10-27,Active,73967.0,40.0,3
EMP-006826,Support,New York,2023-11-30,Active,71001.0,35.0,5
EMP-006827,Support,London,2021-08-22,Active,72144.0,40.0,3
EMP-006828,Finance,Remote,2017-12-11,Terminated,122031.0,20.0,3
EMP-006829,Support,New York,2022-06-12,Active,96231.0,20.0,4
EMP-006830,Marketing,New York,2021-12-02,Terminated,104705.0,40.0,4
EMP-006831,Support,Chicago,2017-07-14,Terminated,86607.0,40.0,3
EMP-006832,Marketing,Remote,2015-02-17,On Leave,76810.0,40.0,3
EMP-006833,It,Remote,2016-01-24,Active,85249.0,40.0,1
EMP-006834,Hr,London,2022-11-23,Active,80646.0,40.0,4
EMP-006835,Sales,Remote,2022-07-12,Terminated,95199.0,40.0,4
EMP-006836,Finance,Chicago,2017-08-28,Active,50621.0,40.0,3
EMP-006837,Support,London,2017-07-26,Active,93119.0,40.0,3
EMP-006838,Marketing,London,2022-02-19,Active,79176.0,40.0,3
EMP-006839,Marketing,London,2023-06-10,Active,29823.0,40.0,3
EMP-006840,It,London,2022-01-05,Active,77143.0,40.0,3
EMP-006841,Marketing,Remote,2020-06-13,Active,42345.0,40.0,3
EMP-006842,Sales,Remote,2017-03-08,Terminated,61625.0,40.0,4
EMP-006843,It,London,2019-09-25,Active,71020.0,30.0,3
EMP-006844,Sales,Remote,2017-02-06,Active,37322.0,40.0,3
EMP-006845,Sales,London,2022-04-09,Active,73656.0,0.0,5
EMP-006846,Hr,London,2018-06-25,Terminated,76712.0,40.0,4
EMP-006847,Sales,San Francisco,2022-07-03,Active,93877.0,40.0,2
EMP-006848,It,New York,2018-06-08,Terminated,63656.0,20.0,3
EMP-006849,It,London,2022-06-01,On Leave,81862.0,40.0,3
EMP-006850,Sales,Remote,2017-12-31,Terminated,72615.0,30.0,3
EMP-006851,Support,London,2018-12-17,Terminated,64543.0,40.0,4
EMP-006852,It,San Francisco,2020-07-16,Active,33236.0,0.0,3
EMP-006853,Support,Remote,2015-08-20,Active,72210.0,40.0,3
EMP-006854,Support,Remote,2023-07-14,Active,93613.0,40.0,2
EMP-006855,Sales,London,2020-02-29,On Leave,51657.0,40.0,2
EMP-006856,Finance,San Francisco,2019-07-28,Terminated,69555.0,40.0,4
EMP-006857,Finance,London,2022-07-22,Active,73238.0,20.0,5
EMP-006858,Finance,New York,2022-10-16,Active,102561.0,40.0,3
EMP-006859,It,New York,2019-09-13,Active,75753.0,40.0,5
EMP-006860,Support,Chicago,2023-05-06,Terminated,82202.0,35.0,3
EMP-006861,Sales,London,2015-08-01,Active,74784.0,40.0,4
EMP-006862,Hr,Chicago,2016-01-08,Active,62692.0,0.0,1
EMP-006863,Finance,New York,2020-05-15,Terminated,46638.0,20.0,2
EMP-006864,Finance,San Francisco,2018-03-09,Active,67873.0,40.0,3
EMP-006865,It,London,2019-03-06,On Leave,84834.0,0.0,4
EMP-006866,Support,San Francisco,2017-12-14,Terminated,78077.0,40.0,3
EMP-006867,Support,Chicago,2018-08-23,Terminated,111988.0,40.0,4
EMP-006868,It,Remote,2022-05-28,Terminated,98646.0,40.0,3
EMP-006869,It,San Francisco,2020-05-04,Active,106014.0,20.0,2
EMP-006870,Finance,Chicago,2023-12-23,Active,24193.0,40.0,5
EMP-006871,Support,Chicago,2022-01-30,On Leave,114483.0,20.0,3
EMP-006872,Sales,Chicago,2017-06-18,Terminated,81670.0,40.0,4
EMP-006873,Hr,Remote,2017-05-18,Active,85223.0,40.0,4
EMP-006874,Sales,Remote,2018-01-09,Active,97401.0,40.0,2
EMP-006875,Support,London,2022-08-03,Active,75533.0,40.0,3
EMP-006876,It,Remote,2015-03-31,Terminated,48240.0,20.0,2
EMP-006877,Sales,London,2017-01-26,Active,111185.0,40.0,3
EMP-006878,Support,Remote,2023-02-22,Active,55794.0,35.0,4
EMP-006879,Marketing,Remote,2020-10-04,Active,50357.0,40.0,3
EMP-006880,It,Remote,2017-01-15,Active,69142.0,40.0,3
EMP-006881,It,San Francisco,2016-12-21,Terminated,65350.0,40.0,3
EMP-006882,Hr,Remote,2022-10-06,Active,75095.0,40.0,4
EMP-006883,Finance,London,2023-01-16,Active,72545.0,20.0,5
EMP-006884,It,Chicago,2017-04-21,Active,108678.0,40.0,3
EMP-006885,Support,San Francisco,2018-10-14,Active,86483.0,40.0,2
EMP-006886,Finance,New York,2022-07-06,Active,53555.0,40.0,2
EMP-006887,Support,Remote,2021-12-09,Active,56987.0,40.0,3
EMP-006888,Finance,London,2022-04-29,Active,65295.0,0.0,4
EMP-006889,Hr,London,2019-08-31,Active,65395.0,20.0,3
EMP-006890,It,Chicago,2023-03-16,Active,62131.0,40.0,2
EMP-006891,Hr,Chicago,2017-12-07,Terminated,47456.0,40.0,5
EMP-006892,Marketing,San Francisco,2016-05-29,Terminated,82260.0,40.0,5
EMP-006893,Sales,London,2021-05-18,Active,63610.0,40.0,3
EMP-006894,It,New York,2019-11-08,Active,51205.0,40.0,4
EMP-006895,Hr,Remote,2022-09-10,Terminated,87137.0,40.0,4
EMP-006896,Marketing,London,2015-09-24,Active,96196.0,20.0,3
EMP-006897,Sales,London,2022-08-05,Active,68859.0,0.0,3
EMP-006898,Marketing,London,2017-08-22,Active,119537.0,40.0,4
EMP-006899,Support,Remote,2020-11-22,Active,130388.0,40.0,4
EMP-006900,Sales,Chicago,2015-05-12,Active,87422.0,40.0,3
EMP-006901,Support,Remote,2020-06-26,Active,63280.0,40.0,2
EMP-006902,Finance,London,2021-06-15,Active,81724.0,40.0,4
EMP-006903,It,Chicago,2018-04-27,Active,44389.0,40.0,1
EMP-006904,Support,Remote,2016-12-09,Terminated,53203.0,20.0,2
EMP-006905,It,Chicago,2019-11-03,Active,32933.0,40.0,3
EMP-006906,Marketing,Chicago,2022-07-01,Active,59288.0,40.0,3
EMP-006907,It,San Francisco,2017-11-29,Active,44187.0,30.0,4
EMP-006908,Sales,New York,2017-04-09,Active,90601.0,40.0,3
EMP-006909,It,Chicago,2017-07-05,Active,56271.0,40.0,3
EMP-006910,Support,London,2023-07-17,On Leave,81916.0,40.0,1
EMP-006911,Finance,London,2018-03-26,Terminated,93698.0,40.0,3
EMP-006912,Hr,London,2015-01-12,Active,104284.0,40.0,4
EMP-006913,Finance,London,2022-01-13,Active,66164.0,40.0,5
EMP-006914,It,Remote,2021-04-17,Active,82766.0,40.0,4
EMP-006915,Sales,Chicago,2016-02-27,Terminated,83563.0,40.0,3
EMP-006916,Support,Chicago,2023-11-12,Terminated,106802.0,30.0,3
EMP-006917,It,Chicago,2020-06-21,Active,94589.0,40.0,3
EMP-006918,Sales,Remote,2019-07-05,Active,107584.0,40.0,3
EMP-006919,Sales,Chicago,2018-06-10,Active,33384.0,20.0,3
EMP-006920,Marketing,Chicago,2023-02-01,Active,58393.0,40.0,3
EMP-006921,It,London,2017-03-12,Terminated,100795.0,40.0,4
EMP-006922,Marketing,New York,2017-07-28,Active,89518.0,40.0,3
EMP-006923,Support,New York,2016-02-07,Active,71874.0,40.0,3
EMP-006924,Sales,Remote,2021-10-31,Active,63149.0,40.0,3
EMP-006925,Sales,London,2020-05-11,Active,94717.0,40.0,5
EMP-006926,It,Chicago,2020-06-25,Active,25511.0,20.0,3
EMP-006927,Hr,New York,2016-12-19,Terminated,94805.0,40.0,4
EMP-006928,Sales,San Francisco,2020-11-10,Active,77267.0,40.0,3
EMP-006929,It,San Francisco,2021-11-21,Active,62779.0,40.0,2
EMP-006930,Sales,San Francisco,2018-03-22,Terminated,87561.0,40.0,4
EMP-006931,Hr,Chicago,2022-03-19,Active,65349.0,40.0,3
EMP-006932,Marketing,Chicago,2018-02-20,Active,75725.0,40.0,4
EMP-006933,Marketing,Remote,2021-10-28,Active,73844.0,40.0,3
EMP-006934,It,London,2015-04-21,Terminated,93613.0,40.0,3
EMP-006935,It,Remote,2019-12-17,Active,78980.0,30.0,4
EMP-006936,Sales,Remote,2023-09-22,Terminated,27272.0,0.0,3
EMP-006937,Finance,Remote,2023-10-31,Active,40198.0,35.0,4
EMP-006938,Marketing,San Francisco,2017-07-15,Active,47896.0,0.0,4
EMP-006939,Marketing,Chicago,2018-12-21,Terminated,86414.0,40.0,1
EMP-006940,It,San Francisco,2015-07-27,Active,88921.0,40.0,3
EMP-006941,Hr,Remote,2022-11-10,On Leave,116759.0,40.0,5
EMP-006942,It,Chicago,2020-02-12,Active,49639.0,40.0,4
EMP-006943,Sales,London,2018-06-19,Active,107731.0,40.0,3
EMP-006944,Sales,New York,2016-01-06,Terminated,26553.0,40.0,3
EMP-006945,It,New York,2023-07-10,Active,75444.0,40.0,4
EMP-006946,Support,Remote,2019-10-09,Active,81130.0,40.0,2
EMP-006947,Support,London,2017-07-18,Active,81040.0,40.0,3
EMP-006948,It,San Francisco,2018-02-25,Active,67260.0,40.0,3
EMP-006949,Hr,London,2017-06-08,Active,74928.5,40.0,3
EMP-006950,Sales,Chicago,2020-06-01,Active,44120.0,40.0,4
EMP-006951,Marketing,London,2023-05-15,Terminated,96629.0,20.0,4
EMP-006952,Hr,San Francisco,2022-09-16,Active,81245.0,40.0,3
EMP-006953,Marketing,Remote,2019-02-22,Terminated,84056.0,40.0,3
EMP-006954,Marketing,San Francisco,2022-06-09,Active,68025.0,40.0,3
EMP-006955,Support,Remote,2018-10-22,Active,74928.5,40.0,5
EMP-006956,Hr,Remote,2017-04-09,Active,74928.5,40.0,2
EMP-006957,Sales,New York,2023-11-07,On Leave,114749.0,40.0,1
EMP-006958,It,London,2017-09-25,Active,40159.0,0.0,3
EMP-006959,Marketing,New York,2017-11-30,Active,38898.0,40.0,3
EMP-006960,Finance,San Francisco,2023-11-28,Active,81655.0,20.0,3
EMP-006961,Finance,London,2016-03-16,Active,66695.0,35.0,4
EMP-006962,It,Chicago,2021-11-04,Active,78103.0,40.0,3
EMP-006963,Finance,Remote,2023-06-04,Active,74405.0,40.0,3
EMP-006964,Sales,Chicago,2019-08-10,On Leave,90550.0,35.0,4
EMP-006965,Marketing,New York,2015-01-09,Active,67846.0,40.0,2
EMP-006966,It,London,2018-05-17,Terminated,44795.0,20.0,1
EMP-006967,Hr,London,2016-01-02,Active,55254.0,0.0,3
EMP-006968,Marketing,Chicago,2018-09-30,Active,70989.0,40.0,4
EMP-006969,It,New York,2022-02-09,Active,74928.5,40.0,4
EMP-006970,Support,Chicago,2018-12-13,Terminated,74079.0,40.0,4
EMP-006971,Sales,San Francisco,2018-11-20,Active,76519.0,40.0,3
EMP-006972,Hr,London,2020-01-05,Terminated,66055.0,40.0,3
EMP-006973,Sales,London,2020-03-27,On Leave,80231.0,40.0,3
EMP-006974,Support,San Francisco,2022-09-15,Active,34643.0,40.0,3
EMP-006975,Marketing,New York,2017-10-10,Active,51170.0,40.0,4
EMP-006976,Hr,London,2022-05-24,Active,46433.0,40.0,1
EMP-006977,Sales,London,2020-02-04,Active,96996.0,40.0,3
EMP-006978,Finance,Remote,2017-09-14,Active,132654.0,40.0,3
EMP-006979,Sales,Remote,2017-08-28,Terminated,52980.0,20.0,4
EMP-006980,It,Remote,2018-04-02,Active,69119.0,40.0,5
EMP-006981,Marketing,Remote,2020-08-08,Terminated,74928.5,40.0,4
EMP-006982,Sales,London,2017-01-28,On Leave,80531.0,40.0,1
EMP-006983,Sales,Remote,2023-04-14,Terminated,59790.0,40.0,3
EMP-006984,Hr,New York,2020-03-04,Active,82069.0,20.0,3
EMP-006985,Hr,San Francisco,2023-04-13,Active,91626.0,40.0,4
EMP-006986,It,Chicago,2015-06-02,Active,44404.0,40.0,3
EMP-006987,Sales,London,2018-01-31,Active,81788.0,35.0,5
EMP-006988,Marketing,New York,2015-03-16,Active,30149.0,40.0,3
EMP-006989,Marketing,Chicago,2017-06-13,Active,68587.0,40.0,4
EMP-006990,Support,New York,2022-10-04,Terminated,66908.0,40.0,3
EMP-006991,It,Remote,2015-05-01,Active,69272.0,40.0,4
EMP-006992,Sales,Remote,2018-12-04,Active,67198.0,40.0,3
EMP-006993,Finance,San Francisco,2016-01-22,Active,62627.0,40.0,4
EMP-006994,Support,Remote,2018-10-02,Terminated,68355.0,40.0,3
EMP-006995,It,San Francisco,2022-07-20,Terminated,80953.0,40.0,5
EMP-006996,Sales,London,2020-08-10,Active,74928.5,40.0,5
EMP-006997,Sales,Chicago,2021-08-18,Active,77880.0,40.0,3
EMP-006998,Support,New York,2018-02-21,Active,60660.0,40.0,4
EMP-006999,Finance,London,2023-07-02,Active,102008.0,20.0,4
EMP-007000,It,London,2021-05-20,Active,113134.0,40.0,4
EMP-007001,Sales,San Francisco,2018-10-18,Terminated,42790.0,40.0,5
EMP-007002,Sales,Remote,2018-11-02,Active,79107.0,40.0,4
EMP-007003,It,Remote,2023-04-08,Terminated,63296.0,0.0,4
EMP-007004,Sales,San Francisco,2020-03-09,Active,98140.0,40.0,2
EMP-007005,Support,Remote,2021-05-10,Terminated,74685.0,40.0,3
EMP-007006,Support,London,2018-10-02,Terminated,76329.0,40.0,3
EMP-007007,Hr,Remote,2017-01-05,Active,87374.0,20.0,3
EMP-007008,Finance,Chicago,2021-07-06,Terminated,67562.0,40.0,4
EMP-007009,It,London,2020-06-20,Active,116937.0,40.0,4
EMP-007010,Sales,Chicago,2019-07-06,Active,87743.0,40.0,4
EMP-007011,It,New York,2020-08-13,Active,98290.0,40.0,1
EMP-007012,It,Remote,2016-11-15,Active,69486.0,30.0,3
EMP-007013,It,San Francisco,2022-02-22,Active,74928.5,40.0,3
EMP-007014,Sales,London,2023-07-14,Terminated,95291.0,20.0,3
EMP-007015,Sales,Remote,2023-01-08,Active,92780.0,40.0,4
EMP-007016,It,San Francisco,2017-11-22,Active,43783.0,20.0,3
EMP-007017,It,New York,2018-08-27,Terminated,78191.0,40.0,3
EMP-007018,Finance,London,2022-04-11,Terminated,86846.0,40.0,4
EMP-007019,Marketing,Chicago,2020-05-10,Active,71742.0,40.0,5
EMP-007020,Marketing,New York,2019-12-06,Active,84473.0,40.0,3
EMP-007021,Hr,Remote,2023-05-04,Active,72800.0,40.0,3
EMP-007022,Hr,San Francisco,2019-10-28,Active,18831.0,20.0,3
EMP-007023,It,London,2019-08-20,On Leave,42228.0,40.0,3
EMP-007024,Finance,London,2015-05-19,Active,99375.0,30.0,4
EMP-007025,It,London,2015-08-17,Active,68890.0,40.0,3
EMP-007026,Hr,London,2015-01-25,Terminated,79742.0,40.0,3
EMP-007027,Sales,New York,2023-03-21,Active,74909.0,40.0,3
EMP-007028,Sales,London,2018-09-04,Active,54368.0,20.0,4
EMP-007029,Sales,San Francisco,2019-03-21,Terminated,63323.0,40.0,3
EMP-007030,It,New York,2022-08-10,Terminated,74928.5,40.0,3
EMP-007031,Marketing,Chicago,2020-06-25,Active,85775.0,20.0,3
EMP-007032,Finance,New York,2020-06-26,On Leave,129710.0,20.0,4
EMP-007033,Support,New York,2017-09-01,Active,63056.0,40.0,3
EMP-007034,Marketing,Chicago,2022-07-04,Terminated,116766.0,20.0,3
EMP-007035,Support,Remote,2016-06-29,Terminated,53490.0,40.0,3
EMP-007036,It,London,2015-06-24,Active,87215.0,40.0,4
EMP-007037,It,San Francisco,2016-09-21,Active,79447.0,40.0,4
EMP-007038,It,Remote,2017-05-30,Active,71853.0,20.0,4
EMP-007039,Hr,Remote,2017-07-16,Terminated,74859.0,40.0,2
EMP-007040,It,Remote,2021-01-12,Terminated,59435.0,20.0,4
EMP-007041,It,London,2016-12-16,Active,97598.0,35.0,3
EMP-007042,Support,Remote,2021-02-02,Terminated,53935.0,20.0,4
EMP-007043,Hr,London,2015-10-27,Terminated,82938.0,20.0,3
EMP-007044,It,Remote,2016-04-28,Terminated,93896.0,20.0,3
EMP-007045,Marketing,Remote,2019-07-31,Terminated,109605.0,40.0,3
EMP-007046,Sales,Chicago,2023-04-19,Active,74928.5,40.0,3
EMP-007047,It,London,2022-09-26,Active,89311.0,40.0,3
EMP-007048,Sales,San Francisco,2023-09-20,Terminated,59057.0,40.0,3
EMP-007049,Hr,Remote,2020-11-08,Active,55356.0,20.0,5
EMP-007050,It,London,2021-01-30,Active,46536.0,20.0,3
EMP-007051,Finance,Chicago,2020-08-16,Active,44143.0,40.0,3
EMP-007052,Hr,Remote,2020-08-09,Terminated,74965.0,40.0,3
EMP-007053,Support,London,2016-04-28,Terminated,56815.0,40.0,4
EMP-007054,Finance,San Francisco,2019-11-23,Active,104981.0,40.0,4
EMP-007055,Marketing,New York,2018-06-23,Active,60526.0,40.0,5
EMP-007056,Sales,San Francisco,2018-12-25,Terminated,77356.0,40.0,3
EMP-007057,Sales,San Francisco,2019-09-18,Terminated,68384.0,40.0,4
EMP-007058,Sales,Remote,2016-02-27,Terminated,39904.0,40.0,3
EMP-007059,Sales,Remote,2018-03-27,Terminated,102236.0,40.0,3
EMP-007060,Hr,London,2015-07-28,Active,92387.0,40.0,3
EMP-007061,Sales,London,2023-10-26,Terminated,95263.0,40.0,4
EMP-007062,It,Remote,2016-01-25,Terminated,89874.0,40.0,2
EMP-007063,Sales,London,2017-04-29,Active,56013.0,40.0,4
EMP-007064,Support,Remote,2023-01-08,Active,56499.0,30.0,4
EMP-007065,Marketing,Remote,2019-05-06,Active,86300.0,40.0,3
EMP-007066,Sales,Remote,2016-03-21,Terminated,113573.0,0.0,4
EMP-007067,Sales,London,2018-06-16,Active,84649.0,40.0,4
EMP-007068,Finance,London,2016-01-16,Active,99462.0,40.0,2
EMP-007069,Marketing,Chicago,2016-10-20,Active,61853.0,35.0,5
EMP-007070,Sales,Remote,2015-06-21,Active,102446.0,40.0,3
EMP-007071,Hr,New York,2018-12-11,Active,64513.0,40.0,3
EMP-007072,It,London,2022-04-05,Active,81004.0,40.0,3
EMP-007073,It,Remote,2020-04-10,Active,65846.0,40.0,3
EMP-007074,Hr,San Francisco,2020-06-16,Active,97229.0,40.0,4
EMP-007075,Sales,London,2016-10-21,Active,97569.0,40.0,4
EMP-007076,Hr,London,2018-02-04,Active,38080.0,40.0,3
EMP-007077,Finance,Chicago,2022-08-10,Active,108132.0,20.0,3
EMP-007078,Finance,London,2015-10-16,Active,134410.0,30.0,5
EMP-007079,Sales,San Francisco,2022-09-21,On Leave,66117.0,40.0,3
EMP-007080,Hr,San Francisco,2019-05-09,Active,71830.0,20.0,3
EMP-007081,Finance,London,2022-07-14,Active,105986.0,40.0,4
EMP-007082,It,New York,2017-11-11,Active,76669.0,40.0,3
EMP-007083,Marketing,New York,2018-01-18,Active,74901.0,40.0,3
EMP-007084,Hr,Chicago,2021-10-06,Active,122424.0,40.0,1
EMP-007085,It,New York,2022-01-24,Active,41143.0,20.0,3
EMP-007086,It,Chicago,2017-01-24,Active,55276.0,40.0,3
EMP-007087,Sales,Remote,2023-10-03,Active,85446.0,40.0,3
EMP-007088,Marketing,London,2015-10-05,Terminated,34511.0,20.0,3
EMP-007089,It,San Francisco,2015-08-14,Active,65675.0,0.0,4
EMP-007090,Sales,Chicago,2020-05-11,Active,65446.0,40.0,4
EMP-007091,It,London,2021-07-03,Active,99044.0,35.0,3
EMP-007092,Sales,New York,2023-08-25,Terminated,92321.0,40.0,3
EMP-007093,It,London,2018-08-24,Active,32919.0,40.0,3
EMP-007094,Marketing,Chicago,2015-03-25,Active,57672.0,35.0,3
EMP-007095,It,Remote,2020-06-04,Terminated,57749.0,40.0,3
EMP-007096,It,Chicago,2017-08-10,Active,69586.0,40.0,5
EMP-007097,It,New York,2018-11-24,Active,47561.0,40.0,4
EMP-007098,Support,Remote,2019-05-25,Active,86291.0,40.0,2
EMP-007099,Hr,Remote,2015-08-01,Active,57645.0,40.0,5
EMP-007100,Marketing,New York,2019-05-17,Active,89716.0,40.0,3
EMP-007101,Sales,Remote,2018-11-02,Active,74929.0,0.0,3
EMP-007102,Marketing,London,2021-05-31,Terminated,50673.0,40.0,4
EMP-007103,Finance,San Francisco,2020-10-23,Active,109707.0,40.0,3
EMP-007104,Sales,London,2016-08-31,Active,110443.0,20.0,3
EMP-007105,Marketing,London,2016-11-08,Active,82259.0,40.0,4
EMP-007106,It,London,2017-04-05,Active,69020.0,40.0,4
EMP-007107,Sales,New York,2016-08-11,Active,48593.0,40.0,3
EMP-007108,Sales,New York,2020-11-30,Active,74928.5,40.0,3
EMP-007109,Marketing,London,2023-12-13,Active,95566.0,40.0,1
EMP-007110,Sales,San Francisco,2020-11-13,Active,54650.0,40.0,1
EMP-007111,Support,Chicago,2020-06-17,Active,57830.0,40.0,2
EMP-007112,Hr,London,2018-09-09,Active,86423.0,40.0,4
EMP-007113,Sales,Remote,2017-10-24,Active,45614.0,40.0,3
EMP-007114,Hr,San Francisco,2023-03-14,Active,59358.0,20.0,3
EMP-007115,Marketing,London,2023-09-21,Active,48986.0,40.0,4
EMP-007116,It,Chicago,2019-06-21,Active,49792.0,40.0,3
EMP-007117,Sales,Remote,2017-08-11,On Leave,56998.0,40.0,4
EMP-007118,Sales,London,2021-12-06,Active,97650.0,40.0,1
EMP-007119,It,Remote,2016-03-11,Active,31136.0,40.0,1
EMP-007120,It,London,2021-11-21,Active,85837.0,40.0,3
EMP-007121,It,San Francisco,2022-05-15,Active,81449.0,0.0,2
EMP-007122,It,London,2016-02-15,Active,99209.0,0.0,3
EMP-007123,Sales,New York,2023-10-16,Terminated,81426.0,40.0,3
EMP-007124,It,London,2023-11-14,Active,65529.0,40.0,3
EMP-007125,It,Remote,2023-06-06,Active,54617.0,40.0,3
EMP-007126,Finance,Remote,2019-06-19,Active,99760.0,30.0,3
EMP-007127,Sales,San Francisco,2017-03-19,Active,74928.5,40.0,5
EMP-007128,It,San Francisco,2020-03-28,Terminated,62672.0,40.0,3
EMP-007129,Sales,London,2018-10-12,Terminated,97723.0,40.0,4
EMP-007130,Marketing,Remote,2016-11-07,Terminated,63853.0,40.0,4
EMP-007131,Finance,Remote,2018-10-24,Active,74976.0,40.0,1
EMP-007132,Sales,Remote,2020-12-22,Terminated,59888.0,40.0,3
EMP-007133,Sales,London,2015-08-22,Active,88346.0,0.0,4
EMP-007134,It,Remote,2017-12-31,Active,50145.0,40.0,5
EMP-007135,Support,New York,2015-02-28,Active,67535.0,40.0,3
EMP-007136,Hr,Remote,2021-09-29,Active,58636.0,40.0,5
EMP-007137,Sales,New York,2020-10-06,Active,81593.0,40.0,4
EMP-007138,Sales,London,2015-07-26,Active,84712.0,40.0,3
EMP-007139,It,San Francisco,2023-09-07,Terminated,47396.0,35.0,3
EMP-007140,It,New York,2015-03-16,Terminated,85161.0,20.0,4
EMP-007141,It,London,2020-04-23,Terminated,74928.5,40.0,4
EMP-007142,It,Remote,2021-12-26,Active,129799.0,40.0,2
EMP-007143,It,London,2022-02-02,Terminated,62213.0,40.0,3
EMP-007144,It,Remote,2015-04-23,Active,101232.0,20.0,4
EMP-007145,It,London,2023-02-27,Terminated,80029.0,40.0,3
EMP-007146,Finance,London,2023-04-07,Active,81045.0,40.0,1
EMP-007147,Sales,San Francisco,2020-01-20,Active,45848.0,40.0,4
EMP-007148,Sales,New York,2019-05-04,Active,96086.0,30.0,2
EMP-007149,Sales,London,2015-05-28,Active,76216.0,40.0,3
EMP-007150,Sales,San Francisco,2020-01-22,Active,86753.0,40.0,5
EMP-007151,Hr,Remote,2018-09-07,Terminated,72732.0,40.0,3
EMP-007152,It,Remote,2021-12-15,Terminated,78251.0,40.0,1
EMP-007153,Support,New York,2018-08-20,Active,52821.0,40.0,1
EMP-007154,Finance,San Francisco,2021-02-24,Active,71178.0,40.0,3
EMP-007155,It,New York,2015-11-30,Active,74928.5,40.0,3
EMP-007156,Finance,Remote,2016-03-13,Active,57361.0,0.0,3
EMP-007157,Sales,Chicago,2016-04-04,Active,74928.5,40.0,3
EMP-007158,Sales,Remote,2015-05-30,Active,84085.0,40.0,3
EMP-007159,It,Remote,2019-11-15,Terminated,81269.0,40.0,4
EMP-007160,Hr,London,2022-02-22,Active,72443.0,40.0,5
EMP-007161,Hr,Remote,2020-06-29,Active,85278.0,40.0,3
EMP-007162,Marketing,Remote,2020-03-04,Active,74928.5,20.0,1
EMP-007163,Support,San Francisco,2021-02-15,Active,77438.0,40.0,2
EMP-007164,Hr,London,2018-01-21,Active,79154.0,40.0,4
EMP-007165,It,Remote,2018-04-04,Active,104575.0,40.0,3
EMP-007166,Sales,Remote,2017-10-30,Active,44873.0,40.0,3
EMP-007167,Support,Remote,2021-05-29,Active,67035.0,40.0,3
EMP-007168,Sales,London,2016-06-15,Active,83454.0,20.0,4
EMP-007169,It,Remote,2015-02-12,Active,35432.0,40.0,1
EMP-007170,Sales,New York,2020-05-13,Active,109565.0,20.0,3
EMP-007171,It,New York,2023-06-25,Active,81370.0,40.0,3
EMP-007172,It,Remote,2020-06-26,Active,98923.0,40.0,3
EMP-007173,Hr,Remote,2022-01-17,Active,102994.0,35.0,5
EMP-007174,Support,London,2021-01-20,Active,85311.0,40.0,4
EMP-007175,Sales,New York,2019-06-24,Active,19185.0,40.0,2
EMP-007176,Sales,San Francisco,2021-06-19,Active,78692.0,20.0,4
EMP-007177,Marketing,Remote,2022-06-01,Terminated,80297.0,40.0,3
EMP-007178,Sales,San Francisco,2017-01-08,Active,47828.0,40.0,3
EMP-007179,Finance,Remote,2018-01-09,Active,30258.0,30.0,3
EMP-007180,Finance,San Francisco,2017-01-05,Active,86542.0,40.0,4
EMP-007181,Sales,Chicago,2019-01-26,Active,43770.0,40.0,5
EMP-007182,Sales,San Francisco,2022-12-19,Active,126535.0,40.0,4
EMP-007183,Finance,London,2018-02-08,Active,81578.0,40.0,3
EMP-007184,Marketing,New York,2018-05-15,Active,108788.0,40.0,3
EMP-007185,Support,Remote,2022-09-29,Terminated,75779.0,40.0,3
EMP-007186,Finance,New York,2019-08-22,Terminated,74928.5,20.0,3
EMP-007187,Sales,London,2019-10-27,Terminated,76332.0,40.0,3
EMP-007188,Hr,London,2022-09-30,Active,100139.0,30.0,2
EMP-007189,It,San Francisco,2019-06-01,Active,24042.0,40.0,3
EMP-007190,Marketing,Remote,2021-02-18,Active,97204.0,40.0,3
EMP-007191,It,Remote,2015-10-09,Active,91719.0,40.0,4
EMP-007192,Marketing,London,2016-08-10,Active,71146.0,40.0,1
EMP-007193,Hr,Remote,2018-08-22,Active,74928.5,35.0,3
EMP-007194,Hr,Remote,2019-06-15,Active,67522.0,40.0,3
EMP-007195,It,London,2023-09-10,Active,82069.0,40.0,3
EMP-007196,Sales,Chicago,2023-09-26,Active,105351.0,40.0,4
EMP-007197,Sales,San Francisco,2022-08-29,Active,61645.0,40.0,5
EMP-007198,Finance,London,2017-11-03,Active,32456.0,40.0,4
EMP-007199,Sales,Remote,2023-09-04,Active,137115.0,20.0,4
EMP-007200,Support,San Francisco,2021-03-15,Terminated,91789.0,20.0,3
EMP-007201,Marketing,London,2018-07-15,Active,65220.0,40.0,3
EMP-007202,It,New York,2021-04-25,Active,104721.0,40.0,4
EMP-007203,Marketing,Remote,2015-02-24,Active,98342.0,40.0,4
EMP-007204,Sales,London,2016-04-25,Terminated,87307.0,40.0,3
EMP-007205,Hr,Remote,2022-06-20,Active,63074.0,40.0,3
EMP-007206,Finance,New York,2020-10-23,Active,91683.0,20.0,2
EMP-007207,Marketing,Remote,2018-04-12,Active,102239.0,30.0,3
EMP-007208,Support,Chicago,2019-07-04,Active,31998.0,40.0,3
EMP-007209,Hr,London,2023-02-23,Active,80612.0,20.0,5
EMP-007210,Support,Remote,2020-09-06,Terminated,82454.0,30.0,1
EMP-007211,Finance,Remote,2018-08-01,Active,81652.0,20.0,3
EMP-007212,Marketing,Chicago,2016-01-31,Active,76155.0,40.0,4
EMP-007213,It,Chicago,2017-08-23,Active,104652.0,40.0,5
EMP-007214,Sales,Chicago,2023-10-21,Active,69717.0,40.0,4
EMP-007215,Marketing,San Francisco,2018-12-08,Active,74930.0,40.0,5
EMP-007216,Sales,San Francisco,2019-03-31,Terminated,82892.0,40.0,1
EMP-007217,Finance,London,2019-06-27,Active,70548.0,40.0,4
EMP-007218,Marketing,Chicago,2022-12-16,Active,40350.0,20.0,3
EMP-007219,Sales,London,2020-06-08,Active,80353.0,40.0,4
EMP-007220,It,New York,2021-03-30,Active,80636.0,40.0,3
EMP-007221,Sales,Chicago,2018-07-04,Active,65871.0,20.0,3
EMP-007222,Marketing,London,2015-04-06,Active,71692.0,30.0,3
EMP-007223,Sales,Chicago,2023-05-19,Terminated,74928.5,35.0,3
EMP-007224,Marketing,San Francisco,2023-07-17,Active,74928.5,40.0,3
EMP-007225,Marketing,San Francisco,2023-07-17,On Leave,97526.0,40.0,3
EMP-007226,Sales,London,2023-06-29,Terminated,41554.0,40.0,3
EMP-007227,Support,London,2022-05-03,Active,58113.0,40.0,3
EMP-007228,It,Remote,2021-02-28,Active,111213.0,40.0,3
EMP-007229,Support,New York,2022-08-07,Active,46129.0,30.0,5
EMP-007230,Sales,New York,2020-05-27,Active,86961.0,40.0,3
EMP-007231,Support,New York,2016-03-17,Active,62700.0,40.0,3
EMP-007232,Hr,Remote,2018-07-09,Active,85254.0,40.0,3
EMP-007233,Sales,San Francisco,2023-09-28,Active,76253.0,40.0,3
EMP-007234,Support,New York,2018-02-28,Terminated,67919.0,40.0,1
EMP-007235,It,Remote,2022-10-23,Terminated,84713.0,40.0,2
EMP-007236,Finance,Remote,2015-11-03,Terminated,62674.0,40.0,4
EMP-007237,It,New York,2018-01-03,Terminated,30394.0,40.0,2
EMP-007238,Finance,London,2018-02-27,Active,51807.0,40.0,3
EMP-007239,Marketing,Remote,2015-06-19,Terminated,48804.0,40.0,5
EMP-007240,Hr,London,2016-01-27,Active,34897.0,40.0,4
EMP-007241,Sales,London,2016-09-26,Active,84235.0,40.0,2
EMP-007242,It,London,2022-07-16,Active,70681.0,40.0,3
EMP-007243,Sales,San Francisco,2015-07-28,Active,83849.0,40.0,3
EMP-007244,It,Remote,2017-09-08,Active,88019.0,20.0,3
EMP-007245,Marketing,Remote,2015-02-03,Active,93912.0,40.0,3
EMP-007246,Finance,London,2021-04-05,Active,85173.0,40.0,3
EMP-007247,It,London,2020-07-31,Active,50510.0,40.0,5
EMP-007248,Hr,New York,2020-10-21,Active,89488.0,40.0,3
EMP-007249,It,London,2018-05-15,Active,80545.0,40.0,3
EMP-007250,It,London,2016-11-15,Active,129753.0,40.0,3
EMP-007251,Marketing,San Francisco,2021-06-25,Active,75198.0,40.0,3
EMP-007252,Hr,Chicago,2022-04-20,Active,84572.0,35.0,3
EMP-007253,Finance,Chicago,2016-03-31,Active,72629.0,40.0,1
EMP-007254,Finance,New York,2019-05-20,Active,76222.0,40.0,3
EMP-007255,It,San Francisco,2017-03-28,Active,74535.0,20.0,3
EMP-007256,It,San Francisco,2016-07-06,Active,64134.0,0.0,5
EMP-007257,It,San Francisco,2021-08-10,Active,79434.0,0.0,2
EMP-007258,Sales,San Francisco,2019-11-04,Active,90544.0,40.0,2
EMP-007259,Hr,Chicago,2016-12-11,Active,64512.0,40.0,3
EMP-007260,Hr,London,2017-10-15,Terminated,74928.5,40.0,3
EMP-007261,Finance,San Francisco,2023-09-13,Active,92858.0,0.0,4
EMP-007262,Sales,London,2022-08-21,Active,52993.0,40.0,3
EMP-007263,Marketing,London,2022-12-02,Active,50908.0,40.0,3
EMP-007264,Hr,London,2019-02-21,Active,86204.0,40.0,3
EMP-007265,Sales,San Francisco,2020-08-12,Terminated,60312.0,40.0,2
EMP-007266,Sales,Remote,2018-05-23,Active,48857.0,20.0,3
EMP-007267,It,Remote,2015-09-13,Terminated,117922.0,40.0,3
EMP-007268,Finance,Remote,2018-08-11,Active,50842.0,40.0,5
EMP-007269,Sales,London,2020-05-06,Active,36910.0,35.0,3
EMP-007270,Sales,Remote,2017-08-01,Active,55408.0,40.0,3
EMP-007271,It,Remote,2022-08-19,Terminated,80791.0,40.0,2
EMP-007272,Sales,San Francisco,2016-05-11,Active,74928.5,20.0,4
EMP-007273,It,London,2018-04-21,Terminated,122180.0,40.0,3
EMP-007274,Support,Remote,2016-02-15,Active,55790.0,40.0,3
EMP-007275,Finance,Chicago,2018-08-23,Terminated,80904.0,40.0,2
EMP-007276,It,New York,2015-05-11,Active,103212.0,40.0,3
EMP-007277,Marketing,Remote,2017-06-14,Active,58525.0,30.0,3
EMP-007278,Sales,Remote,2018-08-10,Active,92593.0,40.0,3
EMP-007279,Sales,Chicago,2019-04-21,Active,74928.5,40.0,3
EMP-007280,Support,San Francisco,2019-11-23,Active,118969.0,40.0,4
EMP-007281,It,Remote,2017-06-22,Active,99869.0,40.0,3
EMP-007282,It,Remote,2019-09-16,Terminated,57983.0,40.0,3
EMP-007283,Support,London,2019-08-01,Active,95745.0,40.0,3
EMP-007284,Finance,London,2017-11-05,Active,74928.5,40.0,3
EMP-007285,It,San Francisco,2022-06-21,Active,42783.0,20.0,3
EMP-007286,Finance,Chicago,2019-11-29,Active,60003.0,35.0,3
EMP-007287,Sales,San Francisco,2017-12-28,Active,108652.0,40.0,2
EMP-007288,Hr,San Francisco,2023-07-11,Terminated,76687.0,40.0,1
EMP-007289,Sales,Remote,2022-08-09,Active,85904.0,40.0,3
EMP-007290,Finance,Chicago,2023-11-04,Terminated,76755.0,40.0,3
EMP-007291,Sales,New York,2021-03-25,Active,97287.0,40.0,3
EMP-007292,It,Remote,2018-05-28,Terminated,87823.0,30.0,3
EMP-007293,It,Remote,2017-07-12,Active,77655.0,40.0,3
EMP-007294,Marketing,Chicago,2020-12-20,Active,22458.0,40.0,3
EMP-007295,It,London,2023-10-29,Active,91000.0,40.0,4
EMP-007296,It,Remote,2020-08-22,Terminated,93231.0,40.0,5
EMP-007297,Sales,Remote,2022-12-07,Active,44012.0,35.0,2
EMP-007298,Marketing,Remote,2017-12-17,Active,45710.0,40.0,3
EMP-007299,It,London,2018-08-30,Active,87940.0,0.0,3
EMP-007300,Finance,London,2023-02-26,Active,79858.0,40.0,3
EMP-007301,Sales,Remote,2021-10-23,Active,25630.0,40.0,5
EMP-007302,It,San Francisco,2023-10-31,Active,54449.0,40.0,3
EMP-007303,Finance,London,2021-12-21,Terminated,82846.0,40.0,3
EMP-007304,Marketing,Chicago,2019-01-14,On Leave,91917.0,30.0,3
EMP-007305,Marketing,London,2019-10-12,Terminated,60392.0,40.0,4
EMP-007306,It,Remote,2023-02-07,Terminated,71314.0,40.0,3
EMP-007307,Finance,Remote,2019-12-19,Active,53016.0,40.0,3
EMP-007308,Support,Remote,2017-04-19,Active,108098.0,40.0,4
EMP-007309,Finance,London,2018-12-02,Terminated,79365.0,20.0,5
EMP-007310,Marketing,Remote,2019-08-25,Terminated,58308.0,30.0,4
EMP-007311,Finance,Remote,2015-11-14,Terminated,46092.0,40.0,4
EMP-007312,Sales,London,2021-09-10,Active,43328.0,40.0,4
EMP-007313,It,Remote,2015-12-26,Active,120289.0,20.0,4
EMP-007314,Sales,New York,2018-08-23,Active,70662.0,35.0,3
EMP-007315,Sales,Remote,2022-03-29,Active,65012.0,40.0,2
EMP-007316,Support,New York,2019-03-17,Terminated,74928.5,40.0,2
EMP-007317,Hr,London,2022-07-30,Active,74928.5,40.0,3
EMP-007318,It,New York,2018-01-28,Terminated,72325.0,40.0,3
EMP-007319,Sales,Remote,2023-08-14,Active,75873.0,40.0,3
EMP-007320,Hr,London,2016-11-19,Active,75375.0,40.0,1
EMP-007321,It,San Francisco,2015-05-06,Active,43435.0,20.0,2
EMP-007322,Hr,London,2022-11-07,Terminated,97311.0,40.0,3
EMP-007323,It,Remote,2021-10-08,Active,61176.0,40.0,3
EMP-007324,Finance,Chicago,2017-02-01,Terminated,58533.0,40.0,2
EMP-007325,It,London,2023-11-11,Active,57404.0,40.0,4
EMP-007326,Sales,New York,2019-07-09,Active,48688.0,40.0,5
EMP-007327,Hr,London,2023-07-24,Active,81695.0,40.0,3
EMP-007328,Marketing,Remote,2019-07-19,Terminated,97375.0,40.0,3
EMP-007329,Sales,London,2019-04-01,Active,56925.0,40.0,3
EMP-007330,Sales,London,2019-01-16,Active,28922.0,40.0,4
EMP-007331,Hr,Remote,2018-01-05,Active,49322.0,40.0,5
EMP-007332,Sales,Chicago,2019-10-21,Active,63793.0,20.0,3
EMP-007333,Marketing,Remote,2019-01-27,Active,44214.0,40.0,5
EMP-007334,It,Chicago,2015-05-01,Active,74928.5,40.0,3
EMP-007335,Sales,Remote,2017-05-06,Active,61212.0,20.0,3
EMP-007336,Hr,New York,2016-12-01,Active,74613.0,40.0,5
EMP-007337,Support,Chicago,2022-10-22,Terminated,38626.0,40.0,3
EMP-007338,Support,New York,2020-05-22,Active,89503.0,40.0,1
EMP-007339,It,London,2021-11-15,Active,116523.0,40.0,4
EMP-007340,Sales,Chicago,2023-08-12,Active,110728.0,30.0,3
EMP-007341,Sales,Chicago,2020-10-17,Active,60399.0,40.0,4
EMP-007342,Sales,Remote,2023-11-04,Active,91716.0,40.0,3
EMP-007343,It,Chicago,2017-10-21,Terminated,74928.5,40.0,4
EMP-007344,Hr,New York,2016-09-04,Terminated,73912.0,0.0,4
EMP-007345,Sales,London,2018-08-18,Terminated,79425.0,40.0,5
EMP-007346,Finance,Remote,2019-03-28,Active,92076.0,40.0,3
EMP-007347,Marketing,Remote,2023-01-22,Active,97084.0,40.0,3
EMP-007348,Sales,London,2020-01-15,Active,54708.0,40.0,4
EMP-007349,Sales,London,2017-08-18,Active,93692.0,30.0,2
EMP-007350,Sales,New York,2021-09-07,Active,116662.0,40.0,3
EMP-007351,Sales,London,2019-07-21,Active,97055.0,40.0,3
EMP-007352,Support,Remote,2016-06-16,On Leave,113412.0,40.0,5
EMP-007353,Marketing,London,2020-03-11,Terminated,10412.0,40.0,1
EMP-007354,Hr,Remote,2023-03-15,Active,89893.0,40.0,5
EMP-007355,Sales,London,2022-08-01,Terminated,81606.0,40.0,3
EMP-007356,Support,Remote,2020-04-12,Terminated,100677.0,40.0,3
EMP-007357,Sales,London,2018-05-24,Active,46859.0,30.0,3
EMP-007358,It,Remote,2015-10-13,Active,62346.0,40.0,4
EMP-007359,Marketing,New York,2019-03-24,Active,97513.0,20.0,5
EMP-007360,Support,Remote,2021-10-08,Terminated,48508.0,40.0,3
EMP-007361,Support,Remote,2018-03-30,Active,81058.0,40.0,3
EMP-007362,It,Remote,2017-02-12,Active,74577.0,35.0,3
EMP-007363,Support,Remote,2023-05-20,Active,70102.0,40.0,3
EMP-007364,It,Remote,2022-05-24,On Leave,89317.0,40.0,3
EMP-007365,Sales,London,2020-09-29,Active,47112.0,40.0,1
EMP-007366,Sales,New York,2016-03-25,Active,55497.0,40.0,4
EMP-007367,Sales,Remote,2016-04-21,Active,71519.0,30.0,4
EMP-007368,It,San Francisco,2015-12-06,Active,44970.0,40.0,3
EMP-007369,Finance,Remote,2020-07-18,Terminated,105773.0,20.0,2
EMP-007370,Finance,Remote,2016-01-15,Terminated,55031.0,30.0,1
EMP-007371,Finance,San Francisco,2022-08-01,On Leave,94658.0,40.0,3
EMP-007372,Sales,New York,2023-12-08,Terminated,74928.5,20.0,3
EMP-007373,It,Remote,2018-04-19,Active,92605.0,40.0,2
EMP-007374,Sales,New York,2019-01-31,Terminated,34779.0,30.0,2
EMP-007375,Marketing,Remote,2021-05-28,Active,110215.0,40.0,4
EMP-007376,Marketing,London,2023-06-08,Active,103378.0,40.0,4
EMP-007377,It,Chicago,2023-01-17,Active,74928.5,40.0,3
EMP-007378,Marketing,London,2015-07-09,Terminated,54359.0,40.0,3
EMP-007379,Finance,Remote,2016-07-09,Terminated,86445.0,40.0,3
EMP-007380,Finance,Chicago,2021-10-16,On Leave,36847.0,40.0,3
EMP-007381,Sales,Remote,2021-03-14,Active,75869.0,0.0,3
EMP-007382,Support,New York,2016-03-13,On Leave,54810.0,40.0,3
EMP-007383,Marketing,Remote,2019-07-09,Terminated,68642.0,40.0,2
EMP-007384,Sales,London,2022-01-10,Active,58904.0,40.0,3
EMP-007385,Sales,London,2016-12-20,Active,55041.0,35.0,2
EMP-007386,Sales,San Francisco,2022-11-03,Active,117620.0,20.0,4
EMP-007387,Support,London,2015-06-24,Active,94514.0,40.0,3
EMP-007388,Support,Chicago,2022-01-15,Terminated,38003.0,40.0,5
EMP-007389,Support,London,2020-07-17,Active,53105.0,20.0,3
EMP-007390,Sales,London,2017-11-02,Active,96436.0,0.0,4
EMP-007391,Sales,London,2021-06-27,Active,99217.0,40.0,3
EMP-007392,Finance,Remote,2022-01-15,Active,40373.0,40.0,4
EMP-007393,Support,San Francisco,2023-05-28,Active,92465.0,40.0,3
EMP-007394,It,New York,2018-04-23,Active,74928.5,40.0,3
EMP-007395,It,San Francisco,2021-03-04,Terminated,26458.0,40.0,4
EMP-007396,Sales,Chicago,2020-06-03,Active,64920.0,40.0,1
EMP-007397,Support,Remote,2019-09-23,Active,71596.0,40.0,3
EMP-007398,It,Remote,2023-01-05,Active,76212.0,40.0,3
EMP-007399,Hr,Remote,2015-01-11,Active,41985.0,40.0,3
EMP-007400,Support,London,2017-07-16,On Leave,55925.0,40.0,3
EMP-007401,Sales,London,2019-11-05,Active,59426.0,40.0,3
EMP-007402,Marketing,London,2016-08-09,Active,61608.0,40.0,3
EMP-007403,Support,Chicago,2023-03-04,Active,62025.0,40.0,3
EMP-007404,Sales,Remote,2020-10-29,Active,74928.5,40.0,3
EMP-007405,Marketing,London,2019-04-20,Terminated,82741.0,40.0,4
EMP-007406,Hr,Remote,2022-05-01,Active,119356.0,40.0,3
EMP-007407,It,Remote,2019-01-22,Terminated,96772.0,40.0,3
EMP-007408,Marketing,New York,2020-01-11,Active,107922.0,40.0,3
EMP-007409,It,San Francisco,2015-01-10,Terminated,62981.0,40.0,3
EMP-007410,Finance,Remote,2018-04-17,Terminated,49902.0,40.0,4
EMP-007411,Support,Remote,2016-04-01,Active,95036.0,40.0,3
EMP-007412,Hr,New York,2021-03-17,Active,74595.0,40.0,4
EMP-007413,Hr,New York,2019-04-24,Active,93258.0,40.0,4
EMP-007414,Marketing,London,2017-09-18,Active,52942.0,40.0,4
EMP-007415,It,London,2019-03-18,Active,91214.0,40.0,4
EMP-007416,Sales,San Francisco,2016-11-20,Terminated,70619.0,20.0,3
EMP-007417,Support,New York,2023-04-29,Active,63477.0,40.0,4
EMP-007418,Hr,Chicago,2015-06-27,Active,65831.0,40.0,4
EMP-007419,It,New York,2022-10-15,Active,87261.0,40.0,2
EMP-007420,Finance,Remote,2019-08-08,Active,74928.5,40.0,3
EMP-007421,Hr,London,2020-07-27,Active,65840.0,40.0,3
EMP-007422,It,Chicago,2017-09-21,Terminated,83608.0,40.0,2
EMP-007423,Sales,London,2023-09-13,On Leave,83520.0,35.0,3
EMP-007424,Sales,London,2017-07-15,Active,93458.0,40.0,5
EMP-007425,Sales,London,2020-04-19,Active,74928.5,40.0,4
EMP-007426,Hr,New York,2023-12-10,Active,120281.0,0.0,2
EMP-007427,It,London,2022-12-06,Terminated,63371.0,40.0,3
EMP-007428,Hr,New York,2019-10-29,Terminated,111500.0,40.0,3
EMP-007429,Marketing,London,2023-11-30,Terminated,77927.0,40.0,4
EMP-007430,Support,Chicago,2021-04-24,Active,47630.0,40.0,4
EMP-007431,It,New York,2016-11-16,Active,58738.0,40.0,4
EMP-007432,Hr,London,2018-08-26,Active,86649.0,40.0,3
EMP-007433,Support,London,2018-01-04,Active,93094.0,20.0,4
EMP-007434,Marketing,New York,2018-02-04,Active,49593.0,40.0,3
EMP-007435,Sales,New York,2021-11-04,Active,55903.0,40.0,1
EMP-007436,Sales,Chicago,2020-04-04,Active,74928.5,20.0,3
EMP-007437,Support,New York,2015-05-06,Active,53416.0,40.0,3
EMP-007438,Hr,San Francisco,2022-11-24,Active,27998.0,35.0,3
EMP-007439,Sales,Remote,2017-09-02,Active,19517.0,40.0,4
EMP-007440,It,San Francisco,2023-12-22,Active,65455.0,40.0,4
EMP-007441,It,Chicago,2023-08-03,Active,81302.0,20.0,3
EMP-007442,Sales,London,2023-06-19,Terminated,91390.0,40.0,3
EMP-007443,Sales,San Francisco,2022-04-20,Active,40942.0,40.0,2
EMP-007444,Sales,London,2016-12-26,Terminated,41367.0,40.0,5
EMP-007445,It,Remote,2019-10-17,Active,61802.0,40.0,3
EMP-007446,Hr,Remote,2017-01-07,Active,75084.0,20.0,4
EMP-007447,Sales,Remote,2017-05-03,Active,100220.0,40.0,1
EMP-007448,Sales,San Francisco,2020-07-01,Active,92943.0,40.0,3
EMP-007449,Sales,Remote,2015-05-15,Terminated,65804.0,35.0,2
EMP-007450,It,Chicago,2023-09-22,Active,84004.0,20.0,4
EMP-007451,Hr,Remote,2023-04-08,Terminated,53912.0,35.0,3
EMP-007452,Marketing,London,2018-06-05,On Leave,76859.0,40.0,2
EMP-007453,Hr,Remote,2019-08-22,Active,73439.0,40.0,3
EMP-007454,Support,Remote,2019-03-13,Active,110108.0,40.0,3
EMP-007455,Sales,Remote,2022-12-09,Active,87339.0,40.0,3
EMP-007456,It,San Francisco,2021-03-13,Active,55730.0,35.0,3
EMP-007457,Sales,Remote,2017-07-03,Active,55986.0,40.0,3
EMP-007458,Sales,Chicago,2019-01-08,Terminated,66673.0,40.0,3
EMP-007459,Hr,Remote,2018-11-11,Active,35888.0,40.0,3
EMP-007460,It,Chicago,2023-08-20,Active,69249.0,40.0,2
EMP-007461,Sales,Remote,2016-07-30,Terminated,71409.0,40.0,4
EMP-007462,It,Chicago,2015-10-22,Active,86663.0,40.0,3
EMP-007463,Marketing,San Francisco,2022-12-04,Active,90303.0,40.0,4
EMP-007464,Finance,Remote,2023-01-26,Terminated,77473.0,40.0,4
EMP-007465,Sales,London,2022-11-05,Active,34250.0,20.0,3
EMP-007466,It,London,2019-08-07,Active,44474.0,40.0,3
EMP-007467,It,San Francisco,2020-12-08,Active,59872.0,40.0,5
EMP-007468,Support,Chicago,2020-01-26,Terminated,91307.0,40.0,4
EMP-007469,It,Remote,2015-08-17,Terminated,90463.0,20.0,4
EMP-007470,Sales,San Francisco,2020-05-12,Active,68764.0,40.0,1
EMP-007471,Marketing,Chicago,2015-02-14,Active,133993.0,40.0,3
EMP-007472,Marketing,New York,2017-12-04,Terminated,114039.0,35.0,1
EMP-007473,It,New York,2023-05-23,On Leave,105998.0,40.0,3
EMP-007474,Sales,Remote,2017-09-26,Active,92516.0,20.0,4
EMP-007475,It,London,2023-06-17,Terminated,86464.0,40.0,3
EMP-007476,Hr,New York,2017-04-02,Active,84639.0,40.0,4
EMP-007477,Sales,London,2017-10-30,Active,29874.0,40.0,3
EMP-007478,Sales,Chicago,2020-08-27,Active,48718.0,40.0,3
EMP-007479,It,San Francisco,2021-11-08,Active,69447.0,40.0,3
EMP-007480,Support,Remote,2019-07-07,On Leave,78197.0,40.0,3
EMP-007481,Support,San Francisco,2022-12-09,Active,71889.0,40.0,1
EMP-007482,Sales,Remote,2015-05-13,Active,81807.0,20.0,4
EMP-007483,Finance,San Francisco,2023-04-20,Terminated,22417.0,40.0,3
EMP-007484,Support,New York,2016-10-07,Terminated,74928.5,40.0,4
EMP-007485,It,San Francisco,2022-12-16,Active,76553.0,40.0,4
EMP-007486,Support,New York,2018-08-10,Active,70314.0,40.0,2
EMP-007487,Sales,New York,2022-06-30,Terminated,98183.0,40.0,3
EMP-007488,Sales,London,2021-01-16,Terminated,48862.0,20.0,3
EMP-007489,It,Remote,2016-08-01,Terminated,69078.0,20.0,3
EMP-007490,Support,London,2023-04-06,Active,82110.0,20.0,3
EMP-007491,Hr,London,2017-03-18,Active,53675.0,40.0,3
EMP-007492,Sales,Chicago,2017-03-13,Terminated,24916.0,40.0,3
EMP-007493,Finance,London,2022-04-30,On Leave,46174.0,40.0,2
EMP-007494,Hr,New York,2015-12-15,Active,73382.0,40.0,3
EMP-007495,It,Remote,2016-12-30,Active,68775.0,40.0,4
EMP-007496,It,Remote,2019-07-14,On Leave,74543.0,40.0,4
EMP-007497,It,Chicago,2022-06-22,Active,58518.0,35.0,3
EMP-007498,It,London,2016-04-29,Active,42193.0,40.0,3
EMP-007499,It,London,2019-12-06,Active,78425.0,40.0,4
EMP-007500,It,Remote,2021-05-26,Active,70837.0,40.0,2
EMP-007501,Hr,San Francisco,2022-09-29,Active,90946.0,40.0,2
EMP-007502,Hr,Remote,2023-06-03,Active,56308.0,40.0,2
EMP-007503,It,Remote,2022-01-23,Active,24479.0,40.0,4
EMP-007504,Hr,London,2020-11-15,Terminated,9889.0,40.0,4
EMP-007505,It,Remote,2018-11-26,Active,64963.0,40.0,3
EMP-007506,Sales,Remote,2016-01-04,Active,74928.5,40.0,3
EMP-007507,It,London,2021-05-21,On Leave,69192.0,40.0,3
EMP-007508,Sales,San Francisco,2023-12-08,Terminated,60871.0,20.0,4
EMP-007509,Sales,San Francisco,2021-08-18,Active,35215.0,40.0,3
EMP-007510,Marketing,London,2015-02-24,Active,27766.0,40.0,3
EMP-007511,Sales,Remote,2019-06-20,Active,84182.0,40.0,4
EMP-007512,It,Remote,2020-07-13,Active,69310.0,0.0,3
EMP-007513,Marketing,London,2021-03-16,Active,74928.5,0.0,1
EMP-007514,Support,New York,2021-06-23,Terminated,74928.5,40.0,5
EMP-007515,It,San Francisco,2020-01-09,Active,50844.0,20.0,4
EMP-007516,Finance,London,2017-01-04,Active,76128.0,40.0,5
EMP-007517,Sales,London,2023-06-25,Terminated,82115.0,35.0,4
EMP-007518,Hr,San Francisco,2021-04-08,Active,70894.0,40.0,3
EMP-007519,Sales,Remote,2017-02-17,Active,109481.0,40.0,3
EMP-007520,Hr,London,2017-11-25,Active,60613.0,40.0,2
EMP-007521,Marketing,London,2023-04-19,Active,107172.0,40.0,4
EMP-007522,Finance,London,2022-12-27,Active,80422.0,20.0,3
EMP-007523,Marketing,Remote,2018-08-24,Active,77703.0,30.0,3
EMP-007524,Finance,Remote,2015-05-06,Active,98313.0,40.0,5
EMP-007525,Sales,Chicago,2015-06-09,Active,59397.0,40.0,4
EMP-007526,Hr,New York,2017-07-22,Terminated,74928.5,40.0,4
EMP-007527,Marketing,New York,2020-08-29,Active,44411.0,40.0,3
EMP-007528,Finance,San Francisco,2020-04-04,On Leave,74928.5,20.0,3
EMP-007529,It,New York,2020-09-14,Terminated,83388.0,40.0,5
EMP-007530,It,London,2021-06-15,Active,102445.0,40.0,3
EMP-007531,It,London,2015-03-04,Terminated,80122.0,40.0,3
EMP-007532,Marketing,Chicago,2015-12-12,On Leave,102576.0,40.0,3
EMP-007533,Hr,Remote,2018-03-27,Active,56318.0,40.0,1
EMP-007534,It,London,2016-05-24,Terminated,99681.0,40.0,3
EMP-007535,Marketing,London,2015-09-05,Terminated,65055.0,20.0,3
EMP-007536,Sales,Remote,2020-10-07,Active,75063.0,40.0,1
EMP-007537,Finance,Remote,2022-05-04,Terminated,74928.5,40.0,3
EMP-007538,Sales,Remote,2021-10-09,Active,133196.0,40.0,3
EMP-007539,Sales,London,2022-05-09,Active,95501.0,40.0,1
EMP-007540,It,San Francisco,2020-12-28,Terminated,97859.0,40.0,3
EMP-007541,Finance,Chicago,2021-08-14,Active,61366.0,40.0,4
EMP-007542,Marketing,Remote,2017-06-12,Terminated,78925.0,40.0,3
EMP-007543,Sales,Remote,2023-12-09,Active,74928.5,40.0,5
EMP-007544,Support,San Francisco,2016-08-25,Active,110192.0,20.0,3
EMP-007545,Sales,Remote,2016-12-06,Terminated,71352.0,40.0,3
EMP-007546,Hr,San Francisco,2017-08-07,Terminated,108214.0,20.0,3
EMP-007547,It,Remote,2023-10-11,On Leave,42459.0,40.0,3
EMP-007548,It,San Francisco,2023-11-23,On Leave,109969.0,20.0,4
EMP-007549,Hr,London,2022-02-25,Active,53465.0,40.0,3
EMP-007550,Support,New York,2020-08-29,Terminated,96347.0,30.0,5
EMP-007551,It,San Francisco,2019-09-06,Active,53392.0,40.0,4
EMP-007552,Finance,London,2023-09-26,Active,74928.5,40.0,3
EMP-007553,Hr,New York,2021-04-05,Active,50935.0,40.0,3
EMP-007554,Support,London,2023-07-03,On Leave,74928.5,40.0,4
EMP-007555,Marketing,New York,2017-11-06,Active,96131.0,20.0,3
EMP-007556,Sales,San Francisco,2018-01-02,Active,59983.0,40.0,3
EMP-007557,It,Chicago,2022-09-10,Active,89452.0,0.0,3
EMP-007558,Sales,Chicago,2016-05-07,Active,98686.0,40.0,4
EMP-007559,Support,London,2023-07-07,On Leave,51917.0,30.0,4
EMP-007560,Sales,San Francisco,2019-07-27,Active,49150.0,40.0,4
EMP-007561,It,New York,2023-05-04,Active,48217.0,40.0,4
EMP-007562,It,Chicago,2018-01-12,Active,44675.0,40.0,3
EMP-007563,Sales,Remote,2021-06-11,Active,48098.0,40.0,3
EMP-007564,Hr,Remote,2019-05-07,Active,98120.0,0.0,3
EMP-007565,Sales,San Francisco,2020-08-22,Active,88946.0,40.0,3
EMP-007566,Sales,London,2019-07-16,Active,32600.0,35.0,5
EMP-007567,It,London,2023-09-14,Active,62246.0,40.0,3
EMP-007568,Support,Remote,2021-03-24,Terminated,46054.0,0.0,3
EMP-007569,Finance,Remote,2017-04-06,Terminated,96538.0,20.0,3
EMP-007570,Sales,San Francisco,2023-03-10,Active,63759.0,40.0,4
EMP-007571,Finance,Remote,2017-08-24,Active,36389.0,35.0,4
EMP-007572,It,Chicago,2018-05-06,Terminated,79254.0,40.0,4
EMP-007573,Finance,Remote,2015-12-02,Active,90162.0,35.0,3
EMP-007574,Finance,London,2023-02-06,Active,51158.0,40.0,4
EMP-007575,It,New York,2017-07-29,Active,68377.0,30.0,3
EMP-007576,Finance,New York,2017-05-01,Active,52440.0,40.0,3
EMP-007577,Sales,Remote,2023-04-13,Terminated,106101.0,40.0,3
EMP-007578,Support,Chicago,2022-04-01,Active,64216.0,40.0,3
EMP-007579,Finance,Remote,2016-04-08,Active,56954.0,40.0,2
EMP-007580,Marketing,Remote,2021-12-03,Active,73717.0,20.0,3
EMP-007581,Finance,San Francisco,2023-03-21,Active,69811.0,40.0,1
EMP-007582,Finance,Remote,2015-09-16,Active,92212.0,20.0,3
EMP-007583,Sales,San Francisco,2022-06-05,Terminated,105401.0,40.0,3
EMP-007584,Support,San Francisco,2019-12-05,Active,105591.0,40.0,3
EMP-007585,Sales,London,2021-01-08,Active,65452.0,40.0,4
EMP-007586,It,London,2019-06-09,Active,82628.0,40.0,3
EMP-007587,Sales,San Francisco,2021-04-12,Active,112212.0,40.0,2
EMP-007588,Sales,Chicago,2015-04-23,Terminated,113175.0,20.0,3
EMP-007589,Hr,London,2021-11-12,Active,53102.0,40.0,4
EMP-007590,Support,London,2015-04-20,Active,89806.0,40.0,3
EMP-007591,Marketing,New York,2019-02-05,Active,85580.0,40.0,3
EMP-007592,Support,Remote,2016-05-11,Active,98160.0,40.0,3
EMP-007593,Hr,New York,2022-05-31,Active,106090.0,20.0,4
EMP-007594,Hr,Chicago,2017-10-28,Active,48976.0,40.0,3
EMP-007595,Hr,London,2019-02-01,Active,57733.0,30.0,3
EMP-007596,It,London,2018-11-10,Active,97690.0,40.0,2
EMP-007597,It,London,2021-12-14,Terminated,78701.0,40.0,3
EMP-007598,Finance,Remote,2019-05-01,Active,19319.0,20.0,3
EMP-007599,Support,Chicago,2022-02-06,Terminated,33343.0,40.0,5
EMP-007600,Sales,London,2015-08-30,Active,91564.0,40.0,1
EMP-007601,It,Remote,2016-09-21,Active,95978.0,40.0,3
EMP-007602,Sales,Remote,2019-12-18,Active,41263.0,40.0,4
EMP-007603,Finance,London,2023-07-11,Active,102479.0,40.0,5
EMP-007604,Finance,Remote,2015-09-03,Terminated,70071.0,40.0,5
EMP-007605,Marketing,London,2015-05-22,Active,49438.0,40.0,2
EMP-007606,Hr,Chicago,2016-05-29,Active,60993.0,40.0,3
EMP-007607,It,London,2020-10-08,Active,44431.0,20.0,5
EMP-007608,Marketing,London,2018-08-04,Active,74928.5,20.0,3
EMP-007609,Sales,Remote,2022-06-06,Active,74928.5,40.0,2
EMP-007610,It,Remote,2015-08-25,Active,73154.0,35.0,5
EMP-007611,It,New York,2016-10-07,Active,74928.5,40.0,3
EMP-007612,It,Chicago,2017-09-13,Active,41314.0,30.0,3
EMP-007613,Finance,Chicago,2020-08-22,On Leave,75426.0,40.0,3
EMP-007614,Sales,Remote,2021-03-02,Active,54884.0,35.0,3
EMP-007615,It,San Francisco,2016-02-13,Active,91720.0,40.0,3
EMP-007616,It,San Francisco,2023-06-30,On Leave,17140.0,40.0,5
EMP-007617,It,New York,2018-01-26,Terminated,74928.5,40.0,3
EMP-007618,It,San Francisco,2021-06-02,Active,29556.0,40.0,2
EMP-007619,Hr,San Francisco,2019-09-20,Active,69751.0,40.0,3
EMP-007620,Sales,San Francisco,2017-01-02,Terminated,57277.0,40.0,3
EMP-007621,Hr,London,2022-08-13,Active,65982.0,0.0,3
EMP-007622,Sales,New York,2022-05-13,Active,36765.0,20.0,3
EMP-007623,It,Remote,2018-07-25,Active,116503.0,30.0,3
EMP-007624,Marketing,San Francisco,2020-04-18,Terminated,42836.0,20.0,4
EMP-007625,Sales,Remote,2017-04-27,Active,74928.5,40.0,4
EMP-007626,Finance,London,2021-03-17,Terminated,119871.0,40.0,3
EMP-007627,It,London,2017-10-12,Terminated,83068.0,20.0,3
EMP-007628,Sales,San Francisco,2022-08-06,Active,43644.0,40.0,3
EMP-007629,Sales,London,2016-12-15,Terminated,71780.0,40.0,4
EMP-007630,Sales,London,2015-02-18,Active,69107.0,40.0,2
EMP-007631,It,London,2017-06-01,Active,32809.0,40.0,3
EMP-007632,It,New York,2016-09-19,Active,56043.0,40.0,3
EMP-007633,Marketing,Remote,2019-07-29,Active,74340.0,40.0,2
EMP-007634,It,Remote,2016-10-31,Active,106660.0,40.0,3
EMP-007635,Finance,Remote,2021-11-13,Active,70279.0,40.0,3
EMP-007636,It,San Francisco,2017-03-04,Active,72159.0,40.0,3
EMP-007637,Sales,London,2021-05-12,Active,74928.5,40.0,5
EMP-007638,Marketing,Remote,2020-03-16,Active,102397.0,40.0,4
EMP-007639,Marketing,London,2023-11-16,Active,97558.0,40.0,4
EMP-007640,Support,London,2023-12-31,Active,94733.0,40.0,3
EMP-007641,Finance,Chicago,2022-10-29,Active,77796.0,40.0,3
EMP-007642,Sales,Chicago,2021-11-03,Active,35036.0,40.0,2
EMP-007643,Sales,London,2018-06-24,Active,102167.0,40.0,3
EMP-007644,Marketing,San Francisco,2021-10-12,Active,76433.0,40.0,3
EMP-007645,It,San Francisco,2023-08-11,Active,67285.0,40.0,2
EMP-007646,Sales,New York,2015-03-18,Terminated,86211.0,40.0,4
EMP-007647,Sales,New York,2019-11-04,Active,80605.0,40.0,3
EMP-007648,Marketing,Remote,2016-12-17,Active,48270.0,40.0,3
EMP-007649,It,Remote,2020-01-08,Terminated,66980.0,40.0,3
EMP-007650,Finance,London,2019-03-14,Active,27398.0,40.0,4
EMP-007651,Sales,New York,2020-03-07,Active,77151.0,40.0,2
EMP-007652,Marketing,San Francisco,2019-12-17,Active,108253.0,40.0,3
EMP-007653,Sales,London,2023-08-22,Active,30110.0,0.0,5
EMP-007654,Sales,Remote,2019-12-21,Active,78216.0,40.0,1
EMP-007655,Marketing,New York,2022-08-13,Terminated,74928.5,30.0,3
EMP-007656,Finance,London,2017-11-17,Active,95409.0,35.0,3
EMP-007657,Marketing,Chicago,2018-12-11,Active,56345.0,40.0,3
EMP-007658,Support,New York,2019-03-27,On Leave,47444.0,40.0,3
EMP-007659,Marketing,New York,2017-07-05,Active,60324.0,40.0,4
EMP-007660,Marketing,London,2018-06-02,Active,104772.0,40.0,3
EMP-007661,It,San Francisco,2020-05-21,Active,32261.0,40.0,3
EMP-007662,Sales,Remote,2020-03-22,Active,44601.0,40.0,4
EMP-007663,Finance,London,2020-09-22,Terminated,74928.5,30.0,3
EMP-007664,It,Remote,2018-03-02,Active,50608.0,40.0,4
EMP-007665,Marketing,New York,2017-11-04,On Leave,73958.0,35.0,2
EMP-007666,Finance,San Francisco,2020-07-03,Active,110363.0,20.0,3
EMP-007667,Support,Remote,2016-03-12,Terminated,44905.0,40.0,3
EMP-007668,Finance,New York,2017-04-11,Active,71341.0,40.0,3
EMP-007669,Sales,London,2015-05-19,On Leave,74794.0,20.0,4
EMP-007670,It,Remote,2015-08-27,Active,66635.0,40.0,3
EMP-007671,Finance,Chicago,2017-03-11,Terminated,35539.0,40.0,4
EMP-007672,Sales,Remote,2015-03-06,Active,59054.0,40.0,2
EMP-007673,Support,London,2017-03-17,Terminated,59129.0,40.0,3
EMP-007674,Hr,London,2020-11-22,Active,90838.0,20.0,5
EMP-007675,Marketing,Remote,2015-07-20,Active,85489.0,40.0,3
EMP-007676,Finance,London,2018-12-06,Active,36203.0,40.0,3
EMP-007677,Marketing,London,2023-03-21,Active,65322.0,40.0,4
EMP-007678,It,New York,2022-02-13,Active,74928.5,40.0,2
EMP-007679,Sales,London,2017-09-30,Terminated,123867.0,35.0,4
EMP-007680,It,San Francisco,2023-04-28,Active,82308.0,40.0,2
EMP-007681,Sales,Chicago,2017-12-19,Active,48064.0,40.0,3
EMP-007682,It,London,2015-08-27,Active,55580.0,40.0,3
EMP-007683,It,San Francisco,2023-12-12,Active,65536.0,40.0,2
EMP-007684,It,San Francisco,2022-10-30,Terminated,84059.0,35.0,4
EMP-007685,Finance,San Francisco,2019-03-12,Active,87123.0,40.0,3
EMP-007686,It,London,2020-12-30,Active,80012.0,40.0,3
EMP-007687,Hr,London,2021-01-15,Active,69756.0,40.0,4
EMP-007688,Marketing,London,2016-10-01,Active,71600.0,40.0,4
EMP-007689,Marketing,Chicago,2016-10-19,Active,74928.5,40.0,4
EMP-007690,Support,London,2019-03-24,Active,30427.0,40.0,3
EMP-007691,Sales,Remote,2023-03-16,Active,73468.0,20.0,3
EMP-007692,It,London,2015-02-02,Active,60569.0,40.0,4
EMP-007693,It,London,2022-01-16,Active,33679.0,40.0,3
EMP-007694,Hr,London,2015-07-09,Active,135447.0,20.0,3
EMP-007695,Sales,New York,2019-04-21,Active,82783.0,40.0,3
EMP-007696,Sales,Chicago,2020-09-27,Terminated,75328.0,0.0,3
EMP-007697,Marketing,Remote,2021-03-07,Terminated,65722.0,30.0,2
EMP-007698,Marketing,London,2015-07-12,On Leave,93256.0,40.0,3
EMP-007699,Finance,Chicago,2018-10-07,Terminated,45942.0,40.0,1
EMP-007700,It,Remote,2020-04-03,Active,67182.0,40.0,4
EMP-007701,Sales,New York,2015-08-06,Active,74928.5,40.0,4
EMP-007702,Hr,London,2016-03-20,Active,93039.0,40.0,4
EMP-007703,It,London,2020-12-21,Active,54331.0,40.0,5
EMP-007704,It,Remote,2019-09-11,On Leave,102533.0,0.0,2
EMP-007705,Support,New York,2016-06-15,Active,72518.0,40.0,5
EMP-007706,It,Remote,2019-10-26,Active,94362.0,40.0,3
EMP-007707,Support,London,2023-03-20,Active,84996.0,40.0,3
EMP-007708,It,London,2015-02-21,Active,101481.0,40.0,2
EMP-007709,Hr,New York,2020-10-13,Active,51621.0,40.0,3
EMP-007710,Support,Remote,2015-08-31,Active,97641.0,40.0,4
EMP-007711,Sales,Chicago,2015-01-22,Terminated,28435.0,30.0,2
EMP-007712,Support,New York,2016-05-10,Active,76078.0,40.0,5
EMP-007713,Support,San Francisco,2018-10-22,Active,61352.0,40.0,5
EMP-007714,Hr,London,2022-03-22,Active,39886.0,40.0,4
EMP-007715,Hr,Remote,2017-07-15,Active,52662.0,30.0,3
EMP-007716,Support,London,2020-08-18,Active,58984.0,40.0,4
EMP-007717,Sales,San Francisco,2018-09-13,Active,70086.0,40.0,2
EMP-007718,It,Remote,2017-02-09,Active,61879.0,40.0,5
EMP-007719,Sales,London,2019-08-18,Active,77001.0,30.0,4
EMP-007720,Hr,San Francisco,2022-03-06,Active,54246.0,40.0,3
EMP-007721,Sales,San Francisco,2022-06-29,Active,63079.0,30.0,4
EMP-007722,Sales,London,2022-08-14,On Leave,67773.0,30.0,3
EMP-007723,Finance,London,2018-01-17,Active,79552.0,40.0,5
EMP-007724,Finance,Remote,2022-02-21,Active,74928.5,40.0,2
EMP-007725,Sales,New York,2016-11-28,On Leave,96342.0,20.0,4
EMP-007726,It,New York,2021-08-24,Active,80937.0,30.0,3
EMP-007727,Support,Remote,2023-07-15,Active,85756.0,0.0,4
EMP-007728,It,Chicago,2015-02-15,Active,82797.0,40.0,1
EMP-007729,Sales,London,2018-12-18,Terminated,67134.0,40.0,3
EMP-007730,Support,Remote,2020-10-30,Terminated,97515.0,40.0,3
EMP-007731,Sales,New York,2021-04-25,Active,74928.5,30.0,5
EMP-007732,Hr,New York,2016-08-01,Terminated,23796.0,40.0,3
EMP-007733,Finance,Remote,2023-10-01,Active,48963.0,40.0,3
EMP-007734,Marketing,London,2020-07-15,Active,110078.0,40.0,3
EMP-007735,It,Remote,2016-06-24,Active,67614.0,40.0,5
EMP-007736,Sales,New York,2015-03-09,Terminated,81853.0,40.0,3
EMP-007737,Marketing,Chicago,2022-01-18,Active,68151.0,20.0,3
EMP-007738,Finance,London,2015-09-19,Active,89042.0,20.0,5
EMP-007739,Sales,San Francisco,2016-04-08,Active,76768.0,30.0,4
EMP-007740,It,Remote,2020-03-04,Terminated,73285.0,40.0,4
EMP-007741,It,San Francisco,2020-06-06,Terminated,90344.0,40.0,3
EMP-007742,Marketing,London,2021-03-07,Active,63358.0,40.0,3
EMP-007743,Hr,London,2018-07-17,Terminated,84302.0,40.0,4
EMP-007744,Sales,London,2021-12-18,Active,70632.0,40.0,1
EMP-007745,Support,Remote,2023-10-08,Terminated,72314.0,0.0,3
EMP-007746,Sales,Remote,2017-06-10,Active,54535.0,20.0,5
EMP-007747,Hr,London,2021-04-29,Active,69601.0,40.0,4
EMP-007748,Sales,Chicago,2023-05-10,Active,61469.0,40.0,3
EMP-007749,Marketing,Chicago,2021-03-05,Active,103248.0,40.0,3
EMP-007750,Hr,San Francisco,2021-02-16,Terminated,32898.0,35.0,3
EMP-007751,Finance,San Francisco,2017-01-05,Terminated,97231.0,40.0,3
EMP-007752,It,London,2019-10-25,Terminated,31394.0,40.0,3
EMP-007753,Hr,San Francisco,2020-01-24,Active,88430.0,20.0,5
EMP-007754,Sales,Remote,2021-04-20,Terminated,54057.0,40.0,3
EMP-007755,Finance,New York,2023-12-21,Active,89158.0,40.0,3
EMP-007756,It,San Francisco,2015-04-21,Active,71966.0,40.0,3
EMP-007757,It,London,2015-08-03,Active,74928.5,40.0,4
EMP-007758,Support,San Francisco,2015-09-14,Active,108965.0,40.0,3
EMP-007759,Marketing,London,2021-09-08,Terminated,94416.0,40.0,4
EMP-007760,Sales,Remote,2016-03-24,Active,87579.0,40.0,3
EMP-007761,Sales,New York,2020-08-07,Active,58991.0,40.0,3
EMP-007762,It,New York,2017-12-03,Active,95277.0,40.0,5
EMP-007763,Support,London,2019-02-12,Active,42919.0,40.0,3
EMP-007764,It,Remote,2016-12-09,Active,19309.0,40.0,3
EMP-007765,Sales,Remote,2022-10-17,Terminated,35942.0,40.0,3
EMP-007766,It,Chicago,2020-04-10,Active,51950.0,20.0,3
EMP-007767,Finance,Remote,2023-07-02,Active,56129.0,40.0,2
EMP-007768,It,London,2020-03-03,Active,64129.0,40.0,5
EMP-007769,Sales,Remote,2016-02-12,On Leave,65239.0,40.0,3
EMP-007770,It,London,2016-07-15,Active,58754.0,40.0,2
EMP-007771,Sales,Remote,2023-11-26,Active,22092.0,40.0,3
EMP-007772,Hr,New York,2021-07-12,On Leave,79803.0,40.0,3
EMP-007773,Support,London,2015-06-11,Active,68383.0,40.0,3
EMP-007774,It,London,2021-05-02,Active,57591.0,0.0,3
EMP-007775,It,London,2018-09-16,Active,109951.0,40.0,3
EMP-007776,Finance,Remote,2017-10-06,Active,68946.0,40.0,3
EMP-007777,Sales,New York,2016-05-21,Active,76463.0,40.0,4
EMP-007778,Sales,Remote,2022-07-23,Active,94896.0,40.0,3
EMP-007779,Support,London,2015-07-29,Active,37753.0,40.0,2
EMP-007780,Marketing,London,2017-08-10,Terminated,74435.0,40.0,5
EMP-007781,It,New York,2017-10-04,Terminated,94814.0,40.0,3
EMP-007782,Marketing,London,2016-06-12,Terminated,72717.0,40.0,2
EMP-007783,It,Remote,2019-07-29,Active,42416.0,40.0,3
EMP-007784,It,Remote,2015-02-08,Active,74928.5,40.0,3
EMP-007785,Finance,Remote,2017-09-16,Terminated,79725.0,40.0,3
EMP-007786,Finance,New York,2023-05-27,Terminated,22328.0,40.0,3
EMP-007787,Finance,San Francisco,2017-10-17,Terminated,41183.0,0.0,3
EMP-007788,It,San Francisco,2018-03-30,Terminated,124338.0,30.0,3
EMP-007789,Hr,London,2019-04-05,On Leave,87115.0,40.0,4
EMP-007790,It,London,2020-01-21,Active,112087.0,40.0,2
EMP-007791,Support,London,2022-04-12,Active,96658.0,40.0,2
EMP-007792,Marketing,Remote,2016-09-17,Active,84850.0,0.0,3
EMP-007793,Finance,London,2022-11-05,Active,67273.0,40.0,2
EMP-007794,It,New York,2021-10-26,Active,84530.0,40.0,5
EMP-007795,Finance,London,2021-07-03,Terminated,111249.0,40.0,4
EMP-007796,Marketing,Chicago,2015-10-13,Active,74928.5,40.0,2
EMP-007797,Marketing,San Francisco,2015-03-13,Terminated,79170.0,40.0,3
EMP-007798,Sales,London,2020-05-06,Active,70691.0,35.0,3
EMP-007799,It,London,2022-10-08,Active,74928.5,40.0,3
EMP-007800,Finance,Remote,2020-04-05,On Leave,61699.0,40.0,3
EMP-007801,Marketing,London,2016-12-01,Active,87462.0,40.0,2
EMP-007802,Hr,Chicago,2015-10-25,Active,57551.0,40.0,4
EMP-007803,Hr,San Francisco,2021-04-18,Active,66152.0,40.0,3
EMP-007804,Finance,Remote,2021-06-30,On Leave,49307.0,40.0,3
EMP-007805,It,New York,2016-07-21,Terminated,64006.0,30.0,4
EMP-007806,Marketing,London,2015-04-03,Active,57907.0,40.0,2
EMP-007807,Sales,New York,2018-09-04,On Leave,117298.0,20.0,3
EMP-007808,It,San Francisco,2020-03-30,Terminated,52638.0,20.0,3
EMP-007809,It,London,2021-05-09,Active,84621.0,40.0,2
EMP-007810,It,New York,2022-04-16,Active,74928.5,40.0,3
EMP-007811,Sales,Chicago,2020-06-29,Active,76172.0,40.0,3
EMP-007812,It,London,2015-12-31,Active,82248.0,40.0,3
EMP-007813,Sales,San Francisco,2021-02-21,Terminated,74928.5,40.0,3
EMP-007814,Sales,London,2023-11-09,Active,40057.0,40.0,3
EMP-007815,Finance,Remote,2023-02-24,Active,51133.0,20.0,3
EMP-007816,It,London,2022-11-05,Active,42419.0,40.0,2
EMP-007817,Hr,New York,2017-09-20,Active,77102.0,40.0,3
EMP-007818,Marketing,New York,2021-10-03,Terminated,81065.0,40.0,5
EMP-007819,Sales,Remote,2022-08-29,Active,48423.0,40.0,5
EMP-007820,Sales,Chicago,2021-02-07,Terminated,78105.0,0.0,5
EMP-007821,Support,Remote,2017-04-03,Active,64398.0,40.0,3
EMP-007822,It,San Francisco,2023-08-02,Terminated,74928.5,40.0,2
EMP-007823,Support,Remote,2019-01-21,Active,59289.0,40.0,4
EMP-007824,It,New York,2016-03-02,Active,87191.0,40.0,5
EMP-007825,Support,Chicago,2015-12-27,Terminated,115873.0,20.0,1
EMP-007826,Support,Chicago,2020-10-29,Active,94358.0,20.0,1
EMP-007827,Sales,Remote,2018-12-09,Active,109835.0,40.0,3
EMP-007828,Sales,Remote,2015-11-07,Active,39929.0,40.0,1
EMP-007829,Hr,San Francisco,2021-08-30,Active,58107.0,40.0,3
EMP-007830,It,New York,2022-03-12,On Leave,89131.0,40.0,3
EMP-007831,Hr,London,2021-07-12,Active,74928.5,40.0,2
EMP-007832,Sales,Chicago,2016-10-26,Active,91261.0,40.0,4
EMP-007833,Sales,Remote,2021-03-17,Active,49344.0,20.0,2
EMP-007834,Support,Remote,2015-02-05,Active,64134.0,35.0,3
EMP-007835,Finance,San Francisco,2017-09-29,Active,83335.0,35.0,4
EMP-007836,Sales,San Francisco,2018-08-03,On Leave,70884.0,40.0,3
EMP-007837,Marketing,London,2022-07-08,Active,55031.0,40.0,3
EMP-007838,Sales,New York,2018-07-07,Terminated,67744.0,40.0,1
EMP-007839,Marketing,Chicago,2015-02-07,Active,74639.0,40.0,4
EMP-007840,Support,New York,2018-03-04,Terminated,47877.0,40.0,4
EMP-007841,Marketing,Remote,2019-06-28,Active,99613.0,40.0,2
EMP-007842,Sales,London,2023-07-17,Active,64010.0,40.0,5
EMP-007843,Hr,London,2023-06-21,Terminated,73186.0,35.0,3
EMP-007844,Marketing,London,2016-08-17,Active,100876.0,40.0,3
EMP-007845,Sales,San Francisco,2016-08-31,Active,71875.0,40.0,3
EMP-007846,It,Chicago,2016-06-21,Active,99509.0,40.0,3
EMP-007847,Support,New York,2022-02-06,Terminated,49270.0,20.0,3
EMP-007848,Finance,New York,2015-01-20,Active,85824.0,30.0,3
EMP-007849,Support,Remote,2016-02-23,Active,95983.0,40.0,4
EMP-007850,It,London,2019-11-04,Terminated,54253.0,40.0,5
EMP-007851,Support,Chicago,2017-03-24,Active,70541.0,40.0,4
EMP-007852,Sales,Chicago,2015-10-31,Active,71058.0,40.0,4
EMP-007853,Hr,Remote,2018-03-28,Terminated,80241.0,40.0,2
EMP-007854,Hr,Remote,2017-06-20,Active,86870.0,40.0,3
EMP-007855,It,Chicago,2019-08-07,Active,52220.0,40.0,2
EMP-007856,Marketing,Chicago,2023-10-24,Terminated,73499.0,35.0,4
EMP-007857,Sales,New York,2016-02-13,Active,114783.0,40.0,4
EMP-007858,It,Remote,2018-05-10,Active,101347.0,40.0,3
EMP-007859,Sales,Chicago,2023-05-22,Active,94846.0,20.0,4
EMP-007860,Support,Chicago,2022-11-22,Terminated,70181.0,40.0,3
EMP-007861,Sales,New York,2018-07-19,Active,128221.0,20.0,3
EMP-007862,Sales,Chicago,2021-04-16,Active,100745.0,40.0,3
EMP-007863,It,New York,2015-10-16,Active,75935.0,40.0,3
EMP-007864,It,Remote,2021-05-31,Active,80510.0,40.0,3
EMP-007865,Support,San Francisco,2023-10-03,Terminated,63529.0,40.0,3
EMP-007866,Finance,London,2019-11-02,Active,84834.0,40.0,3
EMP-007867,It,New York,2019-06-27,Active,89827.0,20.0,4
EMP-007868,Finance,New York,2016-09-07,Active,92565.0,35.0,3
EMP-007869,It,Chicago,2020-09-14,Active,70483.0,40.0,4
EMP-007870,Hr,New York,2020-04-24,Active,38158.0,40.0,4
EMP-007871,Sales,Remote,2020-11-12,Active,81045.0,40.0,2
EMP-007872,It,London,2015-03-27,Active,92670.0,20.0,3
EMP-007873,Marketing,London,2019-12-09,Active,50536.0,30.0,3
EMP-007874,Sales,Remote,2020-05-09,Terminated,72729.0,40.0,3
EMP-007875,Hr,New York,2016-11-13,Active,108537.0,40.0,4
EMP-007876,It,Remote,2016-11-15,Active,44913.0,40.0,3
EMP-007877,Finance,Chicago,2017-06-26,Terminated,74928.5,0.0,4
EMP-007878,Sales,Chicago,2021-05-28,Active,112178.0,40.0,5
EMP-007879,Sales,London,2020-06-15,Active,78943.0,40.0,4
EMP-007880,It,San Francisco,2022-08-12,Terminated,61850.0,40.0,3
EMP-007881,Sales,Remote,2017-08-29,Active,74824.0,40.0,3
EMP-007882,It,Remote,2023-03-17,Terminated,95648.0,40.0,4
EMP-007883,Marketing,Remote,2021-09-10,Terminated,69912.0,30.0,3
EMP-007884,It,London,2018-07-22,Active,89940.0,20.0,3
EMP-007885,Sales,London,2015-11-10,Terminated,80875.0,40.0,3
EMP-007886,Marketing,Chicago,2017-04-24,Active,82927.0,40.0,3
EMP-007887,It,San Francisco,2023-08-11,Active,91539.0,40.0,1
EMP-007888,Marketing,Chicago,2017-10-17,Active,67629.0,40.0,3
EMP-007889,It,San Francisco,2017-12-20,Active,51387.0,40.0,3
EMP-007890,It,London,2016-09-15,Active,86860.0,40.0,3
EMP-007891,Sales,Remote,2022-04-06,Active,71690.0,0.0,1
EMP-007892,Sales,London,2017-06-25,Terminated,63797.0,40.0,5
EMP-007893,Marketing,London,2017-12-21,Active,88160.0,40.0,2
EMP-007894,Support,Chicago,2018-09-23,Active,106934.0,40.0,3
EMP-007895,Hr,Remote,2018-11-26,Active,71136.0,40.0,4
EMP-007896,Sales,New York,2018-09-14,Active,75211.0,0.0,5
EMP-007897,It,Remote,2019-07-14,Active,45456.0,40.0,3
EMP-007898,It,Remote,2022-05-01,Terminated,69433.0,40.0,3
EMP-007899,Support,New York,2022-05-16,Active,80532.0,40.0,3
EMP-007900,Support,Remote,2022-03-09,Active,74489.0,40.0,5
EMP-007901,Support,London,2015-11-29,Active,65946.0,40.0,2
EMP-007902,Finance,London,2022-03-13,Terminated,93146.0,40.0,2
EMP-007903,Finance,Remote,2016-01-31,Active,76450.0,0.0,2
EMP-007904,Marketing,New York,2016-02-14,Active,139720.0,40.0,3
EMP-007905,Finance,San Francisco,2023-07-13,Terminated,80193.0,40.0,5
EMP-007906,It,Remote,2022-05-17,Active,6337.0,40.0,3
EMP-007907,It,Chicago,2019-12-21,Terminated,47199.0,20.0,3
EMP-007908,Sales,London,2022-11-16,Terminated,88303.0,40.0,3
EMP-007909,Sales,Remote,2023-11-27,Active,58917.0,40.0,3
EMP-007910,Marketing,Chicago,2020-06-30,On Leave,60469.0,40.0,3
EMP-007911,Sales,London,2020-07-07,Terminated,44019.0,20.0,2
EMP-007912,It,New York,2021-10-15,Active,63082.0,35.0,1
EMP-007913,Hr,Chicago,2017-02-02,Active,79848.0,40.0,3
EMP-007914,Sales,Chicago,2016-07-03,Active,84646.0,40.0,4
EMP-007915,It,Remote,2021-11-01,Active,49503.0,40.0,3
EMP-007916,It,New York,2018-02-07,Active,95135.0,40.0,3
EMP-007917,Marketing,Chicago,2016-03-19,Active,45216.0,20.0,3
EMP-007918,Support,London,2017-11-01,Active,74928.5,20.0,4
EMP-007919,Support,New York,2018-03-24,Terminated,83426.0,40.0,4
EMP-007920,Sales,London,2023-09-08,Terminated,51641.0,40.0,4
EMP-007921,Sales,Remote,2021-04-13,Active,48667.0,20.0,5
EMP-007922,Support,Remote,2019-10-11,Active,84557.0,40.0,2
EMP-007923,It,London,2023-09-20,Active,61003.0,40.0,3
EMP-007924,Support,San Francisco,2023-02-16,Active,70238.0,40.0,3
EMP-007925,Finance,Remote,2019-08-10,Terminated,92183.0,40.0,3
EMP-007926,Support,Chicago,2023-02-24,Active,86978.0,20.0,2
EMP-007927,It,New York,2018-08-21,Active,52101.0,40.0,3
EMP-007928,Sales,Remote,2017-01-27,Active,73661.0,40.0,4
EMP-007929,Marketing,London,2017-02-03,Active,51632.0,40.0,1
EMP-007930,Sales,Chicago,2020-12-17,Active,74928.5,40.0,4
EMP-007931,Hr,Remote,2019-07-06,Active,113413.0,20.0,3
EMP-007932,Support,Remote,2020-12-05,Active,53873.0,40.0,3
EMP-007933,It,London,2021-03-05,Active,74221.0,40.0,4
EMP-007934,It,London,2015-03-15,Active,97937.0,40.0,4
EMP-007935,Sales,London,2015-06-27,Active,75605.0,40.0,3
EMP-007936,It,London,2019-10-17,On Leave,89038.0,40.0,3
EMP-007937,Hr,London,2016-09-19,Active,76290.0,40.0,3
EMP-007938,Hr,London,2020-09-10,Active,48580.0,35.0,3
EMP-007939,Finance,San Francisco,2019-12-21,Terminated,77973.0,40.0,4
EMP-007940,Hr,Remote,2020-04-09,On Leave,103182.0,0.0,3
EMP-007941,It,San Francisco,2017-09-21,Active,82857.0,40.0,3
EMP-007942,Marketing,Remote,2020-10-04,Active,115592.0,20.0,3
EMP-007943,It,Remote,2022-06-19,Active,30712.0,40.0,3
EMP-007944,It,London,2023-12-25,Active,84476.0,40.0,3
EMP-007945,Support,San Francisco,2022-07-18,Active,58800.0,40.0,2
EMP-007946,Support,Chicago,2020-01-07,Terminated,53109.0,40.0,1
EMP-007947,Support,Remote,2016-09-27,Terminated,108360.0,40.0,3
EMP-007948,It,London,2021-02-17,Terminated,68625.0,40.0,5
EMP-007949,It,New York,2023-06-10,Active,66211.0,40.0,2
EMP-007950,Sales,Remote,2016-11-27,On Leave,83589.0,40.0,3
EMP-007951,It,Remote,2017-04-21,Active,21187.0,30.0,3
EMP-007952,It,Remote,2016-05-04,Active,108872.0,40.0,4
EMP-007953,It,Chicago,2021-08-18,Terminated,122611.0,40.0,3
EMP-007954,It,Remote,2018-08-29,Active,97878.0,40.0,3
EMP-007955,Marketing,London,2015-07-26,Active,85300.0,40.0,4
EMP-007956,It,Remote,2022-11-15,Terminated,69586.0,40.0,5
EMP-007957,Sales,Remote,2020-01-08,Active,48120.0,40.0,4
EMP-007958,Hr,London,2017-12-24,Active,104852.0,40.0,3
EMP-007959,Hr,Chicago,2018-02-04,Active,97909.0,40.0,3
EMP-007960,Finance,Chicago,2017-08-12,Terminated,86253.0,40.0,4
EMP-007961,Marketing,San Francisco,2019-02-06,Active,83341.0,40.0,3
EMP-007962,Support,London,2018-01-12,Active,82515.0,20.0,3
EMP-007963,Sales,London,2019-12-07,Active,61852.0,30.0,5
EMP-007964,It,San Francisco,2021-12-17,Terminated,137529.0,40.0,5
EMP-007965,Finance,London,2021-01-25,Active,67859.0,40.0,5
EMP-007966,Sales,Remote,2017-08-25,Active,64332.0,40.0,3
EMP-007967,Sales,San Francisco,2019-10-04,Active,103015.0,35.0,3
EMP-007968,Hr,San Francisco,2022-07-24,Active,74270.0,40.0,3
EMP-007969,Finance,London,2015-08-13,Active,74525.0,40.0,4
EMP-007970,Sales,New York,2015-09-15,Active,110364.0,40.0,3
EMP-007971,Finance,London,2020-01-03,Active,91965.0,30.0,3
EMP-007972,It,Remote,2020-10-01,Terminated,74928.5,40.0,3
EMP-007973,Sales,New York,2016-11-25,On Leave,39557.0,40.0,4
EMP-007974,Hr,San Francisco,2021-09-15,Active,85014.0,40.0,4
EMP-007975,Hr,New York,2020-10-25,Active,49860.0,20.0,3
EMP-007976,Marketing,Remote,2023-04-23,Active,63625.0,40.0,4
EMP-007977,Finance,Chicago,2016-07-09,Active,79391.0,35.0,3
EMP-007978,It,New York,2021-10-05,Active,74095.0,0.0,5
EMP-007979,Hr,Remote,2015-10-02,Active,91355.0,20.0,3
EMP-007980,Finance,Chicago,2020-02-02,Active,94267.0,40.0,3
EMP-007981,Marketing,Remote,2019-12-20,Active,74928.5,30.0,4
EMP-007982,It,Remote,2018-06-30,Active,41395.0,40.0,2
EMP-007983,Sales,London,2022-08-08,Active,134066.0,20.0,3
EMP-007984,Marketing,Chicago,2015-01-15,Active,74386.0,40.0,5
EMP-007985,It,London,2019-09-06,Active,105323.0,35.0,4
EMP-007986,It,Remote,2016-12-14,Terminated,12142.0,40.0,5
EMP-007987,Finance,Chicago,2021-09-09,Active,68367.0,40.0,3
EMP-007988,Hr,Chicago,2015-05-22,Active,38483.0,40.0,3
EMP-007989,Hr,London,2022-06-26,Terminated,53466.0,40.0,2
EMP-007990,Finance,Remote,2022-07-17,Terminated,76264.0,40.0,3
EMP-007991,Finance,Remote,2022-06-30,Terminated,66631.0,40.0,2
EMP-007992,Finance,New York,2016-05-16,Active,107850.0,40.0,3
EMP-007993,Support,London,2020-09-03,Terminated,119225.0,40.0,1
EMP-007994,It,London,2015-02-17,Terminated,50829.0,0.0,3
EMP-007995,Hr,Remote,2022-08-19,Terminated,74928.5,40.0,5
EMP-007996,It,Remote,2021-07-04,Active,49223.0,40.0,4
EMP-007997,Marketing,Chicago,2019-10-12,Active,103898.0,40.0,3
EMP-007998,Hr,London,2021-07-29,Terminated,78976.0,40.0,3
EMP-007999,Support,San Francisco,2015-11-07,Active,75808.0,20.0,3
EMP-008000,Finance,London,2019-10-04,Terminated,82812.0,40.0,2
EMP-008001,It,New York,2017-08-15,Terminated,67221.0,40.0,5
EMP-008002,Finance,London,2023-10-03,Active,53588.0,40.0,4
EMP-008003,Sales,New York,2022-09-18,Active,76276.0,35.0,4
EMP-008004,Finance,Remote,2021-08-07,Terminated,74928.5,40.0,4
EMP-008005,Support,Chicago,2023-05-28,Terminated,83676.0,35.0,3
EMP-008006,It,Remote,2018-02-14,Terminated,34201.0,20.0,4
EMP-008007,Hr,Remote,2023-02-09,Active,79659.0,20.0,3
EMP-008008,Finance,San Francisco,2017-12-05,Active,57769.0,0.0,3
EMP-008009,Hr,London,2021-08-05,Active,78783.0,40.0,3
EMP-008010,Sales,London,2021-08-17,Active,97627.0,40.0,5
EMP-008011,Marketing,London,2015-03-02,Active,61094.0,40.0,1
EMP-008012,It,London,2018-04-01,Terminated,74928.5,40.0,2
EMP-008013,Hr,London,2015-03-05,On Leave,31481.0,40.0,5
EMP-008014,It,London,2023-12-22,Active,113596.0,40.0,3
EMP-008015,Marketing,Remote,2016-02-06,Terminated,105962.0,40.0,3
EMP-008016,Sales,London,2019-11-20,Active,52835.0,40.0,4
EMP-008017,Sales,London,2022-02-11,Terminated,53044.0,40.0,5
EMP-008018,It,Chicago,2016-10-23,Active,37626.0,40.0,4
EMP-008019,Finance,New York,2019-05-14,Terminated,98034.0,40.0,4
EMP-008020,Marketing,Remote,2020-06-19,Terminated,66740.0,40.0,4
EMP-008021,Hr,Chicago,2016-06-10,Active,64906.0,20.0,3
EMP-008022,Marketing,Remote,2022-01-03,Terminated,46930.0,40.0,3
EMP-008023,Finance,Chicago,2017-09-10,Active,120299.0,40.0,3
EMP-008024,Support,Chicago,2016-11-24,Terminated,50681.0,40.0,4
EMP-008025,It,Remote,2020-01-10,Terminated,75604.0,40.0,5
EMP-008026,It,Chicago,2018-09-10,Active,80399.0,40.0,3
EMP-008027,Finance,New York,2023-04-13,Active,65033.0,35.0,3
EMP-008028,Support,Remote,2022-12-02,Active,59978.0,40.0,3
EMP-008029,Marketing,San Francisco,2019-05-08,Terminated,65768.0,40.0,3
EMP-008030,Marketing,London,2018-03-26,Active,89133.0,40.0,4
EMP-008031,Finance,Remote,2017-12-05,Active,66324.0,40.0,2
EMP-008032,Hr,Remote,2017-05-29,Active,115639.0,20.0,4
EMP-008033,Marketing,London,2019-11-25,Active,55574.0,40.0,5
EMP-008034,Hr,New York,2022-03-30,Active,74928.5,40.0,4
EMP-008035,Hr,San Francisco,2017-10-18,Active,31090.0,40.0,1
EMP-008036,It,New York,2016-09-16,Active,55577.0,40.0,4
EMP-008037,Hr,New York,2019-04-12,Active,54593.0,40.0,4
EMP-008038,Sales,London,2015-08-15,On Leave,47402.0,40.0,5
EMP-008039,It,San Francisco,2021-04-24,Active,82087.0,40.0,1
EMP-008040,Support,London,2019-08-31,Active,72245.0,40.0,3
EMP-008041,Support,New York,2019-06-20,Active,18029.0,40.0,4
EMP-008042,Marketing,London,2017-09-14,Active,124888.0,40.0,4
EMP-008043,Marketing,Remote,2023-02-21,Active,79400.0,0.0,4
EMP-008044,Hr,London,2015-10-25,Active,75029.0,40.0,4
EMP-008045,It,Chicago,2022-10-30,Active,107753.0,30.0,1
EMP-008046,It,Remote,2018-05-23,Active,99722.0,30.0,4
EMP-008047,Sales,London,2022-12-04,Active,67546.0,40.0,3
EMP-008048,Hr,London,2021-07-23,Active,26187.0,40.0,3
EMP-008049,Sales,London,2015-12-09,Terminated,89110.0,30.0,4
EMP-008050,Sales,London,2022-06-26,Terminated,50929.0,40.0,3
EMP-008051,Hr,New York,2021-02-20,Active,105982.0,40.0,4
EMP-008052,It,London,2015-04-17,Active,55596.0,20.0,3
EMP-008053,It,San Francisco,2016-03-15,Active,63703.0,40.0,2
EMP-008054,Finance,London,2020-09-20,Active,41420.0,40.0,5
EMP-008055,Hr,London,2020-12-17,Terminated,43443.0,40.0,3
EMP-008056,It,Chicago,2021-09-20,Active,72273.0,40.0,4
EMP-008057,Marketing,Chicago,2021-06-25,Active,69944.0,40.0,4
EMP-008058,Support,Remote,2020-12-07,Active,63103.0,30.0,3
EMP-008059,Finance,Remote,2021-11-23,Terminated,126325.0,40.0,4
EMP-008060,Marketing,Chicago,2020-03-05,Active,90091.0,40.0,3
EMP-008061,It,San Francisco,2017-05-07,Terminated,75256.0,30.0,3
EMP-008062,Hr,Remote,2023-03-18,Active,6067.0,30.0,4
EMP-008063,Finance,Remote,2015-03-01,Active,95644.0,40.0,4
EMP-008064,Hr,Remote,2018-04-19,Active,149863.0,40.0,5
EMP-008065,It,San Francisco,2021-07-23,Active,70301.0,40.0,4
EMP-008066,Finance,Chicago,2018-11-05,Active,54737.0,40.0,3
EMP-008067,It,Remote,2015-03-23,Active,79083.0,40.0,3
EMP-008068,Sales,London,2015-08-05,Active,39215.0,40.0,4
EMP-008069,It,Chicago,2020-11-02,Active,86552.0,30.0,2
EMP-008070,It,Remote,2023-09-07,Active,112505.0,30.0,5
EMP-008071,It,San Francisco,2019-12-19,On Leave,58227.0,40.0,3
EMP-008072,Hr,Remote,2019-07-24,Active,59034.0,40.0,4
EMP-008073,Support,San Francisco,2017-11-12,Active,73008.0,40.0,1
EMP-008074,It,Remote,2017-04-23,Active,62470.0,30.0,3
EMP-008075,Marketing,San Francisco,2015-03-10,Active,37192.0,40.0,3
EMP-008076,It,Remote,2017-06-16,On Leave,74928.5,40.0,2
EMP-008077,Sales,Remote,2019-01-16,Terminated,60325.0,20.0,4
EMP-008078,Support,San Francisco,2016-10-12,Active,109164.0,40.0,5
EMP-008079,Sales,New York,2015-10-15,Active,103884.0,40.0,3
EMP-008080,Finance,London,2021-06-17,Active,109933.0,20.0,5
EMP-008081,Finance,Chicago,2023-01-19,Active,95043.0,40.0,1
EMP-008082,It,Remote,2023-06-07,Terminated,80145.0,20.0,4
EMP-008083,Support,London,2020-07-24,Active,53140.0,40.0,3
EMP-008084,It,Chicago,2015-06-23,Terminated,108153.0,40.0,3
EMP-008085,Finance,Chicago,2021-09-01,Active,83695.0,40.0,3
EMP-008086,Sales,Remote,2015-12-28,Terminated,43799.0,20.0,3
EMP-008087,It,London,2021-01-10,Active,52153.0,35.0,3
EMP-008088,Support,Remote,2022-01-05,Active,43406.0,40.0,3
EMP-008089,Hr,Remote,2021-07-13,Terminated,23699.0,40.0,5
EMP-008090,It,Remote,2023-07-26,Active,84713.0,40.0,4
EMP-008091,It,San Francisco,2021-08-23,Terminated,44053.0,40.0,3
EMP-008092,It,New York,2021-03-28,Terminated,56101.0,40.0,3
EMP-008093,Hr,New York,2017-05-10,Terminated,75971.0,20.0,3
EMP-008094,Sales,New York,2023-04-28,Active,70303.0,40.0,1
EMP-008095,Sales,London,2016-08-13,Terminated,57164.0,20.0,4
EMP-008096,Sales,London,2023-02-22,Terminated,74928.5,40.0,3
EMP-008097,Sales,Remote,2017-10-24,Active,36834.0,40.0,5
EMP-008098,Sales,London,2016-03-03,Active,37916.0,40.0,3
EMP-008099,Marketing,New York,2022-06-10,Terminated,74928.5,40.0,3
EMP-008100,It,Remote,2015-01-09,Terminated,59347.0,40.0,4
EMP-008101,Finance,London,2022-06-28,Active,58369.0,40.0,3
EMP-008102,It,New York,2017-05-12,Terminated,48024.0,35.0,1
EMP-008103,Support,London,2022-12-18,Terminated,83455.0,40.0,2
EMP-008104,Sales,London,2021-03-22,Active,80641.0,40.0,4
EMP-008105,Sales,San Francisco,2020-12-29,Terminated,77978.0,40.0,3
EMP-008106,Support,San Francisco,2018-04-15,Active,60426.0,35.0,3
EMP-008107,It,San Francisco,2015-07-15,Active,56224.0,40.0,2
EMP-008108,Finance,Remote,2022-06-21,Active,70923.0,40.0,3
EMP-008109,Hr,San Francisco,2016-07-15,Active,99163.0,40.0,4
EMP-008110,It,Chicago,2018-05-08,Active,114204.0,40.0,3
EMP-008111,It,New York,2020-05-27,Terminated,102784.0,40.0,3
EMP-008112,It,San Francisco,2019-05-05,Active,87643.0,20.0,3
EMP-008113,It,London,2016-10-14,On Leave,99554.0,40.0,3
EMP-008114,Hr,Chicago,2016-04-07,Terminated,45452.0,40.0,5
EMP-008115,It,Chicago,2016-02-10,On Leave,57156.0,20.0,3
EMP-008116,Sales,Chicago,2022-10-07,Terminated,88110.0,0.0,4
EMP-008117,Sales,Remote,2015-04-14,Terminated,72046.0,40.0,4
EMP-008118,Support,London,2023-10-17,Active,83438.0,0.0,5
EMP-008119,Hr,Remote,2016-10-14,Active,99487.0,40.0,3
EMP-008120,Sales,Chicago,2015-12-29,Active,95601.0,35.0,2
EMP-008121,Sales,Remote,2020-03-11,Terminated,47726.0,20.0,1
EMP-008122,It,San Francisco,2015-09-20,Active,75296.0,40.0,3
EMP-008123,Hr,New York,2020-06-03,Active,51979.0,40.0,3
EMP-008124,Finance,London,2022-08-28,On Leave,55567.0,40.0,4
EMP-008125,It,Remote,2015-06-07,Terminated,32228.0,40.0,3
EMP-008126,It,London,2022-03-14,On Leave,78340.0,40.0,4
EMP-008127,It,Remote,2018-07-20,Active,30381.0,30.0,3
EMP-008128,It,San Francisco,2016-06-08,Active,84853.0,40.0,3
EMP-008129,Sales,San Francisco,2016-08-01,Active,108961.0,40.0,3
EMP-008130,Hr,London,2023-04-08,Active,88258.0,20.0,3
EMP-008131,Hr,London,2015-12-30,Active,76297.0,40.0,1
EMP-008132,Support,London,2022-10-20,Active,113361.0,20.0,3
EMP-008133,It,San Francisco,2019-11-24,Active,83186.0,40.0,3
EMP-008134,Support,London,2015-05-09,Active,53431.0,20.0,1
EMP-008135,Sales,San Francisco,2019-03-07,Active,78128.0,20.0,3
EMP-008136,It,Remote,2022-05-10,Active,123992.0,40.0,3
EMP-008137,Support,London,2021-07-15,Terminated,47684.0,20.0,3
EMP-008138,Support,London,2019-05-26,Terminated,40497.0,40.0,3
EMP-008139,Finance,Remote,2022-09-27,Terminated,90373.0,40.0,5
EMP-008140,Support,Remote,2016-01-31,Active,69399.0,40.0,3
EMP-008141,Hr,London,2023-03-10,Terminated,61700.0,40.0,5
EMP-008142,Support,London,2022-08-14,Active,43521.0,30.0,4
EMP-008143,It,San Francisco,2021-05-17,Active,74928.5,40.0,1
EMP-008144,Support,Chicago,2022-05-12,Active,38589.0,40.0,5
EMP-008145,Sales,San Francisco,2019-11-23,Active,115373.0,40.0,3
EMP-008146,Marketing,New York,2021-01-28,Terminated,74778.0,40.0,3
EMP-008147,It,London,2020-01-17,Active,25941.0,40.0,3
EMP-008148,Sales,Remote,2018-03-14,Active,104602.0,40.0,3
EMP-008149,Sales,London,2020-02-13,Active,105871.0,40.0,3
EMP-008150,It,London,2017-04-26,Terminated,105731.0,40.0,3
EMP-008151,Hr,New York,2018-12-18,On Leave,64437.0,20.0,5
EMP-008152,Marketing,Remote,2017-07-11,Terminated,68280.0,40.0,3
EMP-008153,Marketing,Remote,2016-02-08,Active,78441.0,40.0,5
EMP-008154,Hr,Remote,2017-11-23,Active,110026.0,40.0,5
EMP-008155,Marketing,San Francisco,2022-09-01,Terminated,61127.0,40.0,3
EMP-008156,Hr,Chicago,2018-06-06,Terminated,56140.0,40.0,3
EMP-008157,Sales,San Francisco,2021-09-24,Active,92392.0,20.0,3
EMP-008158,Sales,London,2016-07-29,Terminated,105231.0,40.0,2
EMP-008159,Finance,Remote,2018-10-27,Active,73680.0,20.0,4
EMP-008160,It,Remote,2016-01-13,Active,91761.0,35.0,3
EMP-008161,Hr,Chicago,2016-03-31,Active,77811.0,40.0,3
EMP-008162,It,London,2020-07-22,Active,68719.0,20.0,4
EMP-008163,Sales,London,2020-06-19,Active,54268.0,20.0,3
EMP-008164,Sales,Chicago,2016-12-02,Terminated,46154.0,40.0,3
EMP-008165,Finance,Remote,2019-04-09,Active,59631.0,40.0,3
EMP-008166,Sales,San Francisco,2022-10-08,Terminated,50599.0,40.0,3
EMP-008167,Sales,London,2016-07-26,Active,82087.0,40.0,3
EMP-008168,Marketing,San Francisco,2015-03-05,Active,105439.0,40.0,3
EMP-008169,It,Chicago,2020-11-13,Active,80100.0,40.0,5
EMP-008170,It,London,2015-06-25,Active,74928.5,40.0,3
EMP-008171,Finance,Chicago,2023-10-27,Active,96384.0,40.0,3
EMP-008172,Marketing,Remote,2020-06-26,Active,82422.0,40.0,3
EMP-008173,Sales,New York,2019-03-27,Active,87371.0,40.0,4
EMP-008174,Finance,Remote,2018-11-14,Active,62016.0,40.0,3
EMP-008175,Marketing,London,2020-02-27,Active,103334.0,40.0,2
EMP-008176,Sales,London,2015-10-25,Active,103207.0,40.0,5
EMP-008177,Hr,Remote,2023-05-15,Active,70398.0,40.0,3
EMP-008178,It,New York,2020-08-18,Active,74928.5,40.0,3
EMP-008179,Support,London,2016-08-27,Active,102537.0,40.0,3
EMP-008180,Support,Remote,2020-01-24,On Leave,63366.0,40.0,1
EMP-008181,Sales,Remote,2016-03-14,Active,72969.0,40.0,4
EMP-008182,Sales,London,2015-02-27,Terminated,76995.0,40.0,3
EMP-008183,It,Remote,2020-09-03,Terminated,47554.0,40.0,2
EMP-008184,Sales,Remote,2020-11-01,Active,86042.0,40.0,3
EMP-008185,It,London,2020-04-02,Active,100563.0,40.0,3
EMP-008186,Sales,London,2016-08-26,Active,71403.0,20.0,3
EMP-008187,It,Remote,2020-06-06,Active,83496.0,40.0,4
EMP-008188,Hr,Remote,2015-07-05,Active,109965.0,40.0,3
EMP-008189,Sales,London,2020-06-25,Terminated,64871.0,40.0,2
EMP-008190,Sales,San Francisco,2019-12-27,Active,84007.0,20.0,4
EMP-008191,Hr,Remote,2020-11-23,On Leave,60755.0,40.0,3
EMP-008192,It,San Francisco,2023-01-22,Active,60072.0,40.0,3
EMP-008193,Sales,New York,2022-08-27,Active,83547.0,20.0,3
EMP-008194,It,San Francisco,2023-10-29,Terminated,81034.0,40.0,4
EMP-008195,Sales,San Francisco,2023-10-14,Terminated,88877.0,40.0,3
EMP-008196,Sales,New York,2021-12-13,Active,76904.0,40.0,3
EMP-008197,It,Remote,2023-08-10,Active,86629.0,40.0,3
EMP-008198,Sales,Remote,2022-10-21,Active,116638.0,35.0,2
EMP-008199,Hr,San Francisco,2021-07-19,Terminated,74928.5,40.0,5
EMP-008200,It,New York,2015-09-05,Terminated,83460.0,0.0,1
EMP-008201,Hr,Remote,2015-06-11,Active,87623.0,40.0,1
EMP-008202,It,Chicago,2022-07-16,Active,67527.0,40.0,3
EMP-008203,Sales,London,2019-05-29,Active,71020.0,40.0,3
EMP-008204,Support,London,2022-05-01,Active,87312.0,20.0,1
EMP-008205,Hr,Remote,2017-10-25,Active,77191.0,40.0,3
EMP-008206,Hr,London,2018-07-31,Terminated,94825.0,35.0,2
EMP-008207,Sales,San Francisco,2021-04-20,Active,106677.0,40.0,2
EMP-008208,Marketing,London,2023-03-28,Terminated,72456.0,40.0,2
EMP-008209,Support,London,2015-10-16,Terminated,24770.0,20.0,3
EMP-008210,It,Chicago,2022-10-02,Active,125855.0,40.0,3
EMP-008211,It,Remote,2022-02-19,Active,58688.0,40.0,3
EMP-008212,Sales,Chicago,2017-11-03,Active,79879.0,40.0,3
EMP-008213,Marketing,San Francisco,2018-03-13,Active,93187.0,40.0,4
EMP-008214,It,London,2015-06-02,Active,110224.0,40.0,3
EMP-008215,Finance,London,2015-02-21,Active,120151.0,40.0,3
EMP-008216,It,Remote,2019-04-17,On Leave,65903.0,40.0,3
EMP-008217,Hr,Remote,2015-11-11,Active,104742.0,40.0,4
EMP-008218,Finance,Remote,2016-09-29,Terminated,79949.0,35.0,3
EMP-008219,Hr,London,2022-08-15,Active,143580.0,40.0,3
EMP-008220,Hr,London,2020-02-20,Active,102511.0,40.0,1
EMP-008221,Finance,Remote,2020-09-13,Active,70563.0,40.0,4
EMP-008222,It,Remote,2016-09-08,Active,55173.0,40.0,3
EMP-008223,Sales,London,2022-06-16,Terminated,9335.0,40.0,5
EMP-008224,Finance,San Francisco,2022-10-24,Active,91867.0,20.0,4
EMP-008225,It,London,2019-09-17,Active,100211.0,40.0,3
EMP-008226,Marketing,Remote,2023-03-19,Active,93637.0,40.0,3
EMP-008227,Marketing,London,2022-08-08,Active,16165.0,20.0,1
EMP-008228,Finance,New York,2021-07-31,Active,43550.0,40.0,4
EMP-008229,It,Remote,2021-08-09,Active,87021.0,40.0,4
EMP-008230,Sales,Remote,2015-12-13,Active,119638.0,20.0,3
EMP-008231,Marketing,Remote,2017-06-09,Active,73611.0,35.0,3
EMP-008232,It,New York,2015-08-08,Active,102288.0,35.0,3
EMP-008233,Sales,San Francisco,2015-01-29,Active,49140.0,40.0,3
EMP-008234,It,London,2016-06-04,Active,80178.0,40.0,3
EMP-008235,Hr,London,2022-12-04,Active,68133.0,0.0,3
EMP-008236,Marketing,Remote,2017-02-27,Active,104690.0,20.0,3
EMP-008237,Sales,Remote,2023-09-24,Active,61504.0,40.0,4
EMP-008238,Marketing,San Francisco,2020-05-17,Active,116925.0,40.0,2
EMP-008239,Hr,San Francisco,2017-02-18,Active,67307.0,0.0,4
EMP-008240,Finance,San Francisco,2019-06-23,Active,48253.0,40.0,3
EMP-008241,Hr,Remote,2016-12-21,Active,49092.0,40.0,3
EMP-008242,Marketing,London,2023-11-09,Active,59439.0,40.0,3
EMP-008243,Marketing,San Francisco,2022-08-16,Active,84264.0,40.0,4
EMP-008244,It,Remote,2015-03-28,Terminated,59751.0,35.0,2
EMP-008245,Sales,Remote,2023-07-13,Terminated,54488.0,40.0,3
EMP-008246,Finance,New York,2021-06-28,Active,97245.0,40.0,3
EMP-008247,Hr,Chicago,2015-09-28,Terminated,74928.5,40.0,1
EMP-008248,Sales,San Francisco,2021-01-13,Active,64253.0,40.0,3
EMP-008249,Sales,Chicago,2020-10-27,Terminated,41644.0,40.0,3
EMP-008250,Sales,London,2016-12-20,Active,53286.0,40.0,4
EMP-008251,Sales,Remote,2021-10-29,Active,81094.0,40.0,3
EMP-008252,Finance,London,2015-10-14,Active,69869.0,40.0,3
EMP-008253,Hr,San Francisco,2019-05-28,Active,67611.0,40.0,1
EMP-008254,Hr,London,2015-02-02,Active,104738.0,40.0,3
EMP-008255,It,Remote,2023-09-20,Active,74660.0,40.0,3
EMP-008256,Marketing,London,2021-10-06,Active,120151.0,40.0,4
EMP-008257,Support,New York,2016-06-06,Active,92805.0,40.0,3
EMP-008258,It,New York,2018-01-28,On Leave,50832.0,40.0,2
EMP-008259,Sales,Chicago,2016-06-11,Active,123352.0,40.0,4
EMP-008260,Finance,Remote,2021-11-24,Active,81953.0,40.0,3
EMP-008261,Support,Chicago,2015-07-13,Active,121794.0,40.0,4
EMP-008262,Sales,Remote,2022-07-25,Active,68348.0,40.0,2
EMP-008263,Support,Remote,2023-06-24,Active,81806.0,40.0,4
EMP-008264,Finance,New York,2021-02-02,Active,85803.0,40.0,3
EMP-008265,Hr,London,2016-12-01,Terminated,70797.0,40.0,5
EMP-008266,Finance,San Francisco,2018-03-29,Active,106798.0,40.0,3
EMP-008267,Sales,New York,2019-04-18,Active,123315.0,40.0,2
EMP-008268,Support,New York,2020-06-10,Active,17664.0,20.0,3
EMP-008269,Marketing,London,2021-01-06,Active,95370.0,20.0,5
EMP-008270,It,London,2019-12-27,Terminated,52637.0,40.0,3
EMP-008271,It,Remote,2018-02-28,Active,10180.0,40.0,4
EMP-008272,Marketing,London,2023-01-07,Active,87925.0,20.0,3
EMP-008273,Marketing,Chicago,2015-09-25,Terminated,87982.0,40.0,2
EMP-008274,Hr,Remote,2019-03-13,Active,74928.5,40.0,3
EMP-008275,Sales,London,2021-12-24,Active,84276.0,35.0,3
EMP-008276,Sales,Remote,2015-07-20,Active,96876.0,40.0,4
EMP-008277,Finance,Remote,2021-05-07,Active,59924.0,40.0,2
EMP-008278,It,Remote,2022-05-18,Active,74928.5,40.0,3
EMP-008279,Marketing,New York,2020-12-12,Terminated,92454.0,40.0,3
EMP-008280,Finance,San Francisco,2015-02-12,Active,108824.0,40.0,5
EMP-008281,It,New York,2016-08-15,Active,76096.0,0.0,3
EMP-008282,Marketing,London,2018-01-29,Active,69655.0,40.0,1
EMP-008283,Sales,Remote,2017-02-07,Active,73619.0,40.0,3
EMP-008284,It,London,2023-08-31,Terminated,45160.0,40.0,3
EMP-008285,Hr,London,2020-11-11,Active,94241.0,40.0,3
EMP-008286,Sales,London,2017-09-03,Terminated,38567.0,20.0,3
EMP-008287,Sales,Remote,2023-05-14,Terminated,84774.0,40.0,3
EMP-008288,Marketing,London,2021-08-31,On Leave,77114.0,30.0,3
EMP-008289,It,London,2017-07-24,Active,36226.0,0.0,3
EMP-008290,Hr,Remote,2018-05-30,Active,74928.5,0.0,4
EMP-008291,It,London,2016-10-17,Active,53658.0,40.0,4
EMP-008292,Finance,Remote,2023-09-27,Active,66401.0,20.0,4
EMP-008293,Finance,Remote,2019-08-28,Active,112012.0,40.0,3
EMP-008294,Support,Remote,2023-01-24,Active,72232.0,40.0,4
EMP-008295,Hr,London,2018-02-12,Active,88662.0,40.0,3
EMP-008296,It,New York,2022-09-30,Active,106665.0,40.0,4
EMP-008297,Sales,Remote,2015-06-27,Active,101829.0,40.0,3
EMP-008298,Sales,San Francisco,2023-11-03,Active,74824.0,35.0,3
EMP-008299,Support,London,2023-03-17,Terminated,57362.0,20.0,4
EMP-008300,Marketing,Chicago,2018-04-08,Active,87471.0,40.0,3
EMP-008301,It,Remote,2021-12-21,Active,57861.0,40.0,3
EMP-008302,Support,London,2021-10-08,Active,120370.0,40.0,4
EMP-008303,Sales,New York,2023-02-10,Terminated,96695.0,40.0,3
EMP-008304,Finance,London,2017-10-06,Terminated,80217.0,40.0,5
EMP-008305,It,London,2019-03-11,Active,87817.0,20.0,3
EMP-008306,Support,London,2022-10-14,Active,79457.0,40.0,5
EMP-008307,Sales,Chicago,2022-01-03,Active,65792.0,35.0,3
EMP-008308,Hr,London,2018-07-17,Active,87465.0,40.0,3
EMP-008309,Support,Remote,2022-08-11,Active,68928.0,40.0,3
EMP-008310,Marketing,San Francisco,2015-06-04,Terminated,123417.0,20.0,3
EMP-008311,Marketing,Chicago,2022-01-14,Terminated,57682.0,40.0,3
EMP-008312,Marketing,London,2016-11-10,Terminated,87720.0,20.0,5
EMP-008313,It,Chicago,2017-07-29,Active,55432.0,40.0,1
EMP-008314,Sales,London,2019-06-10,Active,55171.0,40.0,3
EMP-008315,Sales,London,2019-01-18,Terminated,30348.0,40.0,3
EMP-008316,Finance,London,2019-09-08,Active,85287.0,40.0,3
EMP-008317,Support,London,2019-11-26,Terminated,61688.0,20.0,5
EMP-008318,Hr,London,2017-12-25,Terminated,102085.0,40.0,4
EMP-008319,Support,San Francisco,2016-07-29,Active,85332.0,40.0,3
EMP-008320,Finance,San Francisco,2021-11-30,Active,78706.0,20.0,4
EMP-008321,Sales,New York,2018-08-07,Terminated,39738.0,40.0,3
EMP-008322,Finance,San Francisco,2019-07-21,Active,89623.0,40.0,3
EMP-008323,Marketing,Remote,2020-10-20,Terminated,58446.0,40.0,3
EMP-008324,It,Chicago,2023-03-09,Active,39179.0,40.0,3
EMP-008325,Sales,Chicago,2021-05-14,Active,85763.0,40.0,3
EMP-008326,It,London,2015-05-30,Active,43543.0,20.0,3
EMP-008327,Marketing,San Francisco,2022-07-19,Terminated,22722.0,40.0,4
EMP-008328,It,New York,2023-11-27,Active,107428.0,40.0,5
EMP-008329,Finance,London,2019-04-03,Active,60982.0,20.0,3
EMP-008330,Finance,New York,2023-09-23,Active,31388.0,40.0,3
EMP-008331,Hr,New York,2019-12-05,Active,50935.0,40.0,4
EMP-008332,Support,Remote,2019-02-19,Active,56974.0,40.0,2
EMP-008333,Sales,London,2017-12-25,Active,103606.0,40.0,4
EMP-008334,Sales,Remote,2020-12-01,Active,33426.0,40.0,3
EMP-008335,It,San Francisco,2017-01-25,Active,41527.0,40.0,3
EMP-008336,Sales,London,2015-12-11,Active,99510.0,20.0,3
EMP-008337,Hr,New York,2015-03-31,Active,63757.0,40.0,2
EMP-008338,Hr,London,2017-08-19,Active,80699.0,40.0,4
EMP-008339,It,Remote,2018-07-24,Active,62727.0,0.0,4
EMP-008340,Sales,Chicago,2019-12-20,Active,125514.0,40.0,3
EMP-008341,Support,London,2017-08-20,Terminated,42758.0,40.0,3
EMP-008342,It,San Francisco,2023-11-09,Active,82053.0,40.0,3
EMP-008343,It,San Francisco,2017-08-16,Active,112574.0,40.0,2
EMP-008344,Marketing,Remote,2018-12-20,Active,65625.0,40.0,4
EMP-008345,Sales,Chicago,2015-12-06,Terminated,56156.0,40.0,3
EMP-008346,Support,San Francisco,2017-05-06,Active,94178.0,40.0,5
EMP-008347,Finance,Remote,2015-06-08,Active,100102.0,30.0,4
EMP-008348,Marketing,Remote,2020-01-14,Terminated,55002.0,35.0,4
EMP-008349,It,Remote,2021-10-04,Active,111555.0,40.0,3
EMP-008350,Sales,San Francisco,2016-10-05,Active,76281.0,40.0,3
EMP-008351,Support,San Francisco,2018-04-24,Active,87719.0,0.0,3
EMP-008352,Hr,San Francisco,2015-02-24,Active,112207.0,0.0,5
EMP-008353,Marketing,Remote,2022-07-22,Active,94220.0,0.0,3
EMP-008354,Support,Remote,2022-01-07,Active,74994.0,20.0,2
EMP-008355,Sales,Remote,2015-07-27,Active,58210.0,40.0,3
EMP-008356,It,London,2018-04-14,Terminated,142713.0,40.0,3
EMP-008357,It,San Francisco,2023-08-07,Active,55275.0,0.0,3
EMP-008358,Finance,London,2018-07-12,Active,82953.0,40.0,3
EMP-008359,It,Chicago,2019-09-26,Active,87750.0,40.0,3
EMP-008360,Sales,New York,2018-03-13,Active,88933.0,35.0,4
EMP-008361,Sales,London,2020-05-13,Active,128200.0,40.0,3
EMP-008362,It,London,2023-10-21,Active,76189.0,40.0,4
EMP-008363,Finance,New York,2023-12-23,Active,72623.0,40.0,2
EMP-008364,Hr,New York,2021-12-21,Active,113807.0,40.0,3
EMP-008365,Marketing,San Francisco,2018-08-21,On Leave,71603.0,40.0,3
EMP-008366,Sales,Chicago,2019-06-14,Active,96901.0,40.0,3
EMP-008367,Finance,New York,2018-03-18,Active,79860.0,20.0,3
EMP-008368,Sales,Remote,2023-11-14,Active,98024.0,40.0,3
EMP-008369,Support,London,2021-05-15,Terminated,93136.0,20.0,4
EMP-008370,Sales,New York,2019-01-15,Active,64922.0,40.0,5
EMP-008371,Support,London,2015-02-09,Active,28900.0,20.0,4
EMP-008372,Hr,Chicago,2019-09-07,Active,33152.0,40.0,4
EMP-008373,Support,Chicago,2023-11-09,Active,28991.0,40.0,3
EMP-008374,Finance,New York,2019-09-16,Active,72720.0,40.0,3
EMP-008375,Support,Chicago,2016-08-22,Active,16184.0,40.0,3
EMP-008376,Hr,London,2015-03-14,Active,71000.0,40.0,3
EMP-008377,Hr,London,2018-03-11,Active,78344.0,40.0,4
EMP-008378,Hr,London,2023-04-07,Active,96406.0,40.0,3
EMP-008379,Finance,London,2023-12-20,Terminated,87609.0,20.0,3
EMP-008380,Hr,Remote,2023-07-05,Active,97547.0,40.0,2
EMP-008381,Sales,San Francisco,2021-07-25,Terminated,85348.0,40.0,3
EMP-008382,It,New York,2020-01-09,Active,66911.0,40.0,3
EMP-008383,Hr,London,2020-04-25,Terminated,72350.0,40.0,3
EMP-008384,Support,Chicago,2019-11-07,Active,53709.0,40.0,3
EMP-008385,Marketing,London,2021-05-13,Active,80702.0,40.0,5
EMP-008386,Support,New York,2018-10-08,Terminated,35395.0,40.0,3
EMP-008387,Marketing,London,2021-01-08,Terminated,101651.0,40.0,4
EMP-008388,Support,London,2016-02-04,Active,51085.0,40.0,2
EMP-008389,Finance,New York,2017-05-23,Terminated,78846.0,40.0,3
EMP-008390,Support,San Francisco,2022-07-10,Terminated,83037.0,40.0,3
EMP-008391,Finance,Remote,2023-02-18,Active,104068.0,40.0,3
EMP-008392,Finance,Chicago,2019-11-07,On Leave,32971.0,40.0,3
EMP-008393,Hr,Remote,2015-04-14,Active,66864.0,40.0,3
EMP-008394,Sales,London,2023-05-05,Active,88746.0,40.0,3
EMP-008395,Marketing,Chicago,2021-04-26,Active,118780.0,40.0,5
EMP-008396,Hr,London,2018-09-22,Active,74029.0,30.0,3
EMP-008397,Hr,London,2020-05-20,Terminated,60141.0,40.0,3
EMP-008398,It,London,2018-11-13,Active,125675.0,40.0,3
EMP-008399,Finance,New York,2019-03-10,Active,95064.0,40.0,4
EMP-008400,Finance,Chicago,2022-12-24,On Leave,109341.0,40.0,3
EMP-008401,Marketing,Chicago,2016-06-13,Terminated,44761.0,30.0,4
EMP-008402,Support,London,2015-12-07,Active,74928.5,40.0,5
EMP-008403,Support,Remote,2015-01-09,Active,47917.0,40.0,2
EMP-008404,Sales,London,2017-10-29,Terminated,42374.0,40.0,3
EMP-008405,Hr,Remote,2016-04-29,Active,89547.0,40.0,3
EMP-008406,Sales,New York,2016-12-24,Active,91296.0,40.0,4
EMP-008407,It,Chicago,2015-02-06,Active,62950.0,20.0,3
EMP-008408,It,San Francisco,2017-01-16,Active,110801.0,40.0,3
EMP-008409,Sales,San Francisco,2017-12-29,Active,65775.0,30.0,4
EMP-008410,Support,Remote,2015-04-14,Active,68250.0,40.0,4
EMP-008411,It,London,2020-06-21,Terminated,74099.0,30.0,3
EMP-008412,It,London,2020-02-13,Active,68926.0,35.0,5
EMP-008413,Support,London,2015-11-15,Active,106932.0,40.0,3
EMP-008414,Finance,Remote,2020-05-09,Active,48957.0,40.0,3
EMP-008415,Hr,London,2023-12-27,Active,56141.0,40.0,3
EMP-008416,Sales,San Francisco,2023-07-02,Active,45215.0,30.0,4
EMP-008417,Hr,London,2015-01-09,Active,122088.0,20.0,3
EMP-008418,Sales,San Francisco,2022-02-27,Active,66887.0,40.0,3
EMP-008419,Support,Remote,2018-03-08,Terminated,55787.0,40.0,3
EMP-008420,Sales,New York,2015-07-29,Terminated,67817.0,40.0,2
EMP-008421,It,London,2017-08-30,Active,96226.0,40.0,4
EMP-008422,Support,Remote,2017-11-23,Active,91594.0,40.0,4
EMP-008423,Hr,Chicago,2019-09-16,Terminated,74928.5,40.0,4
EMP-008424,It,Remote,2020-12-12,Terminated,65010.0,20.0,4
EMP-008425,It,London,2021-09-28,Terminated,38613.0,40.0,3
EMP-008426,It,San Francisco,2017-03-19,Active,78468.0,40.0,3
EMP-008427,Marketing,Remote,2017-11-23,Active,107058.0,40.0,3
EMP-008428,Support,Chicago,2017-10-10,Active,60456.0,40.0,3
EMP-008429,It,London,2018-04-07,Active,90895.0,40.0,3
EMP-008430,It,Remote,2023-12-30,Active,60447.0,40.0,3
EMP-008431,Support,New York,2022-01-01,Active,47609.0,40.0,3
EMP-008432,Support,Chicago,2023-10-10,Active,92007.0,40.0,2
EMP-008433,Marketing,London,2021-03-28,Active,133691.0,30.0,1
EMP-008434,It,Remote,2018-08-28,On Leave,88586.0,40.0,4
EMP-008435,Support,San Francisco,2018-07-05,Active,64654.0,40.0,4
EMP-008436,Support,Chicago,2019-05-25,Active,66266.0,40.0,3
EMP-008437,Sales,Remote,2018-10-02,Active,122730.0,30.0,2
EMP-008438,Marketing,London,2022-06-15,Active,82675.0,40.0,3
EMP-008439,Marketing,Remote,2019-03-09,Active,55852.0,40.0,3
EMP-008440,Hr,San Francisco,2017-08-29,Active,73444.0,40.0,3
EMP-008441,Marketing,London,2021-12-21,Terminated,80379.0,20.0,3
EMP-008442,Sales,New York,2022-09-09,Active,86730.0,40.0,2
EMP-008443,It,Chicago,2018-10-13,Active,112801.0,40.0,3
EMP-008444,Hr,London,2021-01-04,Terminated,106897.0,40.0,3
EMP-008445,Sales,New York,2015-07-13,Active,79956.0,20.0,3
EMP-008446,Support,San Francisco,2019-10-07,Active,73963.0,40.0,3
EMP-008447,Sales,Chicago,2015-05-28,Active,84900.0,35.0,3
EMP-008448,Sales,Remote,2015-04-06,Active,59794.0,40.0,3
EMP-008449,Support,Remote,2020-07-07,Terminated,99500.0,40.0,3
EMP-008450,Hr,London,2017-09-24,Active,69913.0,40.0,4
EMP-008451,Marketing,Remote,2021-09-06,Active,87273.0,20.0,3
EMP-008452,It,London,2023-01-24,Active,117831.0,40.0,4
EMP-008453,Sales,Remote,2016-04-03,Terminated,88820.0,35.0,3
EMP-008454,It,San Francisco,2021-07-09,On Leave,80768.0,40.0,5
EMP-008455,Support,Remote,2019-08-19,Active,62065.0,30.0,3
EMP-008456,It,Chicago,2016-01-04,Active,73048.0,40.0,2
EMP-008457,Finance,Remote,2020-11-11,Active,46599.0,40.0,5
EMP-008458,Hr,Remote,2020-06-26,Active,88330.0,40.0,3
EMP-008459,Sales,London,2019-08-22,Active,21641.0,30.0,4
EMP-008460,Hr,San Francisco,2023-05-04,Terminated,99210.0,20.0,3
EMP-008461,It,Remote,2019-09-09,Terminated,93292.0,40.0,3
EMP-008462,Marketing,San Francisco,2023-11-30,Active,77455.0,40.0,4
EMP-008463,Marketing,Remote,2019-08-01,Active,61675.0,40.0,4
EMP-008464,Hr,London,2016-01-16,Active,74594.0,40.0,5
EMP-008465,Support,New York,2019-03-27,On Leave,30649.0,40.0,5
EMP-008466,Support,London,2016-08-22,On Leave,95595.0,40.0,3
EMP-008467,Finance,Remote,2020-05-16,Active,70904.0,40.0,2
EMP-008468,Finance,Remote,2021-03-28,Active,112881.0,30.0,3
EMP-008469,Marketing,London,2019-03-20,Active,84800.0,40.0,3
EMP-008470,Finance,Chicago,2015-11-18,Active,80786.0,20.0,3
EMP-008471,Sales,Remote,2019-03-21,Active,85024.0,40.0,3
EMP-008472,Sales,Remote,2015-09-25,Active,50612.0,20.0,3
EMP-008473,Sales,Remote,2021-02-20,Active,63725.0,40.0,4
EMP-008474,Finance,San Francisco,2022-02-10,Active,74928.5,40.0,5
EMP-008475,Sales,London,2023-08-30,Active,67436.0,40.0,4
EMP-008476,Finance,London,2016-05-04,Active,74928.5,40.0,1
EMP-008477,Marketing,New York,2019-10-17,Terminated,67940.0,20.0,3
EMP-008478,Marketing,Remote,2020-02-09,Active,76103.0,30.0,4
EMP-008479,Sales,London,2023-04-21,On Leave,132969.0,35.0,4
EMP-008480,Hr,New York,2020-08-23,Active,66865.0,40.0,2
EMP-008481,Marketing,San Francisco,2016-04-23,Active,58064.0,40.0,3
EMP-008482,Hr,Remote,2018-12-05,Active,71182.0,40.0,3
EMP-008483,Support,Chicago,2020-11-22,Active,112540.0,35.0,4
EMP-008484,Sales,San Francisco,2021-04-20,Active,114327.0,40.0,4
EMP-008485,Sales,New York,2022-10-07,Active,123727.0,0.0,4
EMP-008486,It,San Francisco,2016-08-16,On Leave,76524.0,40.0,3
EMP-008487,Marketing,Chicago,2023-07-25,Terminated,74928.5,40.0,4
EMP-008488,It,San Francisco,2015-07-14,On Leave,48749.0,20.0,3
EMP-008489,Support,New York,2023-11-08,Active,66164.0,35.0,4
EMP-008490,Hr,Chicago,2022-09-20,Active,47123.0,40.0,3
EMP-008491,Marketing,Chicago,2020-12-10,Active,86831.0,20.0,5
EMP-008492,Sales,San Francisco,2021-08-12,Terminated,75960.0,20.0,4
EMP-008493,It,Chicago,2015-08-27,Terminated,80655.0,20.0,3
EMP-008494,Finance,London,2015-05-17,Terminated,53845.0,20.0,5
EMP-008495,It,San Francisco,2015-12-01,Active,96267.0,40.0,3
EMP-008496,It,Remote,2015-10-15,Active,14824.0,40.0,3
EMP-008497,Hr,Chicago,2019-12-05,Active,68699.0,35.0,2
EMP-008498,Support,San Francisco,2016-12-09,Active,72334.0,40.0,3
EMP-008499,It,Remote,2022-09-28,Active,24460.0,40.0,3
EMP-008500,Sales,Chicago,2019-01-05,Active,84603.0,20.0,3
EMP-008501,It,Remote,2021-04-05,Active,70668.0,40.0,3
EMP-008502,Sales,Remote,2020-11-15,Active,89028.0,40.0,3
EMP-008503,Marketing,Chicago,2017-11-17,Active,124996.0,40.0,3
EMP-008504,Finance,Remote,2017-03-10,Terminated,83116.0,40.0,1
EMP-008505,Support,New York,2018-01-30,Active,74928.5,40.0,3
EMP-008506,Sales,New York,2022-03-03,Active,109524.0,35.0,5
EMP-008507,Hr,San Francisco,2020-04-11,Active,87301.0,20.0,4
EMP-008508,Marketing,London,2017-04-13,Active,53353.0,40.0,2
EMP-008509,Marketing,Remote,2022-05-12,Active,33996.0,40.0,5
EMP-008510,Support,Remote,2015-06-29,On Leave,84359.0,35.0,3
EMP-008511,Marketing,New York,2021-04-17,Active,64994.0,0.0,4
EMP-008512,Hr,Remote,2018-12-14,Active,107090.0,40.0,3
EMP-008513,Sales,London,2021-07-31,Active,63122.0,40.0,4
EMP-008514,Support,Remote,2023-05-07,Active,74642.0,40.0,4
EMP-008515,Sales,Remote,2021-10-01,Active,46025.0,40.0,2
EMP-008516,Marketing,London,2018-12-23,Active,66404.0,40.0,3
EMP-008517,Marketing,Remote,2016-05-11,Active,51429.0,0.0,4
EMP-008518,Hr,Remote,2022-04-04,Active,53712.0,40.0,3
EMP-008519,Finance,Remote,2019-02-23,Active,73680.0,40.0,3
EMP-008520,Finance,London,2015-09-05,Terminated,59827.0,40.0,4
EMP-008521,It,San Francisco,2021-06-21,Active,140731.0,40.0,4
EMP-008522,Marketing,Chicago,2017-08-17,Active,95897.0,40.0,2
EMP-008523,Sales,London,2015-06-10,Active,102116.0,40.0,5
EMP-008524,Sales,London,2023-02-15,Terminated,72228.0,40.0,4
EMP-008525,Support,London,2019-05-07,Terminated,77644.0,40.0,5
EMP-008526,Marketing,London,2017-07-12,Active,64260.0,40.0,3
EMP-008527,It,London,2021-06-12,Active,74928.5,20.0,2
EMP-008528,Support,London,2022-12-21,Active,72278.0,40.0,5
EMP-008529,It,London,2015-01-02,On Leave,59906.0,40.0,4
EMP-008530,Finance,Remote,2021-03-10,Active,56150.0,40.0,1
EMP-008531,Sales,London,2021-11-26,Active,83384.0,40.0,3
EMP-008532,Marketing,San Francisco,2016-11-21,Terminated,110526.0,40.0,1
EMP-008533,Hr,New York,2019-05-29,Active,102174.0,40.0,3
EMP-008534,It,Remote,2015-10-21,Terminated,56092.0,40.0,4
EMP-008535,Marketing,Remote,2021-09-20,Active,55476.0,20.0,4
EMP-008536,Sales,Chicago,2022-08-17,Terminated,106157.0,30.0,4
EMP-008537,It,London,2015-12-22,Active,127535.0,0.0,3
EMP-008538,Sales,New York,2022-05-07,Active,71375.0,40.0,4
EMP-008539,It,London,2021-12-11,Active,105166.0,40.0,3
EMP-008540,It,New York,2018-02-14,Terminated,38348.0,40.0,3
EMP-008541,Marketing,San Francisco,2021-03-18,Terminated,53912.0,35.0,3
EMP-008542,Sales,Remote,2015-01-01,On Leave,49760.0,20.0,2
EMP-008543,It,Remote,2023-05-21,On Leave,85305.0,40.0,3
EMP-008544,Sales,London,2019-12-15,Active,70526.0,20.0,4
EMP-008545,Sales,London,2020-08-01,Active,80952.0,40.0,3
EMP-008546,It,New York,2020-12-24,Active,105478.0,40.0,3
EMP-008547,It,Chicago,2020-01-20,On Leave,58671.0,40.0,3
EMP-008548,Sales,San Francisco,2022-09-17,Active,77350.0,30.0,3
EMP-008549,It,Remote,2020-06-27,Active,74928.5,40.0,4
EMP-008550,Sales,San Francisco,2023-03-03,Active,74928.5,40.0,3
EMP-008551,Finance,London,2020-03-29,Active,102410.0,40.0,4
EMP-008552,It,London,2016-07-16,Terminated,84047.0,40.0,3
EMP-008553,Marketing,Remote,2023-03-22,Terminated,77998.0,35.0,3
EMP-008554,Support,London,2021-02-18,Active,62271.0,40.0,3
EMP-008555,Hr,Chicago,2021-04-17,On Leave,40111.0,40.0,3
EMP-008556,Sales,Remote,2023-11-14,Active,82639.0,40.0,3
EMP-008557,Sales,London,2015-09-05,Active,74928.5,40.0,3
EMP-008558,Hr,Chicago,2018-11-09,On Leave,125484.0,35.0,3
EMP-008559,Finance,London,2017-02-24,Active,65161.0,20.0,3
EMP-008560,Hr,Chicago,2020-09-03,Active,81755.0,40.0,4
EMP-008561,It,San Francisco,2022-04-05,Terminated,102860.0,40.0,3
EMP-008562,Hr,New York,2023-09-12,On Leave,103613.0,40.0,4
EMP-008563,Sales,San Francisco,2019-02-03,Terminated,59438.0,30.0,4
EMP-008564,Hr,London,2022-01-28,Terminated,68021.0,0.0,2
EMP-008565,Support,London,2023-04-03,Active,61871.0,40.0,4
EMP-008566,Marketing,Remote,2021-02-24,Active,52454.0,40.0,3
EMP-008567,It,San Francisco,2017-03-08,On Leave,111792.0,30.0,1
EMP-008568,Hr,Remote,2020-06-21,Active,76568.0,40.0,3
EMP-008569,Sales,London,2023-09-24,Active,73144.0,40.0,3
EMP-008570,It,Remote,2023-11-21,Active,81193.0,40.0,2
EMP-008571,Marketing,Remote,2020-10-12,Terminated,76344.0,40.0,3
EMP-008572,It,Remote,2022-12-25,Active,69476.0,40.0,4
EMP-008573,Sales,London,2016-10-20,Terminated,55961.0,40.0,2
EMP-008574,Finance,New York,2017-03-19,Active,114132.0,40.0,2
EMP-008575,Support,Chicago,2023-07-30,Active,60743.0,40.0,2
EMP-008576,Sales,Remote,2016-03-20,Terminated,51737.0,40.0,3
EMP-008577,Finance,London,2016-09-20,Active,72986.0,40.0,3
EMP-008578,Sales,London,2018-10-14,Active,128938.0,40.0,4
EMP-008579,Support,London,2020-04-21,On Leave,54461.0,40.0,3
EMP-008580,Hr,New York,2020-06-07,Terminated,92740.0,20.0,3
EMP-008581,It,London,2017-08-17,Active,68842.0,40.0,3
EMP-008582,Hr,London,2023-04-15,Active,81120.0,20.0,3
EMP-008583,Support,San Francisco,2023-03-27,Active,98055.0,40.0,3
EMP-008584,Support,London,2018-07-12,Active,32008.0,40.0,3
EMP-008585,Support,Remote,2018-11-28,Active,52591.0,20.0,4
EMP-008586,Sales,London,2021-04-28,Active,97700.0,40.0,3
EMP-008587,Marketing,London,2020-12-19,Active,77436.0,40.0,2
EMP-008588,Sales,San Francisco,2018-06-10,Active,80297.0,40.0,3
EMP-008589,It,Chicago,2018-09-23,Active,92785.0,0.0,4
EMP-008590,Hr,London,2018-02-18,Active,52760.0,40.0,4
EMP-008591,Hr,Remote,2017-02-12,Terminated,101377.0,40.0,4
EMP-008592,Finance,Remote,2019-02-14,Terminated,95495.0,0.0,3
EMP-008593,Sales,Chicago,2021-03-06,Active,80958.0,40.0,2
EMP-008594,Support,New York,2021-09-04,Terminated,86703.0,0.0,4
EMP-008595,It,London,2022-01-04,Terminated,104124.0,30.0,4
EMP-008596,Support,Remote,2018-05-16,Active,60154.0,40.0,3
EMP-008597,Support,Remote,2021-11-18,Active,91534.0,40.0,4
EMP-008598,It,London,2015-01-22,Active,118609.0,40.0,5
EMP-008599,Hr,New York,2019-04-18,Active,91016.0,40.0,2
EMP-008600,Finance,San Francisco,2022-02-22,Active,69440.0,40.0,3
EMP-008601,Sales,Chicago,2020-09-01,Active,132955.0,20.0,3
EMP-008602,It,London,2019-04-08,Terminated,80770.0,40.0,4
EMP-008603,Sales,Remote,2020-10-19,On Leave,109965.0,40.0,3
EMP-008604,Marketing,London,2023-03-01,On Leave,64462.0,40.0,3
EMP-008605,It,Remote,2020-02-05,Terminated,101695.0,40.0,3
EMP-008606,Sales,London,2022-03-13,Active,61339.0,40.0,3
EMP-008607,It,Remote,2023-10-29,Active,83085.0,35.0,1
EMP-008608,Sales,London,2021-05-08,Active,59831.0,40.0,3
EMP-008609,Hr,Remote,2020-02-28,Terminated,122529.0,20.0,3
EMP-008610,Marketing,London,2015-05-04,Active,69472.0,35.0,4
EMP-008611,Marketing,New York,2018-05-15,Terminated,47302.0,40.0,4
EMP-008612,Marketing,London,2020-02-02,Terminated,77378.0,40.0,3
EMP-008613,Support,London,2022-03-05,Active,88427.0,40.0,4
EMP-008614,It,Remote,2018-12-11,Active,74335.0,40.0,4
EMP-008615,Hr,San Francisco,2023-08-22,Terminated,54667.0,40.0,3
EMP-008616,Hr,London,2017-06-12,Active,100933.0,40.0,3
EMP-008617,Marketing,San Francisco,2021-09-13,Active,106480.0,40.0,4
EMP-008618,Hr,Chicago,2018-10-09,Terminated,33801.0,40.0,4
EMP-008619,It,New York,2019-05-17,Terminated,53074.0,40.0,3
EMP-008620,It,San Francisco,2022-03-22,Active,71014.0,40.0,4
EMP-008621,Finance,Remote,2017-08-31,On Leave,61727.0,0.0,4
EMP-008622,It,London,2015-11-15,Active,88149.0,40.0,2
EMP-008623,It,San Francisco,2019-09-07,Active,120987.0,40.0,3
EMP-008624,Finance,Chicago,2019-10-05,Active,65477.0,35.0,3
EMP-008625,Sales,Remote,2022-03-05,Active,114418.0,40.0,3
EMP-008626,It,Chicago,2023-09-18,Active,38292.0,40.0,2
EMP-008627,It,London,2015-07-01,Active,86395.0,0.0,2
EMP-008628,It,London,2020-04-28,Active,60132.0,35.0,4
EMP-008629,It,London,2021-02-17,Active,86935.0,40.0,3
EMP-008630,It,San Francisco,2023-11-15,Active,31080.0,40.0,3
EMP-008631,Finance,San Francisco,2023-06-26,Active,42865.0,40.0,3
EMP-008632,Marketing,Chicago,2021-05-30,On Leave,86883.0,20.0,2
EMP-008633,Marketing,Chicago,2019-09-12,Active,59250.0,40.0,2
EMP-008634,Hr,Remote,2016-06-14,Active,66922.0,40.0,3
EMP-008635,Sales,New York,2018-06-16,Active,120907.0,40.0,4
EMP-008636,Sales,Remote,2020-04-07,Terminated,78439.0,40.0,4
EMP-008637,Marketing,London,2021-07-11,Active,74928.5,40.0,3
EMP-008638,Support,Remote,2020-09-19,Active,56018.0,40.0,3
EMP-008639,Finance,Chicago,2021-06-05,Terminated,41470.0,40.0,3
EMP-008640,It,London,2018-11-11,Active,72982.0,40.0,3
EMP-008641,It,Remote,2021-07-19,Active,37738.0,35.0,3
EMP-008642,Marketing,Remote,2016-04-17,Terminated,57535.0,40.0,3
EMP-008643,Finance,New York,2016-06-18,Terminated,80944.0,40.0,4
EMP-008644,Marketing,Chicago,2016-06-19,Terminated,72218.0,20.0,3
EMP-008645,Sales,London,2023-01-07,Active,83363.0,40.0,3
EMP-008646,It,San Francisco,2015-09-07,Active,90008.0,40.0,5
EMP-008647,Sales,Remote,2022-03-19,Active,45107.0,40.0,3
EMP-008648,It,Chicago,2017-02-06,Terminated,51452.0,40.0,3
EMP-008649,Finance,San Francisco,2019-03-20,Terminated,20535.0,40.0,4
EMP-008650,Hr,San Francisco,2023-03-30,Active,65737.0,40.0,3
EMP-008651,Marketing,London,2020-04-09,Active,93419.0,40.0,3
EMP-008652,Marketing,London,2016-11-21,Active,112282.0,40.0,4
EMP-008653,Support,London,2017-07-22,Active,79762.0,40.0,3
EMP-008654,It,Chicago,2023-04-14,Active,109331.0,40.0,4
EMP-008655,Sales,London,2018-11-05,Terminated,74928.5,40.0,4
EMP-008656,Marketing,Chicago,2020-04-13,On Leave,77686.0,40.0,3
EMP-008657,Finance,Remote,2019-02-20,Terminated,59718.0,20.0,2
EMP-008658,Hr,New York,2018-05-28,Active,15371.0,40.0,3
EMP-008659,It,New York,2017-01-03,Terminated,105580.0,40.0,3
EMP-008660,Finance,Chicago,2021-03-05,Terminated,73669.0,30.0,3
EMP-008661,Sales,London,2021-06-18,Active,109707.0,40.0,3
EMP-008662,Support,Remote,2017-06-22,Active,51259.0,40.0,3
EMP-008663,Marketing,London,2022-02-06,Active,135721.0,40.0,4
EMP-008664,Finance,Remote,2022-09-09,Terminated,68780.0,35.0,1
EMP-008665,It,New York,2023-04-15,Terminated,57695.0,40.0,2
EMP-008666,It,Chicago,2016-06-13,Active,74928.5,40.0,4
EMP-008667,Hr,London,2017-09-25,Active,74928.5,20.0,3
EMP-008668,It,London,2022-09-28,Active,73252.0,40.0,5
EMP-008669,Finance,London,2016-10-14,Terminated,62117.0,35.0,3
EMP-008670,Hr,London,2015-01-12,On Leave,29914.0,35.0,3
EMP-008671,Marketing,Remote,2022-11-02,Active,54892.0,40.0,2
EMP-008672,It,San Francisco,2017-12-09,Active,101861.0,40.0,3
EMP-008673,Support,London,2018-09-24,Active,53007.0,40.0,4
EMP-008674,It,Remote,2019-01-07,Active,32076.0,40.0,3
EMP-008675,Support,London,2022-08-20,Active,48613.0,40.0,3
EMP-008676,It,Chicago,2018-01-15,Active,72784.0,40.0,4
EMP-008677,Hr,Remote,2023-01-11,Active,56019.0,0.0,2
EMP-008678,Marketing,Remote,2020-07-20,Active,68004.0,20.0,4
EMP-008679,Finance,Chicago,2019-09-30,Active,55039.0,40.0,4
EMP-008680,It,London,2017-12-06,Terminated,74928.5,40.0,3
EMP-008681,Sales,London,2017-03-12,Active,87271.0,40.0,4
EMP-008682,Hr,London,2020-08-13,Active,130449.0,40.0,3
EMP-008683,Support,Remote,2019-01-08,Active,65457.0,40.0,4
EMP-008684,It,New York,2023-03-12,Active,67878.0,40.0,3
EMP-008685,It,New York,2019-06-05,Active,104588.0,40.0,4
EMP-008686,Support,London,2019-08-10,Active,84775.0,40.0,3
EMP-008687,Hr,Chicago,2018-10-01,Active,74928.5,40.0,2
EMP-008688,Support,Remote,2022-02-07,Active,88911.0,40.0,2
EMP-008689,It,Chicago,2018-10-28,Terminated,84913.0,40.0,2
EMP-008690,Hr,Remote,2017-06-04,Terminated,30155.0,40.0,3
EMP-008691,Sales,Remote,2022-10-04,Active,58717.0,40.0,3
EMP-008692,It,London,2020-05-15,Terminated,79758.0,20.0,3
EMP-008693,Finance,Chicago,2020-04-28,On Leave,111157.0,40.0,3
EMP-008694,Sales,London,2020-06-30,Terminated,74928.5,40.0,3
EMP-008695,Marketing,Remote,2021-06-20,Active,60899.0,40.0,4
EMP-008696,It,Remote,2017-10-26,On Leave,57295.0,0.0,3
EMP-008697,Hr,London,2015-04-22,Terminated,94943.0,40.0,4
EMP-008698,It,Remote,2022-04-18,Active,14342.0,40.0,4
EMP-008699,Marketing,Remote,2016-02-28,Active,54810.0,0.0,3
EMP-008700,It,Remote,2021-06-30,Terminated,110233.0,40.0,3
EMP-008701,Sales,Remote,2015-09-28,Active,82420.0,40.0,4
EMP-008702,It,Chicago,2018-05-18,Active,56033.0,40.0,5
EMP-008703,Sales,New York,2015-07-27,Active,44948.0,40.0,3
EMP-008704,Finance,San Francisco,2019-09-13,Terminated,95993.0,40.0,4
EMP-008705,It,Remote,2020-11-16,Active,76945.0,40.0,2
EMP-008706,Support,San Francisco,2016-07-17,Active,69532.0,40.0,2
EMP-008707,Sales,Remote,2018-05-06,Terminated,84350.0,40.0,3
EMP-008708,It,Chicago,2023-05-16,Active,79115.0,40.0,1
EMP-008709,Marketing,Chicago,2018-12-25,Terminated,77198.0,40.0,3
EMP-008710,It,Remote,2022-03-22,Active,74928.5,0.0,3
EMP-008711,Hr,Remote,2023-05-06,On Leave,49339.0,40.0,3
EMP-008712,Sales,Chicago,2023-10-08,Active,93707.0,35.0,3
EMP-008713,Hr,Chicago,2023-01-31,Active,88979.0,20.0,3
EMP-008714,Support,Remote,2017-11-09,Active,84553.0,40.0,2
EMP-008715,It,Remote,2023-08-30,Terminated,60337.0,35.0,3
EMP-008716,Sales,Remote,2022-04-24,Terminated,94130.0,40.0,3
EMP-008717,Sales,Remote,2022-07-14,Active,65731.0,40.0,3
EMP-008718,It,Remote,2015-02-19,Active,107538.0,40.0,3
EMP-008719,Finance,New York,2023-08-03,Terminated,56329.0,20.0,3
EMP-008720,Marketing,Remote,2022-01-01,On Leave,61868.0,40.0,3
EMP-008721,Sales,London,2021-11-29,Active,71214.0,35.0,3
EMP-008722,Finance,New York,2015-09-25,Active,96183.0,40.0,3
EMP-008723,It,Chicago,2017-02-03,Active,74123.0,40.0,3
EMP-008724,Finance,New York,2023-08-29,Active,75942.0,40.0,3
EMP-008725,It,London,2019-07-04,Active,65210.0,40.0,4
EMP-008726,Finance,London,2018-07-31,Active,81702.0,40.0,3
EMP-008727,Sales,London,2022-07-23,Active,73232.0,40.0,3
EMP-008728,Support,Remote,2015-10-15,Terminated,55392.0,0.0,3
EMP-008729,It,Chicago,2018-10-02,Terminated,78182.0,40.0,4
EMP-008730,Support,New York,2018-05-19,Active,78770.0,40.0,3
EMP-008731,It,New York,2018-02-23,Terminated,133745.0,40.0,3
EMP-008732,It,Remote,2017-10-08,Terminated,59724.0,40.0,3
EMP-008733,It,New York,2016-11-21,Active,54016.0,40.0,4
EMP-008734,It,Chicago,2016-07-22,Active,81976.0,35.0,3
EMP-008735,Finance,Remote,2020-10-06,Active,50179.0,0.0,5
EMP-008736,Support,Remote,2023-04-11,Terminated,48174.0,30.0,3
EMP-008737,It,New York,2019-07-31,Terminated,39078.0,40.0,3
EMP-008738,Support,Remote,2017-09-06,On Leave,55636.0,40.0,4
EMP-008739,Support,San Francisco,2016-06-07,Active,56253.0,40.0,3
EMP-008740,It,Remote,2022-06-21,Terminated,42918.0,40.0,5
EMP-008741,Hr,London,2023-09-29,Active,68743.0,35.0,3
EMP-008742,Finance,Remote,2018-02-21,Active,15850.0,40.0,4
EMP-008743,It,London,2017-08-14,Terminated,87294.0,40.0,2
EMP-008744,Support,San Francisco,2020-05-31,Active,61080.0,0.0,4
EMP-008745,Marketing,London,2021-12-23,On Leave,64755.0,40.0,3
EMP-008746,Hr,San Francisco,2019-02-05,Active,89672.0,40.0,4
EMP-008747,It,Remote,2020-09-02,Active,84294.0,40.0,2
EMP-008748,Marketing,Chicago,2021-06-13,Terminated,59252.0,35.0,3
EMP-008749,Finance,Remote,2023-08-24,Active,86295.0,40.0,4
EMP-008750,Finance,Chicago,2016-06-26,Active,113722.0,40.0,3
EMP-008751,Support,Remote,2023-12-23,Active,74928.5,40.0,4
EMP-008752,Support,Remote,2018-07-13,Terminated,93844.0,40.0,5
EMP-008753,Sales,London,2021-07-05,Active,47172.0,0.0,3
EMP-008754,Sales,London,2020-02-25,Terminated,104386.0,40.0,3
EMP-008755,It,Chicago,2019-05-19,Terminated,57202.0,20.0,4
EMP-008756,It,London,2021-04-13,Active,56247.0,30.0,3
EMP-008757,Hr,San Francisco,2018-07-24,Active,103730.0,40.0,2
EMP-008758,It,London,2016-02-19,Active,93039.0,20.0,2
EMP-008759,Hr,London,2019-05-26,Active,58023.0,35.0,3
EMP-008760,Support,London,2019-09-12,Active,78184.0,40.0,1
EMP-008761,Finance,Remote,2016-10-25,Active,57251.0,40.0,3
EMP-008762,Support,Chicago,2023-06-03,Active,35182.0,40.0,3
EMP-008763,Finance,Chicago,2017-01-17,Active,79732.0,40.0,1
EMP-008764,Sales,London,2018-09-07,Terminated,66089.0,40.0,3
EMP-008765,It,Remote,2016-05-24,Active,51354.0,40.0,4
EMP-008766,Sales,London,2019-10-28,Active,107618.0,40.0,4
EMP-008767,Finance,San Francisco,2017-10-08,Active,52199.0,40.0,1
EMP-008768,Support,Remote,2019-05-28,Active,78599.0,40.0,2
EMP-008769,Sales,London,2017-01-08,Active,101998.0,40.0,5
EMP-008770,Sales,Remote,2015-06-26,Active,68599.0,40.0,3
EMP-008771,Hr,London,2022-01-05,Terminated,56646.0,0.0,4
EMP-008772,Marketing,Remote,2020-10-08,Active,82444.0,35.0,3
EMP-008773,Finance,London,2018-01-25,Active,86392.0,30.0,3
EMP-008774,Finance,Remote,2015-06-06,Active,96914.0,40.0,3
EMP-008775,Sales,Remote,2022-10-16,Active,121780.0,0.0,3
EMP-008776,It,San Francisco,2016-07-12,Active,63568.0,0.0,4
EMP-008777,It,Remote,2023-05-18,Active,79896.0,40.0,3
EMP-008778,It,Chicago,2019-04-23,Active,43269.0,0.0,3
EMP-008779,Marketing,London,2018-01-23,Active,91659.0,40.0,1
EMP-008780,It,London,2021-09-04,Active,79593.0,40.0,4
EMP-008781,Sales,London,2022-11-22,Terminated,70533.0,30.0,5
EMP-008782,Marketing,San Francisco,2018-05-03,Active,59548.0,40.0,2
EMP-008783,Sales,London,2018-08-31,Active,66289.0,40.0,3
EMP-008784,Sales,London,2018-11-24,Active,80908.0,40.0,2
EMP-008785,Finance,London,2023-04-20,Active,50846.0,40.0,3
EMP-008786,Hr,San Francisco,2021-03-26,Active,67322.0,40.0,3
EMP-008787,Sales,Remote,2017-03-25,Active,75417.0,20.0,3
EMP-008788,It,Remote,2016-08-31,Active,36509.0,40.0,4
EMP-008789,Support,Remote,2017-01-27,Active,48718.0,40.0,5
EMP-008790,Sales,Chicago,2017-05-16,Terminated,58500.0,40.0,1
EMP-008791,Marketing,Chicago,2017-01-26,Terminated,114206.0,40.0,3
EMP-008792,Sales,London,2020-12-04,Active,54232.0,40.0,1
EMP-008793,Sales,Chicago,2016-01-17,Active,73605.0,40.0,3
EMP-008794,Sales,Remote,2018-06-27,Active,48986.0,0.0,3
EMP-008795,Sales,London,2020-08-16,Terminated,55590.0,40.0,4
EMP-008796,It,London,2017-08-14,Terminated,38975.0,40.0,5
EMP-008797,Hr,Chicago,2015-08-03,Active,91758.0,20.0,3
EMP-008798,Sales,London,2015-09-26,Active,41861.0,20.0,5
EMP-008799,Sales,New York,2016-02-19,Terminated,97675.0,40.0,4
EMP-008800,Hr,New York,2022-07-10,Terminated,86697.0,40.0,2
EMP-008801,It,New York,2020-12-02,Active,73115.0,20.0,3
EMP-008802,Marketing,London,2015-08-01,Terminated,98501.0,0.0,3
EMP-008803,Sales,New York,2018-07-09,Active,152580.0,40.0,3
EMP-008804,Marketing,Remote,2017-07-04,Active,86938.0,40.0,4
EMP-008805,Sales,New York,2020-03-15,Active,46998.0,40.0,3
EMP-008806,Hr,London,2019-09-15,Active,112225.0,35.0,3
EMP-008807,Sales,San Francisco,2019-05-01,Terminated,79653.0,20.0,2
EMP-008808,It,Remote,2017-10-30,Terminated,127778.0,40.0,3
EMP-008809,Support,San Francisco,2016-03-28,Terminated,62349.0,40.0,2
EMP-008810,Marketing,London,2021-09-06,Active,107049.0,20.0,4
EMP-008811,It,London,2022-12-02,Active,74996.0,40.0,4
EMP-008812,Finance,Remote,2023-07-01,Active,141418.0,40.0,3
EMP-008813,Support,Remote,2015-07-12,Active,67960.0,40.0,1
EMP-008814,Sales,San Francisco,2021-08-29,Terminated,150042.0,40.0,2
EMP-008815,It,New York,2021-07-16,Active,85996.0,40.0,3
EMP-008816,Marketing,London,2023-07-11,Active,96174.0,40.0,3
EMP-008817,Finance,New York,2017-04-11,Active,117508.0,40.0,4
EMP-008818,Support,San Francisco,2021-09-05,Active,74928.5,40.0,3
EMP-008819,Marketing,London,2015-06-29,Active,99227.0,40.0,4
EMP-008820,Hr,Remote,2020-09-05,Active,67681.0,0.0,3
EMP-008821,It,Chicago,2018-02-27,Terminated,78778.0,40.0,3
EMP-008822,Support,London,2021-12-02,Terminated,77077.0,0.0,5
EMP-008823,Hr,London,2022-10-08,Active,89310.0,40.0,5
EMP-008824,It,Chicago,2018-04-14,Active,88255.0,0.0,4
EMP-008825,Sales,London,2019-09-24,Terminated,60620.0,0.0,4
EMP-008826,Hr,Remote,2016-01-21,Active,78121.0,40.0,4
EMP-008827,Support,New York,2018-10-02,Terminated,16642.0,30.0,4
EMP-008828,Sales,London,2018-03-31,Active,99754.0,40.0,1
EMP-008829,Support,Remote,2016-08-24,Active,117349.0,40.0,5
EMP-008830,Sales,New York,2023-01-19,Active,79766.0,35.0,3
EMP-008831,It,San Francisco,2016-05-01,Active,34849.0,40.0,3
EMP-008832,Sales,London,2020-09-20,Active,93574.0,35.0,3
EMP-008833,Sales,London,2023-01-04,Active,74928.5,40.0,3
EMP-008834,Sales,Chicago,2023-03-17,Active,79558.0,40.0,3
EMP-008835,Hr,Remote,2022-02-20,Active,92138.0,40.0,4
EMP-008836,Hr,New York,2016-08-01,Active,88661.0,40.0,3
EMP-008837,Sales,London,2022-05-10,Active,102021.0,40.0,4
EMP-008838,Hr,New York,2017-06-28,Active,78660.0,30.0,3
EMP-008839,Marketing,London,2023-04-20,Active,79334.0,20.0,4
EMP-008840,Sales,London,2021-05-19,Active,93420.0,40.0,3
EMP-008841,It,Chicago,2022-01-25,Active,73215.0,40.0,4
EMP-008842,Sales,Chicago,2015-10-07,Active,57802.0,40.0,3
EMP-008843,Support,New York,2020-03-30,Active,86300.0,30.0,3
EMP-008844,It,New York,2022-05-23,Active,46778.0,0.0,4
EMP-008845,Sales,London,2022-10-03,Active,72978.0,40.0,3
EMP-008846,Marketing,London,2015-04-05,Active,40556.0,40.0,5
EMP-008847,Sales,Remote,2023-06-15,Active,61130.0,35.0,4
EMP-008848,Sales,London,2015-05-23,Terminated,62166.0,40.0,3
EMP-008849,Sales,Remote,2020-07-12,Active,50395.0,30.0,3
EMP-008850,It,Remote,2021-03-29,Terminated,102513.0,40.0,3
EMP-008851,Marketing,New York,2015-12-19,Active,100450.0,20.0,3
EMP-008852,Finance,Remote,2015-06-07,Terminated,107850.0,40.0,3
EMP-008853,Finance,Remote,2022-01-24,Terminated,70304.0,40.0,4
EMP-008854,Finance,Remote,2018-06-18,On Leave,64160.0,40.0,3
EMP-008855,Sales,Remote,2015-12-19,Active,95090.0,20.0,3
EMP-008856,Hr,Remote,2021-11-11,Terminated,74928.5,40.0,3
EMP-008857,Marketing,New York,2022-08-23,Active,78088.0,40.0,2
EMP-008858,It,Remote,2020-04-14,Terminated,11405.0,20.0,4
EMP-008859,It,Chicago,2016-06-13,Active,93913.0,40.0,2
EMP-008860,It,San Francisco,2015-02-20,Active,90599.0,20.0,3
EMP-008861,It,Chicago,2021-04-22,Active,74865.0,40.0,5
EMP-008862,It,New York,2019-12-14,Active,95396.0,40.0,4
EMP-008863,It,New York,2020-11-09,Active,90043.0,40.0,4
EMP-008864,Finance,San Francisco,2022-04-26,Active,57583.0,40.0,4
EMP-008865,It,London,2018-11-28,Active,69505.0,40.0,5
EMP-008866,It,London,2016-02-14,Terminated,49805.0,40.0,5
EMP-008867,It,London,2023-06-17,Active,111556.0,20.0,3
EMP-008868,Hr,Remote,2019-11-28,Active,99430.0,40.0,3
EMP-008869,It,London,2020-07-15,Active,54652.0,40.0,3
EMP-008870,Finance,London,2023-05-27,Active,90472.0,20.0,3
EMP-008871,It,Remote,2023-05-21,Active,81965.0,40.0,3
EMP-008872,It,Remote,2020-02-24,Terminated,57851.0,40.0,1
EMP-008873,Sales,London,2017-09-05,Active,78108.0,20.0,4
EMP-008874,It,London,2023-12-22,Terminated,96460.0,40.0,2
EMP-008875,Support,San Francisco,2021-02-15,Active,98498.0,30.0,3
EMP-008876,Support,Remote,2018-09-04,On Leave,133300.0,35.0,3
EMP-008877,Support,San Francisco,2020-01-15,Active,77357.0,40.0,1
EMP-008878,It,Remote,2018-09-28,Active,69055.0,40.0,3
EMP-008879,Finance,San Francisco,2022-12-29,Active,89054.0,40.0,4
EMP-008880,It,Remote,2019-05-05,Active,70426.0,40.0,2
EMP-008881,Marketing,New York,2022-05-30,Active,60377.0,40.0,4
EMP-008882,Marketing,Remote,2022-07-24,Active,51855.0,40.0,4
EMP-008883,Marketing,Remote,2022-06-02,Active,74928.5,40.0,2
EMP-008884,Finance,San Francisco,2021-07-01,Active,93371.0,40.0,3
EMP-008885,Hr,Remote,2022-09-10,Terminated,34051.0,40.0,4
EMP-008886,Sales,New York,2018-06-26,Active,53004.0,40.0,5
EMP-008887,Sales,Chicago,2016-01-12,Active,82311.0,20.0,3
EMP-008888,Sales,Chicago,2022-08-01,Active,66962.0,40.0,4
EMP-008889,Support,Remote,2019-06-26,Terminated,128732.0,40.0,4
EMP-008890,Support,Chicago,2016-02-23,Active,37269.0,40.0,3
EMP-008891,It,New York,2016-01-15,Active,130968.0,40.0,4
EMP-008892,Marketing,London,2016-06-07,Active,109515.0,20.0,3
EMP-008893,It,New York,2021-10-04,Active,97727.0,40.0,4
EMP-008894,Sales,San Francisco,2021-05-25,Active,110983.0,30.0,4
EMP-008895,Marketing,London,2016-10-31,Active,85115.0,40.0,4
EMP-008896,Support,Remote,2022-08-15,Active,32419.0,40.0,2
EMP-008897,It,Remote,2017-07-13,Active,87871.0,40.0,5
EMP-008898,Hr,San Francisco,2022-02-19,Terminated,37983.0,30.0,1
EMP-008899,It,San Francisco,2019-05-26,Active,61791.0,40.0,4
EMP-008900,Hr,London,2021-08-01,Active,73048.0,35.0,3
EMP-008901,Hr,London,2018-06-07,Terminated,52223.0,20.0,4
EMP-008902,Hr,Remote,2018-02-15,Terminated,98651.0,0.0,1
EMP-008903,Support,London,2022-07-28,Active,69656.0,40.0,3
EMP-008904,Sales,London,2015-04-27,Active,85233.0,40.0,3
EMP-008905,Support,London,2023-10-09,Active,74765.0,40.0,4
EMP-008906,Hr,Remote,2020-10-31,Active,78154.0,20.0,3
EMP-008907,Support,London,2018-11-22,Active,52828.0,0.0,5
EMP-008908,Hr,London,2020-08-26,Active,45649.0,40.0,3
EMP-008909,Finance,London,2016-02-08,Active,71156.0,0.0,4
EMP-008910,Marketing,London,2019-08-17,Terminated,50847.0,35.0,4
EMP-008911,Sales,San Francisco,2023-11-13,Terminated,109839.0,40.0,5
EMP-008912,Finance,London,2017-02-12,Active,40589.0,40.0,3
EMP-008913,It,Remote,2021-07-02,Terminated,133425.0,40.0,4
EMP-008914,Support,Remote,2018-11-30,Active,82551.0,0.0,3
EMP-008915,It,Remote,2020-11-14,On Leave,76733.0,40.0,3
EMP-008916,It,London,2016-11-04,Active,61493.0,30.0,4
EMP-008917,Support,Remote,2019-03-27,Active,91423.0,40.0,3
EMP-008918,Sales,London,2023-10-27,Active,69893.0,35.0,3
EMP-008919,Sales,Remote,2016-10-03,Active,82512.0,40.0,3
EMP-008920,Marketing,New York,2020-09-22,Active,96046.0,40.0,4
EMP-008921,Finance,Remote,2020-03-06,Active,91733.0,20.0,5
EMP-008922,Marketing,New York,2020-02-01,Terminated,105997.0,40.0,3
EMP-008923,It,Chicago,2020-07-14,Active,88446.0,40.0,3
EMP-008924,Hr,New York,2019-07-09,Active,51218.0,35.0,4
EMP-008925,Marketing,London,2015-02-25,On Leave,23005.0,40.0,3
EMP-008926,Marketing,London,2023-02-06,Active,80276.0,40.0,3
EMP-008927,Sales,Remote,2022-06-11,Terminated,80637.0,40.0,3
EMP-008928,Hr,London,2016-07-26,Active,123148.0,0.0,3
EMP-008929,Sales,London,2018-09-20,On Leave,72104.0,30.0,3
EMP-008930,Support,Chicago,2021-12-07,Active,84362.0,40.0,5
EMP-008931,Hr,London,2023-10-27,Active,94429.0,35.0,4
EMP-008932,Finance,San Francisco,2023-07-24,Active,87835.0,40.0,3
EMP-008933,Marketing,San Francisco,2023-02-04,Active,96099.0,40.0,4
EMP-008934,Sales,San Francisco,2016-06-04,Active,54545.0,20.0,3
EMP-008935,Hr,New York,2023-03-25,Terminated,50591.0,40.0,3
EMP-008936,It,Remote,2022-11-27,On Leave,67986.0,40.0,1
EMP-008937,It,Remote,2018-05-24,Terminated,20648.0,40.0,1
EMP-008938,Marketing,Remote,2018-07-20,Active,74011.0,0.0,4
EMP-008939,Finance,Chicago,2019-02-20,Terminated,58510.0,35.0,3
EMP-008940,It,San Francisco,2020-11-26,Active,83055.0,40.0,3
EMP-008941,Sales,San Francisco,2017-05-07,Active,68373.0,40.0,3
EMP-008942,Finance,London,2015-03-17,Terminated,49614.0,40.0,1
EMP-008943,Sales,San Francisco,2016-04-09,Active,74928.5,40.0,5
EMP-008944,Sales,London,2018-12-17,Terminated,77063.0,20.0,2
EMP-008945,Sales,London,2017-07-15,Active,96571.0,30.0,5
EMP-008946,Marketing,Remote,2021-11-17,Terminated,79588.0,0.0,4
EMP-008947,It,New York,2015-12-17,Active,86600.0,40.0,5
EMP-008948,Support,London,2023-04-04,Active,40975.0,40.0,2
EMP-008949,Sales,London,2023-01-21,Active,106953.0,40.0,3
EMP-008950,It,Remote,2023-03-07,Active,74928.5,40.0,3
EMP-008951,Support,Remote,2021-08-28,Active,74529.0,30.0,3
EMP-008952,Support,London,2015-12-18,Active,82200.0,40.0,3
EMP-008953,It,Chicago,2018-12-11,Terminated,100065.0,40.0,3
EMP-008954,Sales,New York,2016-03-07,Active,65700.0,40.0,3
EMP-008955,Marketing,Chicago,2023-11-21,Active,35423.0,40.0,4
EMP-008956,Finance,San Francisco,2017-12-30,Active,66168.0,40.0,3
EMP-008957,Support,New York,2020-04-07,Active,78810.0,40.0,3
EMP-008958,It,San Francisco,2022-01-05,Active,74189.0,40.0,3
EMP-008959,It,Remote,2023-04-15,Active,107939.0,40.0,1
EMP-008960,It,London,2021-10-19,Active,51002.0,35.0,2
EMP-008961,Sales,London,2021-01-26,Active,74928.5,40.0,1
EMP-008962,Finance,London,2019-03-12,Active,48549.0,40.0,4
EMP-008963,Sales,London,2020-06-12,Active,85719.0,20.0,1
EMP-008964,It,Remote,2015-11-06,Active,36849.0,40.0,2
EMP-008965,It,Chicago,2022-12-15,Active,93594.0,40.0,3
EMP-008966,Support,San Francisco,2019-11-23,Active,51678.0,40.0,3
EMP-008967,Finance,London,2015-05-12,Active,55672.0,40.0,3
EMP-008968,Hr,London,2023-04-12,Active,119256.0,40.0,3
EMP-008969,It,Chicago,2019-05-28,On Leave,105814.0,20.0,4
EMP-008970,Sales,Chicago,2022-10-26,On Leave,77980.0,40.0,2
EMP-008971,Support,Remote,2022-09-17,On Leave,42224.0,40.0,5
EMP-008972,It,Remote,2022-05-05,Active,125361.0,40.0,3
EMP-008973,Sales,London,2015-07-21,Active,70092.0,0.0,3
EMP-008974,Support,San Francisco,2017-03-23,Active,81190.0,40.0,5
EMP-008975,It,London,2022-11-17,Active,97798.0,40.0,3
EMP-008976,It,London,2023-02-02,Active,25928.0,40.0,3
EMP-008977,It,London,2019-02-14,On Leave,58999.0,40.0,5
EMP-008978,Sales,Remote,2018-12-17,Terminated,73298.0,40.0,4
EMP-008979,Hr,London,2016-07-29,Terminated,78268.0,40.0,3
EMP-008980,Support,San Francisco,2023-09-19,Terminated,42410.0,40.0,3
EMP-008981,Marketing,Chicago,2016-12-01,Active,83158.0,20.0,3
EMP-008982,Support,Chicago,2016-09-19,Terminated,75844.0,40.0,3
EMP-008983,Sales,New York,2020-12-11,Active,116683.0,40.0,3
EMP-008984,Finance,London,2017-03-09,Active,100007.0,40.0,3
EMP-008985,Finance,London,2023-06-13,Active,68269.0,40.0,3
EMP-008986,Sales,New York,2015-02-05,Active,70098.0,20.0,3
EMP-008987,It,Remote,2015-01-19,Active,100362.0,0.0,3
EMP-008988,Finance,Remote,2019-07-18,Active,82091.0,40.0,3
EMP-008989,It,San Francisco,2019-05-24,Active,40722.0,20.0,4
EMP-008990,Sales,London,2016-06-20,Active,127345.0,40.0,3
EMP-008991,Sales,Chicago,2019-06-14,Terminated,50253.0,0.0,3
EMP-008992,Finance,London,2018-09-15,Active,136974.0,20.0,2
EMP-008993,Finance,Chicago,2023-01-05,Active,85699.0,40.0,4
EMP-008994,Sales,London,2015-01-31,Active,59114.0,40.0,4
EMP-008995,It,Remote,2023-10-14,Terminated,15824.0,40.0,3
EMP-008996,Hr,New York,2020-08-14,Active,94419.0,40.0,3
EMP-008997,Finance,London,2016-05-14,Terminated,36242.0,40.0,4
EMP-008998,Marketing,New York,2015-06-03,Terminated,83932.0,40.0,5
EMP-008999,Finance,San Francisco,2019-11-04,Terminated,123341.0,40.0,1
EMP-009000,Hr,London,2017-02-11,Active,46558.0,40.0,3
EMP-009001,Sales,Remote,2017-09-16,Terminated,93451.0,40.0,2
EMP-009002,Hr,London,2017-03-16,Active,74928.5,20.0,3
EMP-009003,Sales,San Francisco,2020-11-07,Terminated,103329.0,30.0,3
EMP-009004,It,Remote,2019-12-25,Active,76646.0,0.0,3
EMP-009005,Sales,Remote,2015-09-14,Active,74523.0,20.0,4
EMP-009006,It,New York,2019-09-27,Active,105182.0,40.0,5
EMP-009007,It,New York,2022-02-13,Active,90632.0,40.0,3
EMP-009008,Sales,New York,2015-09-24,Active,54883.0,40.0,4
EMP-009009,Marketing,Chicago,2023-01-03,Active,119678.0,40.0,4
EMP-009010,Support,Remote,2020-03-15,Terminated,36604.0,40.0,3
EMP-009011,Sales,London,2023-07-22,Active,81892.0,40.0,4
EMP-009012,Finance,New York,2016-05-01,Active,54428.0,40.0,3
EMP-009013,Marketing,Remote,2023-12-10,Terminated,37819.0,40.0,3
EMP-009014,Marketing,Remote,2020-10-18,Active,46645.0,40.0,3
EMP-009015,Finance,London,2020-02-09,Active,73769.0,40.0,3
EMP-009016,Support,San Francisco,2019-08-21,Terminated,83743.0,30.0,4
EMP-009017,Marketing,Chicago,2015-03-19,Active,101473.0,40.0,5
EMP-009018,It,Remote,2023-06-16,Active,111901.0,40.0,3
EMP-009019,Sales,London,2020-10-17,Terminated,81942.0,40.0,4
EMP-009020,Support,Chicago,2015-10-29,Active,63920.0,40.0,3
EMP-009021,It,London,2015-03-10,Active,100975.0,40.0,3
EMP-009022,Finance,New York,2015-06-16,Terminated,59634.0,40.0,3
EMP-009023,Support,Remote,2020-06-26,Active,74928.5,35.0,4
EMP-009024,Sales,Remote,2020-07-11,Active,98475.0,35.0,3
EMP-009025,Sales,San Francisco,2019-07-01,Active,108098.0,40.0,4
EMP-009026,Support,Remote,2017-10-05,Terminated,54455.0,40.0,3
EMP-009027,It,London,2019-10-14,Terminated,124021.0,40.0,3
EMP-009028,Sales,Chicago,2019-08-25,On Leave,89576.0,40.0,3
EMP-009029,Sales,London,2015-03-05,Active,85849.0,35.0,4
EMP-009030,Hr,New York,2017-07-17,Terminated,62083.0,40.0,2
EMP-009031,Finance,Chicago,2015-06-24,Terminated,100432.0,40.0,4
EMP-009032,Sales,San Francisco,2023-02-06,Active,74928.5,40.0,3
EMP-009033,Finance,Remote,2021-07-11,Terminated,66505.0,20.0,4
EMP-009034,Support,San Francisco,2023-12-19,On Leave,56671.0,40.0,4
EMP-009035,Marketing,Chicago,2017-09-20,Active,42277.0,40.0,3
EMP-009036,Sales,Chicago,2022-11-27,Terminated,96575.0,40.0,2
EMP-009037,Hr,Remote,2020-06-05,Terminated,83528.0,40.0,5
EMP-009038,Sales,San Francisco,2019-01-29,Active,95117.0,30.0,3
EMP-009039,Finance,San Francisco,2017-01-01,On Leave,68042.0,20.0,1
EMP-009040,Sales,San Francisco,2021-08-24,Terminated,99627.0,40.0,3
EMP-009041,Hr,New York,2023-02-19,Terminated,76929.0,40.0,3
EMP-009042,Marketing,London,2017-02-12,Active,63196.0,40.0,5
EMP-009043,Support,Chicago,2016-07-30,Active,59028.0,40.0,3
EMP-009044,It,London,2021-04-07,Active,25427.0,40.0,2
EMP-009045,Sales,New York,2023-10-17,Terminated,104109.0,20.0,3
EMP-009046,Sales,New York,2021-10-01,Active,101273.0,40.0,3
EMP-009047,It,New York,2017-07-24,Active,148184.0,40.0,4
EMP-009048,Finance,Remote,2018-10-12,Active,66635.0,20.0,2
EMP-009049,Support,London,2018-06-17,Active,58330.0,35.0,3
EMP-009050,It,London,2022-09-01,Terminated,32464.0,40.0,4
EMP-009051,Support,London,2021-12-10,Terminated,98999.0,40.0,3
EMP-009052,Sales,San Francisco,2020-04-19,Active,93246.0,40.0,3
EMP-009053,Sales,Remote,2017-06-22,Active,113794.0,40.0,3
EMP-009054,Marketing,Chicago,2023-06-11,Active,52084.0,30.0,3
EMP-009055,Support,Remote,2020-11-17,Active,92909.0,35.0,4
EMP-009056,Sales,Remote,2023-09-25,Terminated,61949.0,40.0,5
EMP-009057,Sales,Remote,2020-03-21,Active,108593.0,40.0,1
EMP-009058,It,Chicago,2022-05-23,Active,88405.0,40.0,3
EMP-009059,Support,London,2022-04-26,Terminated,74928.5,40.0,3
EMP-009060,Sales,London,2018-01-13,Terminated,71720.0,40.0,2
EMP-009061,It,Remote,2023-09-04,Terminated,26297.0,20.0,3
EMP-009062,Sales,New York,2015-03-14,Terminated,45918.0,40.0,1
EMP-009063,Hr,Remote,2021-12-01,Terminated,47430.0,20.0,3
EMP-009064,Sales,Remote,2023-09-09,Terminated,58976.0,35.0,3
EMP-009065,It,Chicago,2018-01-18,Terminated,68433.0,40.0,3
EMP-009066,It,London,2020-10-31,On Leave,79115.0,30.0,3
EMP-009067,It,New York,2020-01-23,Terminated,77864.0,40.0,5
EMP-009068,Sales,Remote,2021-11-08,Active,74928.5,30.0,3
EMP-009069,Finance,London,2022-10-18,Active,83310.0,40.0,4
EMP-009070,Finance,Chicago,2020-06-05,Active,43755.0,0.0,3
EMP-009071,Marketing,London,2022-05-05,Terminated,76829.0,30.0,4
EMP-009072,Finance,Chicago,2017-10-23,Terminated,110861.0,0.0,1
EMP-009073,It,London,2017-01-21,On Leave,70855.0,20.0,3
EMP-009074,Marketing,London,2018-11-16,Active,87367.0,40.0,4
EMP-009075,Sales,London,2021-02-05,Active,85041.0,20.0,3
EMP-009076,Sales,New York,2016-09-07,Terminated,96557.0,40.0,5
EMP-009077,Sales,Chicago,2021-02-14,Active,82178.0,40.0,3
EMP-009078,Support,San Francisco,2018-07-19,Active,74928.5,30.0,3
EMP-009079,It,Remote,2022-02-28,Terminated,87682.0,40.0,3
EMP-009080,It,San Francisco,2015-05-02,Active,91432.0,40.0,3
EMP-009081,It,San Francisco,2021-01-04,Active,86053.0,20.0,3
EMP-009082,It,San Francisco,2020-11-05,Active,49830.0,40.0,3
EMP-009083,Marketing,Remote,2023-06-20,Active,45731.0,40.0,3
EMP-009084,Sales,San Francisco,2021-06-02,Active,66169.0,40.0,3
EMP-009085,Hr,London,2022-03-02,Active,113791.0,30.0,4
EMP-009086,It,Chicago,2023-02-21,Active,70709.0,20.0,1
EMP-009087,Hr,London,2021-01-27,Active,82739.0,40.0,3
EMP-009088,Sales,New York,2017-08-11,Terminated,25817.0,40.0,4
EMP-009089,Hr,San Francisco,2022-10-29,Active,79844.0,20.0,2
EMP-009090,Finance,London,2021-09-23,Active,77148.0,40.0,3
EMP-009091,Sales,San Francisco,2018-10-27,Active,8167.0,40.0,3
EMP-009092,It,New York,2021-05-24,Active,82272.0,40.0,4
EMP-009093,It,New York,2022-10-23,Active,33725.0,0.0,3
EMP-009094,Hr,San Francisco,2023-10-12,Active,56866.0,40.0,3
EMP-009095,It,London,2023-07-28,Terminated,99862.0,40.0,5
EMP-009096,Sales,London,2017-12-05,Active,74928.5,40.0,3
EMP-009097,Sales,New York,2018-10-18,Active,63789.0,40.0,5
EMP-009098,Finance,Chicago,2015-12-27,Active,61648.0,40.0,2
EMP-009099,Sales,London,2017-03-24,Active,64550.0,40.0,3
EMP-009100,It,Chicago,2022-12-10,Active,79022.0,30.0,4
EMP-009101,Hr,London,2018-04-01,Terminated,44984.0,30.0,3
EMP-009102,Sales,London,2020-08-01,Active,103110.0,40.0,3
EMP-009103,Sales,Remote,2020-12-29,Terminated,46311.0,40.0,3
EMP-009104,It,Remote,2022-01-13,Active,74928.5,40.0,5
EMP-009105,Support,London,2016-08-23,Active,99779.0,40.0,3
EMP-009106,Sales,San Francisco,2017-09-28,Active,64077.0,40.0,5
EMP-009107,Hr,Remote,2019-01-13,Active,76761.0,40.0,4
EMP-009108,Finance,San Francisco,2018-04-14,Active,91366.0,40.0,3
EMP-009109,It,Chicago,2023-11-05,Active,57014.0,40.0,1
EMP-009110,Finance,New York,2022-07-07,Active,78429.0,40.0,3
EMP-009111,Hr,London,2019-04-26,Active,91205.0,0.0,3
EMP-009112,It,San Francisco,2022-11-30,Terminated,116081.0,20.0,4
EMP-009113,It,Chicago,2018-02-16,Active,62224.0,35.0,3
EMP-009114,It,London,2022-01-27,Active,63426.0,40.0,5
EMP-009115,It,San Francisco,2017-01-05,Active,89083.0,40.0,2
EMP-009116,Finance,Chicago,2021-12-13,Terminated,80215.0,40.0,5
EMP-009117,Finance,New York,2019-02-09,Active,71574.0,40.0,3
EMP-009118,Hr,London,2015-12-20,Terminated,114817.0,40.0,3
EMP-009119,It,San Francisco,2017-06-17,Active,32939.0,0.0,4
EMP-009120,Finance,Remote,2018-08-15,Active,39456.0,40.0,4
EMP-009121,It,Chicago,2021-09-28,Active,33228.0,20.0,5
EMP-009122,Finance,San Francisco,2015-08-28,Terminated,105042.0,40.0,5
EMP-009123,It,New York,2020-12-07,Active,87868.0,40.0,3
EMP-009124,Sales,London,2021-06-11,Active,40731.0,40.0,3
EMP-009125,Sales,San Francisco,2020-11-19,Active,71924.0,40.0,3
EMP-009126,Support,San Francisco,2021-11-05,Terminated,74308.0,0.0,3
EMP-009127,Sales,London,2016-08-08,Terminated,19770.0,40.0,3
EMP-009128,It,Remote,2020-04-13,Active,79707.0,40.0,4
EMP-009129,Marketing,Chicago,2023-06-21,Active,45561.0,40.0,3
EMP-009130,Sales,Remote,2020-06-30,Active,92667.0,30.0,4
EMP-009131,Sales,London,2020-07-02,Terminated,46326.0,20.0,4
EMP-009132,Marketing,San Francisco,2021-08-17,Active,80479.0,40.0,4
EMP-009133,Finance,Remote,2017-12-31,Active,107364.0,20.0,2
EMP-009134,Support,London,2021-04-21,Active,99364.0,40.0,4
EMP-009135,Support,San Francisco,2023-03-31,Active,87679.0,40.0,3
EMP-009136,Finance,Remote,2015-02-05,Terminated,72967.0,40.0,5
EMP-009137,Finance,London,2022-10-31,Terminated,37497.0,40.0,5
EMP-009138,It,Remote,2016-12-19,Terminated,64023.0,40.0,3
EMP-009139,Finance,Chicago,2019-02-07,Active,69350.0,40.0,4
EMP-009140,Hr,San Francisco,2022-09-02,On Leave,67554.0,40.0,4
EMP-009141,Sales,Chicago,2022-06-01,Active,36662.0,40.0,3
EMP-009142,Finance,London,2023-01-10,Active,85861.0,40.0,3
EMP-009143,Hr,Chicago,2023-06-19,Active,45477.0,40.0,3
EMP-009144,Finance,Chicago,2019-01-09,Active,113653.0,40.0,2
EMP-009145,It,London,2020-11-27,Active,78701.0,40.0,4
EMP-009146,Hr,New York,2018-07-07,Active,99482.0,40.0,3
EMP-009147,Sales,London,2018-02-26,Active,98965.0,40.0,3
EMP-009148,Sales,Chicago,2018-11-19,Active,126948.0,40.0,3
EMP-009149,Hr,Remote,2021-09-08,Active,79547.0,40.0,3
EMP-009150,It,London,2019-07-07,Active,65248.0,40.0,3
EMP-009151,It,New York,2022-04-29,Active,65730.0,40.0,5
EMP-009152,Marketing,San Francisco,2021-09-15,Active,112403.0,40.0,5
EMP-009153,Sales,Remote,2015-03-09,Active,41994.0,30.0,4
EMP-009154,Hr,Chicago,2020-09-02,Active,53047.0,40.0,2
EMP-009155,It,Remote,2018-12-06,Terminated,80925.0,40.0,3
EMP-009156,It,New York,2019-02-09,Active,71180.0,40.0,4
EMP-009157,Sales,London,2022-05-13,Active,99191.0,40.0,5
EMP-009158,Sales,Remote,2019-12-05,Terminated,41533.0,0.0,3
EMP-009159,It,Remote,2022-12-21,Terminated,73326.0,20.0,3
EMP-009160,Finance,Chicago,2021-05-31,Active,70325.0,40.0,3
EMP-009161,It,New York,2019-12-23,Active,48194.0,40.0,3
EMP-009162,Finance,New York,2021-10-16,Active,96967.0,40.0,3
EMP-009163,Marketing,Remote,2015-05-07,Terminated,72705.0,40.0,3
EMP-009164,It,San Francisco,2015-03-31,Active,71648.0,40.0,4
EMP-009165,Support,San Francisco,2015-10-01,Active,74928.5,40.0,3
EMP-009166,Finance,London,2018-12-09,Active,65753.0,40.0,3
EMP-009167,It,San Francisco,2017-02-12,Active,49459.0,40.0,3
EMP-009168,It,London,2023-11-10,Active,96594.0,40.0,3
EMP-009169,Sales,Remote,2019-11-18,Active,100820.0,35.0,3
EMP-009170,It,Remote,2020-12-17,Terminated,117002.0,40.0,5
EMP-009171,It,London,2017-07-05,Active,85851.0,20.0,5
EMP-009172,Hr,Remote,2017-11-23,Active,66520.0,40.0,3
EMP-009173,Hr,Remote,2018-01-07,Active,63276.0,40.0,3
EMP-009174,It,New York,2021-04-15,Active,87266.0,30.0,3
EMP-009175,Sales,London,2019-04-07,Active,80022.0,40.0,4
EMP-009176,Finance,New York,2019-08-29,Active,70645.0,40.0,3
EMP-009177,It,Remote,2020-04-29,Terminated,68448.0,40.0,5
EMP-009178,Sales,London,2021-12-02,Active,104280.0,40.0,3
EMP-009179,Finance,London,2015-10-25,Terminated,64204.0,40.0,3
EMP-009180,It,Remote,2021-12-28,Terminated,108667.0,40.0,3
EMP-009181,It,London,2020-01-26,Active,79553.0,40.0,3
EMP-009182,Hr,London,2021-01-08,Terminated,65803.0,40.0,2
EMP-009183,It,London,2017-12-12,Terminated,55368.0,40.0,3
EMP-009184,It,Remote,2018-09-07,Active,71137.0,30.0,2
EMP-009185,Marketing,London,2017-01-29,Active,87584.0,20.0,3
EMP-009186,Support,Remote,2023-10-24,Active,65575.0,30.0,4
EMP-009187,It,Chicago,2019-06-22,Active,96258.0,40.0,3
EMP-009188,Support,San Francisco,2023-12-19,Active,64326.0,40.0,4
EMP-009189,It,Remote,2019-05-29,Terminated,71880.0,40.0,3
EMP-009190,Support,San Francisco,2016-12-23,Active,42833.0,35.0,3
EMP-009191,Marketing,Remote,2019-07-26,Terminated,88987.0,40.0,5
EMP-009192,Hr,London,2015-05-11,Terminated,68321.0,40.0,2
EMP-009193,Sales,London,2023-02-21,Active,114472.0,40.0,2
EMP-009194,Finance,San Francisco,2022-05-14,Active,92620.0,40.0,2
EMP-009195,Support,Chicago,2021-07-13,Active,77112.0,40.0,3
EMP-009196,Marketing,London,2020-06-27,Active,105629.0,20.0,4
EMP-009197,Support,Chicago,2020-03-20,On Leave,85128.0,40.0,3
EMP-009198,Hr,New York,2023-12-21,Active,100207.0,40.0,3
EMP-009199,Support,London,2017-07-02,Active,53441.0,40.0,3
EMP-009200,Marketing,San Francisco,2022-01-06,Active,86530.0,40.0,3
EMP-009201,It,London,2020-03-26,On Leave,87568.0,40.0,3
EMP-009202,Marketing,Chicago,2023-10-13,Active,36381.0,40.0,3
EMP-009203,Sales,London,2022-06-13,Terminated,112666.0,35.0,3
EMP-009204,Sales,London,2023-12-27,Terminated,45992.0,40.0,3
EMP-009205,Sales,London,2020-04-17,On Leave,42526.0,40.0,3
EMP-009206,Sales,New York,2016-11-03,Active,3783.0,40.0,3
EMP-009207,Hr,London,2019-07-14,Active,86846.0,40.0,3
EMP-009208,It,London,2021-05-26,Active,33923.0,20.0,3
EMP-009209,Sales,Remote,2021-12-20,Active,62077.0,40.0,3
EMP-009210,Hr,Remote,2015-01-02,Terminated,95947.0,40.0,3
EMP-009211,It,London,2019-07-19,Active,79801.0,40.0,5
EMP-009212,Support,New York,2017-02-12,Active,74928.5,20.0,3
EMP-009213,It,New York,2022-11-15,Active,35233.0,40.0,3
EMP-009214,Marketing,San Francisco,2016-05-17,Active,72310.0,40.0,5
EMP-009215,Sales,London,2020-12-30,Active,96382.0,40.0,1
EMP-009216,Support,San Francisco,2017-05-24,Active,92521.0,20.0,3
EMP-009217,Marketing,Remote,2018-03-17,Terminated,119670.0,40.0,4
EMP-009218,Hr,Chicago,2023-06-19,Active,58664.0,40.0,3
EMP-009219,It,London,2017-03-01,Active,42074.0,40.0,4
EMP-009220,Marketing,Chicago,2015-11-09,Active,82749.0,40.0,3
EMP-009221,Support,Remote,2015-08-16,Active,80286.0,40.0,4
EMP-009222,Sales,Remote,2019-07-17,Terminated,74879.0,40.0,3
EMP-009223,Sales,London,2020-10-10,Terminated,56340.0,40.0,2
EMP-009224,Sales,San Francisco,2017-12-11,Active,8666.0,40.0,2
EMP-009225,It,San Francisco,2021-03-18,Active,49835.0,40.0,5
EMP-009226,Marketing,London,2015-07-20,Active,88927.0,40.0,4
EMP-009227,Sales,London,2022-09-19,On Leave,82099.0,0.0,3
EMP-009228,Support,San Francisco,2022-05-08,Terminated,99132.0,40.0,3
EMP-009229,Sales,London,2023-11-14,Active,83630.0,40.0,3
EMP-009230,It,London,2023-06-06,Active,93400.0,40.0,3
EMP-009231,Hr,New York,2018-03-16,Active,94118.0,40.0,3
EMP-009232,Sales,San Francisco,2018-08-05,Terminated,75512.0,40.0,4
EMP-009233,Hr,London,2021-09-17,Terminated,75687.0,30.0,3
EMP-009234,Support,London,2016-03-16,Active,2278.0,40.0,3
EMP-009235,It,London,2017-10-29,Active,58585.0,40.0,4
EMP-009236,Sales,London,2016-01-25,Terminated,59665.0,0.0,2
EMP-009237,It,San Francisco,2019-02-04,Active,72280.0,40.0,1
EMP-009238,Finance,New York,2019-12-20,On Leave,51742.0,40.0,4
EMP-009239,Finance,San Francisco,2016-11-25,Active,98439.0,40.0,3
EMP-009240,It,London,2015-03-29,Terminated,52962.0,40.0,4
EMP-009241,Support,New York,2021-06-22,Active,74928.5,40.0,3
EMP-009242,It,Chicago,2015-03-07,Active,50971.0,40.0,3
EMP-009243,It,Remote,2023-10-05,On Leave,59906.0,40.0,1
EMP-009244,Hr,San Francisco,2016-12-29,Terminated,58005.0,20.0,3
EMP-009245,Sales,Remote,2020-12-22,Active,62594.0,40.0,1
EMP-009246,Marketing,London,2018-11-30,Active,104466.0,40.0,3
EMP-009247,Sales,New York,2015-07-16,Terminated,66823.0,40.0,2
EMP-009248,It,London,2019-04-02,Terminated,67459.0,20.0,3
EMP-009249,It,London,2019-08-26,Terminated,56455.0,40.0,5
EMP-009250,Marketing,London,2022-09-10,Active,68505.0,30.0,5
EMP-009251,Finance,New York,2021-08-04,Active,80411.0,40.0,1
EMP-009252,Marketing,Chicago,2015-09-18,On Leave,69621.0,40.0,5
EMP-009253,Sales,San Francisco,2016-11-18,Terminated,71243.0,40.0,4
EMP-009254,It,Remote,2017-10-22,Active,100401.0,40.0,3
EMP-009255,Sales,London,2016-01-18,Active,81841.0,20.0,3
EMP-009256,Marketing,New York,2019-02-10,Active,46228.0,20.0,3
EMP-009257,Sales,London,2023-11-10,Terminated,72868.0,40.0,4
EMP-009258,Support,Chicago,2019-08-19,Terminated,74928.5,40.0,3
EMP-009259,It,London,2021-09-04,On Leave,74928.5,40.0,2
EMP-009260,It,London,2021-02-22,Active,77573.0,40.0,5
EMP-009261,Support,Chicago,2022-08-25,Active,103258.0,40.0,4
EMP-009262,Marketing,San Francisco,2016-12-10,On Leave,56499.0,40.0,3
EMP-009263,It,London,2021-10-13,Active,70189.0,40.0,2
EMP-009264,Hr,Chicago,2022-12-07,Active,48397.0,40.0,5
EMP-009265,Support,New York,2016-07-17,Active,73955.0,40.0,2
EMP-009266,Support,New York,2018-02-13,Active,36585.0,40.0,1
EMP-009267,Marketing,Remote,2023-09-24,Active,83037.0,40.0,3
EMP-009268,Finance,Chicago,2022-01-10,Active,73614.0,40.0,4
EMP-009269,Marketing,London,2017-07-17,Active,78880.0,40.0,4
EMP-009270,Support,London,2020-01-28,Active,94703.0,40.0,3
EMP-009271,It,Remote,2018-08-22,Active,80620.0,40.0,3
EMP-009272,Sales,Remote,2019-05-30,Active,43081.0,40.0,1
EMP-009273,Finance,San Francisco,2018-03-13,On Leave,61103.0,40.0,3
EMP-009274,Marketing,Remote,2017-07-07,Active,72995.0,40.0,2
EMP-009275,Sales,Chicago,2021-01-26,Active,66798.0,20.0,3
EMP-009276,It,London,2022-01-03,On Leave,69851.0,30.0,2
EMP-009277,Marketing,Remote,2022-11-12,Active,115536.0,20.0,4
EMP-009278,Support,New York,2016-05-25,Active,77509.0,20.0,4
EMP-009279,Sales,San Francisco,2022-05-28,Active,74928.5,40.0,3
EMP-009280,Support,London,2017-04-17,Terminated,24780.0,30.0,5
EMP-009281,Hr,London,2018-11-05,Terminated,93650.0,40.0,3
EMP-009282,Sales,London,2023-02-11,Active,146299.0,40.0,5
EMP-009283,Sales,Chicago,2019-02-02,Active,74928.5,35.0,2
EMP-009284,Marketing,Remote,2016-10-09,Terminated,63995.0,40.0,4
EMP-009285,Support,London,2016-06-09,Active,132026.0,40.0,3
EMP-009286,It,London,2019-04-04,Terminated,75687.0,35.0,2
EMP-009287,Sales,London,2021-11-11,Active,82664.0,20.0,4
EMP-009288,Finance,New York,2023-12-22,Active,68314.0,40.0,3
EMP-009289,Sales,Remote,2022-02-01,Active,67667.0,40.0,5
EMP-009290,Finance,London,2022-11-22,Active,18798.0,40.0,3
EMP-009291,It,San Francisco,2021-09-24,Active,94687.0,40.0,4
EMP-009292,Sales,Remote,2023-01-22,Active,74928.5,40.0,5
EMP-009293,Sales,Remote,2015-09-08,Active,70298.0,35.0,3
EMP-009294,Marketing,Remote,2023-05-15,Active,81833.0,40.0,3
EMP-009295,Hr,London,2018-07-26,Active,64636.0,40.0,3
EMP-009296,Support,New York,2023-04-18,Active,74928.5,30.0,5
EMP-009297,Support,Chicago,2015-09-06,Terminated,105077.0,40.0,3
EMP-009298,Support,London,2021-06-09,Active,85120.0,20.0,5
EMP-009299,Marketing,Remote,2021-08-15,Active,71163.0,0.0,3
EMP-009300,Finance,San Francisco,2023-12-21,Active,71913.0,40.0,4
EMP-009301,Sales,Remote,2021-12-02,Active,80015.0,20.0,3
EMP-009302,It,Remote,2018-06-11,Active,54196.0,40.0,3
EMP-009303,Support,Remote,2020-01-06,Terminated,80196.0,40.0,3
EMP-009304,Sales,San Francisco,2018-04-19,Active,92114.0,40.0,4
EMP-009305,Support,London,2016-10-06,Terminated,77188.0,30.0,1
EMP-009306,Sales,Remote,2017-03-27,Active,64397.0,40.0,3
EMP-009307,Marketing,London,2016-12-30,Active,67822.0,40.0,5
EMP-009308,It,London,2019-12-09,On Leave,91304.0,40.0,3
EMP-009309,Hr,London,2023-02-26,Active,47496.0,40.0,3
EMP-009310,It,London,2023-03-20,Active,54589.0,40.0,3
EMP-009311,Sales,Chicago,2015-06-30,Active,34827.0,40.0,3
EMP-009312,Support,Remote,2015-09-20,Terminated,75850.0,40.0,3
EMP-009313,Support,London,2017-03-16,Active,96547.0,40.0,3
EMP-009314,It,London,2017-04-18,Active,108287.0,40.0,3
EMP-009315,Finance,London,2015-11-08,Terminated,113717.0,40.0,4
EMP-009316,Sales,San Francisco,2018-06-30,Active,57738.0,40.0,3
EMP-009317,It,Remote,2020-04-15,Terminated,81251.0,35.0,3
EMP-009318,It,London,2020-03-15,Active,64942.0,40.0,4
EMP-009319,Hr,Chicago,2019-11-22,Terminated,116191.0,40.0,2
EMP-009320,Finance,San Francisco,2018-01-18,Terminated,107586.0,40.0,4
EMP-009321,Sales,Remote,2021-05-11,Active,79202.0,40.0,3
EMP-009322,Support,Chicago,2022-06-09,Active,59516.0,40.0,3
EMP-009323,It,Chicago,2018-02-12,Active,74928.5,20.0,3
EMP-009324,Sales,Chicago,2015-10-09,Terminated,39160.0,20.0,3
EMP-009325,Support,Remote,2017-09-01,Active,28693.0,40.0,2
EMP-009326,Sales,London,2016-03-27,Terminated,38844.0,0.0,3
EMP-009327,Finance,New York,2019-03-17,Active,121971.0,40.0,1
EMP-009328,Sales,Chicago,2016-05-27,Active,42624.0,40.0,4
EMP-009329,Sales,San Francisco,2019-03-02,Active,74928.5,40.0,4
EMP-009330,Support,San Francisco,2016-12-27,Active,51987.0,20.0,4
EMP-009331,Hr,Remote,2021-08-25,Active,139964.0,40.0,4
EMP-009332,It,London,2015-04-01,Active,73439.0,40.0,4
EMP-009333,Marketing,London,2019-12-29,Terminated,99855.0,0.0,4
EMP-009334,Support,New York,2016-07-11,Active,79385.0,35.0,3
EMP-009335,Hr,Remote,2015-01-04,Active,25390.0,40.0,3
EMP-009336,Marketing,London,2022-10-28,Terminated,113316.0,40.0,3
EMP-009337,It,Remote,2021-01-16,Active,85027.0,40.0,3
EMP-009338,Sales,London,2015-11-22,Active,71957.0,40.0,3
EMP-009339,Finance,Chicago,2020-12-22,Terminated,119003.0,40.0,3
EMP-009340,Finance,London,2020-07-03,Terminated,66336.0,40.0,4
EMP-009341,It,New York,2019-04-05,Active,71390.0,40.0,3
EMP-009342,It,Remote,2018-10-10,Active,66372.0,40.0,3
EMP-009343,Sales,Remote,2022-12-25,Active,101907.0,20.0,3
EMP-009344,Hr,London,2017-03-16,Terminated,95346.0,35.0,3
EMP-009345,Sales,Remote,2018-08-02,Active,81965.0,40.0,3
EMP-009346,Hr,Chicago,2017-12-17,Active,48706.0,40.0,4
EMP-009347,It,San Francisco,2021-12-09,On Leave,65744.0,0.0,3
EMP-009348,It,Remote,2023-04-01,Active,48698.0,40.0,5
EMP-009349,It,New York,2022-08-25,Active,104009.0,40.0,3
EMP-009350,Marketing,Chicago,2022-03-07,Active,35632.0,40.0,1
EMP-009351,Marketing,Remote,2023-11-18,Active,114859.0,40.0,4
EMP-009352,It,Remote,2021-04-10,Terminated,74928.5,35.0,4
EMP-009353,It,London,2021-10-04,Active,52037.0,40.0,3
EMP-009354,It,Remote,2023-11-05,Active,74928.5,40.0,3
EMP-009355,Marketing,Remote,2015-01-23,Active,57189.0,0.0,3
EMP-009356,Support,Chicago,2020-09-15,Active,85756.0,40.0,3
EMP-009357,It,Remote,2021-08-25,Terminated,110311.0,0.0,4
EMP-009358,It,Remote,2023-04-05,Terminated,104640.0,0.0,3
EMP-009359,Hr,San Francisco,2022-12-15,Active,64177.0,35.0,3
EMP-009360,It,London,2022-07-30,Active,106370.0,40.0,4
EMP-009361,Sales,Chicago,2023-07-06,Active,104296.0,40.0,3
EMP-009362,It,Remote,2019-11-02,Active,70279.0,40.0,3
EMP-009363,Support,New York,2015-01-23,Terminated,74764.0,40.0,4
EMP-009364,Marketing,Remote,2015-02-06,Terminated,113543.0,30.0,2
EMP-009365,It,Remote,2019-11-26,Active,101459.0,20.0,3
EMP-009366,Finance,London,2018-12-01,Active,105620.0,35.0,3
EMP-009367,Sales,Remote,2019-01-23,Active,139635.0,35.0,3
EMP-009368,It,Remote,2018-08-09,Active,88682.0,40.0,2
EMP-009369,Sales,London,2023-04-05,Active,83142.0,40.0,3
EMP-009370,Sales,London,2018-03-26,Active,108948.0,40.0,3
EMP-009371,Sales,London,2022-09-15,Active,124696.0,40.0,3
EMP-009372,Finance,London,2023-02-15,Active,59715.0,40.0,3
EMP-009373,Sales,New York,2019-06-30,Active,74928.5,40.0,3
EMP-009374,Sales,London,2019-01-09,Active,49536.0,40.0,5
EMP-009375,Marketing,New York,2021-11-06,Active,83569.0,40.0,2
EMP-009376,Hr,San Francisco,2021-05-16,Active,97231.0,40.0,4
EMP-009377,Sales,London,2017-12-15,Active,51278.0,40.0,4
EMP-009378,Finance,London,2015-12-04,Active,103345.0,40.0,3
EMP-009379,Sales,London,2017-05-20,Terminated,63667.0,40.0,3
EMP-009380,It,Remote,2016-03-06,Terminated,61630.0,0.0,2
EMP-009381,Marketing,Chicago,2017-08-26,On Leave,103248.0,35.0,3
EMP-009382,It,London,2017-05-10,Terminated,59371.0,20.0,3
EMP-009383,Hr,London,2020-09-27,Active,39913.0,30.0,5
EMP-009384,Marketing,London,2023-08-04,Active,74928.5,40.0,4
EMP-009385,Sales,New York,2021-03-04,Active,71707.0,20.0,1
EMP-009386,Finance,San Francisco,2023-05-04,Active,104951.0,0.0,5
EMP-009387,It,San Francisco,2022-01-21,Active,95825.0,40.0,3
EMP-009388,It,London,2021-07-20,Terminated,31293.0,40.0,5
EMP-009389,Marketing,London,2018-09-23,Terminated,107888.0,0.0,2
EMP-009390,It,London,2017-12-03,Active,122494.0,40.0,4
EMP-009391,Finance,Remote,2022-08-13,Active,100840.0,30.0,3
EMP-009392,It,Remote,2023-02-24,Active,101847.0,40.0,2
EMP-009393,It,New York,2019-01-25,Active,68808.0,40.0,1
EMP-009394,Sales,Remote,2015-01-30,Active,63083.0,40.0,3
EMP-009395,Finance,Chicago,2022-02-18,Active,80311.0,20.0,1
EMP-009396,Sales,Chicago,2017-07-26,Active,97998.0,40.0,3
EMP-009397,Marketing,San Francisco,2015-02-02,Active,97368.0,40.0,3
EMP-009398,Marketing,New York,2022-03-30,Terminated,64055.0,40.0,5
EMP-009399,Sales,Remote,2019-08-28,Active,61521.0,40.0,3
EMP-009400,Support,San Francisco,2021-03-02,Active,74928.5,40.0,4
EMP-009401,Marketing,Chicago,2023-03-26,Active,91173.0,40.0,3
EMP-009402,It,London,2019-11-14,Terminated,65255.0,40.0,3
EMP-009403,Sales,New York,2019-07-12,Terminated,67474.0,40.0,4
EMP-009404,Finance,New York,2017-08-13,Terminated,118197.0,40.0,3
EMP-009405,Marketing,Remote,2017-09-30,Active,89960.0,20.0,5
EMP-009406,Sales,London,2022-03-03,Active,74928.5,40.0,3
EMP-009407,Sales,Remote,2019-01-15,Active,95755.0,40.0,4
EMP-009408,Marketing,Remote,2016-06-21,Active,110515.0,30.0,3
EMP-009409,Finance,London,2015-11-07,Active,34563.0,30.0,3
EMP-009410,Hr,London,2019-04-04,Active,60859.0,40.0,3
EMP-009411,Finance,London,2019-03-09,Terminated,69197.0,40.0,4
EMP-009412,Finance,London,2020-11-17,Active,50541.0,40.0,4
EMP-009413,Finance,London,2019-03-29,Terminated,68369.0,30.0,3
EMP-009414,Marketing,San Francisco,2016-04-16,Active,36222.0,40.0,4
EMP-009415,Support,New York,2019-07-28,Active,98054.0,40.0,3
EMP-009416,Finance,San Francisco,2023-02-28,Active,62062.0,40.0,4
EMP-009417,Sales,London,2016-06-08,Active,80024.0,40.0,5
EMP-009418,It,Remote,2021-03-17,Active,76283.0,40.0,3
EMP-009419,It,New York,2020-05-06,Active,88935.0,40.0,3
EMP-009420,Sales,London,2021-09-26,Terminated,13478.0,40.0,4
EMP-009421,Sales,Remote,2016-05-10,Active,86257.0,40.0,5
EMP-009422,Support,Remote,2023-06-23,Active,68123.0,30.0,3
EMP-009423,Sales,Chicago,2020-08-03,Active,85172.0,40.0,4
EMP-009424,Sales,London,2022-08-16,On Leave,45514.0,40.0,4
EMP-009425,It,London,2017-03-21,Terminated,85342.0,0.0,4
EMP-009426,It,Chicago,2021-08-27,Terminated,107463.0,40.0,3
EMP-009427,It,San Francisco,2022-01-11,Active,79744.0,40.0,3
EMP-009428,Hr,Chicago,2018-07-30,Active,57069.0,0.0,3
EMP-009429,Finance,London,2018-06-16,Active,58162.0,40.0,3
EMP-009430,It,Chicago,2020-12-02,On Leave,89406.0,0.0,4
EMP-009431,It,London,2015-11-04,Active,89241.0,40.0,3
EMP-009432,Marketing,New York,2021-08-14,Active,83914.0,40.0,3
EMP-009433,Marketing,London,2015-05-21,Active,74062.0,40.0,1
EMP-009434,Sales,Remote,2016-09-18,Active,80074.0,40.0,1
EMP-009435,It,Chicago,2020-12-23,Active,74928.5,30.0,3
EMP-009436,Sales,New York,2015-11-20,Active,65478.0,40.0,1
EMP-009437,Finance,London,2023-09-30,Active,74928.5,30.0,3
EMP-009438,Finance,San Francisco,2022-10-25,Terminated,82753.0,0.0,3
EMP-009439,Hr,San Francisco,2020-08-20,Active,107264.0,40.0,4
EMP-009440,Sales,London,2022-05-16,Active,102922.0,40.0,3
EMP-009441,Sales,Chicago,2022-12-27,Active,81937.0,40.0,3
EMP-009442,Support,San Francisco,2017-05-02,Terminated,89885.0,40.0,3
EMP-009443,Sales,Remote,2022-08-24,Active,51070.0,40.0,1
EMP-009444,Finance,London,2016-10-02,Active,73060.0,40.0,2
EMP-009445,Sales,New York,2018-09-20,Active,83567.0,40.0,5
EMP-009446,Sales,Remote,2020-01-09,Active,35432.0,40.0,5
EMP-009447,Finance,Chicago,2021-06-04,Active,85736.0,20.0,3
EMP-009448,It,San Francisco,2015-04-10,Active,51019.0,40.0,3
EMP-009449,Sales,London,2017-08-12,Terminated,53760.0,40.0,4
EMP-009450,It,Remote,2020-06-23,Terminated,61763.0,40.0,2
EMP-009451,Sales,Remote,2018-03-20,On Leave,74237.0,40.0,3
EMP-009452,Support,San Francisco,2021-12-22,Active,41799.0,40.0,2
EMP-009453,Hr,San Francisco,2020-11-11,Active,96416.0,40.0,4
EMP-009454,Marketing,New York,2017-02-09,Active,79435.0,40.0,1
EMP-009455,Sales,Remote,2016-04-24,Terminated,123124.0,20.0,1
EMP-009456,Marketing,Remote,2020-08-29,Active,82502.0,40.0,4
EMP-009457,Marketing,Chicago,2019-01-20,Active,89270.0,40.0,3
EMP-009458,It,Remote,2016-07-09,Active,53653.0,40.0,3
EMP-009459,It,New York,2017-12-08,Active,45455.0,40.0,5
EMP-009460,Finance,Chicago,2017-09-23,Terminated,90479.0,40.0,3
EMP-009461,Marketing,New York,2015-12-22,Active,47668.0,40.0,3
EMP-009462,Support,Remote,2019-12-03,Active,91046.0,40.0,3
EMP-009463,Marketing,New York,2021-11-15,Active,117663.0,40.0,4
EMP-009464,Sales,New York,2020-03-06,Active,98644.0,40.0,3
EMP-009465,It,New York,2022-06-09,Active,89261.0,40.0,4
EMP-009466,It,London,2016-02-24,On Leave,81737.0,40.0,3
EMP-009467,Sales,London,2018-12-02,Terminated,65401.0,30.0,3
EMP-009468,It,Remote,2020-06-26,Terminated,72136.0,40.0,3
EMP-009469,Sales,Remote,2021-01-31,Active,60864.0,40.0,4
EMP-009470,Sales,London,2021-04-06,Active,42115.0,40.0,5
EMP-009471,Sales,Remote,2021-07-24,Active,75886.0,40.0,5
EMP-009472,Hr,New York,2020-11-11,Active,102697.0,40.0,3
EMP-009473,Hr,Remote,2015-11-06,Active,42780.0,40.0,3
EMP-009474,Finance,London,2021-04-04,Active,109962.0,40.0,3
EMP-009475,It,New York,2021-07-10,Terminated,105430.0,40.0,3
EMP-009476,Support,Chicago,2023-12-10,Active,84925.0,20.0,3
EMP-009477,Support,London,2021-03-29,On Leave,85126.0,30.0,5
EMP-009478,Support,London,2021-03-07,On Leave,70344.0,40.0,1
EMP-009479,Sales,London,2019-08-20,Active,76050.0,40.0,4
EMP-009480,Sales,London,2022-10-23,Active,63410.0,40.0,3
EMP-009481,Hr,New York,2023-12-21,Terminated,75791.0,40.0,3
EMP-009482,It,Remote,2022-01-04,Active,78496.0,40.0,4
EMP-009483,Sales,San Francisco,2020-07-06,Active,122031.0,40.0,3
EMP-009484,It,Chicago,2015-09-17,Active,89140.0,40.0,5
EMP-009485,Hr,Chicago,2021-07-16,Active,69765.0,35.0,4
EMP-009486,Hr,Remote,2021-05-18,Terminated,72527.0,40.0,3
EMP-009487,Marketing,New York,2021-12-24,Active,57169.0,35.0,4
EMP-009488,Marketing,Remote,2016-02-14,Active,61289.0,40.0,3
EMP-009489,Sales,London,2020-11-18,Active,74928.5,30.0,3
EMP-009490,It,San Francisco,2017-08-30,Active,62651.0,40.0,3
EMP-009491,It,New York,2021-11-04,Terminated,59562.0,40.0,3
EMP-009492,It,New York,2017-03-01,Active,60187.0,40.0,3
EMP-009493,It,London,2021-02-26,Active,56771.0,20.0,3
EMP-009494,Sales,Remote,2017-08-27,Terminated,103180.0,40.0,4
EMP-009495,Sales,San Francisco,2015-01-30,Active,78568.0,40.0,3
EMP-009496,Sales,London,2020-09-12,Active,67942.0,40.0,4
EMP-009497,Finance,New York,2016-01-08,Active,75732.0,40.0,3
EMP-009498,Sales,Chicago,2020-12-07,Terminated,80432.0,40.0,3
EMP-009499,It,Chicago,2023-05-01,Active,56318.0,40.0,4
EMP-009500,Marketing,San Francisco,2023-09-21,Active,40260.0,20.0,3
EMP-009501,Finance,London,2017-02-14,Active,108463.0,40.0,5
EMP-009502,Sales,San Francisco,2022-04-14,Active,99701.0,40.0,3
EMP-009503,Finance,New York,2018-03-08,Active,84445.0,40.0,3
EMP-009504,Support,London,2023-02-07,Active,97980.0,40.0,3
EMP-009505,It,London,2022-02-01,Terminated,122859.0,40.0,3
EMP-009506,Finance,Chicago,2015-08-31,Active,61615.0,40.0,4
EMP-009507,It,London,2018-08-31,Active,46999.0,40.0,3
EMP-009508,Sales,Remote,2018-01-13,Active,91538.0,20.0,3
EMP-009509,It,San Francisco,2022-01-24,Active,38329.0,40.0,2
EMP-009510,It,London,2018-09-10,Active,75949.0,30.0,3
EMP-009511,It,Remote,2021-02-28,Active,67539.0,40.0,1
EMP-009512,Marketing,Remote,2020-06-03,Terminated,91847.0,20.0,5
EMP-009513,Support,Remote,2023-10-12,Active,62943.0,40.0,1
EMP-009514,Marketing,Chicago,2023-06-10,Active,104994.0,40.0,5
EMP-009515,It,San Francisco,2018-11-06,Active,56328.0,0.0,3
EMP-009516,It,Remote,2021-07-06,Active,92645.0,40.0,4
EMP-009517,It,New York,2022-06-19,Terminated,74928.5,40.0,3
EMP-009518,Hr,London,2023-02-02,Active,88711.0,40.0,3
EMP-009519,Support,Remote,2015-08-12,Active,49634.0,40.0,3
EMP-009520,It,London,2017-09-19,Active,74397.0,40.0,3
EMP-009521,Sales,London,2017-11-18,Active,108052.0,0.0,3
EMP-009522,It,London,2018-11-29,Terminated,77875.0,40.0,4
EMP-009523,It,London,2016-07-10,Active,104577.0,40.0,1
EMP-009524,It,Remote,2019-06-20,Active,74343.0,40.0,2
EMP-009525,Sales,London,2020-12-19,Active,62374.0,40.0,3
EMP-009526,Marketing,Chicago,2019-06-23,Active,79300.0,20.0,2
EMP-009527,Marketing,San Francisco,2020-12-28,Terminated,90460.0,40.0,4
EMP-009528,It,San Francisco,2015-08-07,Active,27362.0,40.0,1
EMP-009529,Sales,London,2022-11-19,On Leave,88057.0,40.0,4
EMP-009530,Hr,London,2023-06-14,Active,51504.0,40.0,3
EMP-009531,Marketing,New York,2020-07-24,Active,45289.0,20.0,4
EMP-009532,Sales,London,2022-12-07,Terminated,88464.0,40.0,3
EMP-009533,Hr,London,2016-03-08,Active,108463.0,40.0,3
EMP-009534,It,San Francisco,2022-03-06,Active,80410.0,40.0,3
EMP-009535,Support,Remote,2016-01-27,Active,41115.0,40.0,3
EMP-009536,Finance,New York,2018-09-03,Active,58236.0,20.0,2
EMP-009537,Finance,San Francisco,2017-11-30,Terminated,64543.0,30.0,3
EMP-009538,It,Remote,2020-04-08,On Leave,79902.0,40.0,3
EMP-009539,Marketing,London,2017-09-18,Terminated,73203.0,40.0,4
EMP-009540,Sales,Remote,2020-09-25,Active,87381.0,40.0,3
EMP-009541,Support,New York,2018-04-22,Terminated,99999.0,40.0,4
EMP-009542,It,Chicago,2022-09-30,Terminated,83619.0,20.0,3
EMP-009543,Hr,New York,2020-09-14,Active,97452.0,40.0,3
EMP-009544,It,New York,2016-12-08,Active,68257.0,30.0,4
EMP-009545,Support,London,2018-01-09,Active,157398.0,40.0,3
EMP-009546,Sales,London,2022-08-17,Terminated,88830.0,40.0,3
EMP-009547,Support,London,2018-06-24,Active,92101.0,40.0,3
EMP-009548,Marketing,Chicago,2019-10-28,Terminated,118942.0,0.0,4
EMP-009549,Sales,Chicago,2020-11-03,Active,77204.0,40.0,3
EMP-009550,Hr,Chicago,2018-02-17,Active,58862.0,40.0,3
EMP-009551,Sales,San Francisco,2017-08-24,Active,107661.0,40.0,3
EMP-009552,Support,San Francisco,2019-04-12,Active,109129.0,40.0,3
EMP-009553,Marketing,London,2016-12-07,Active,78838.0,40.0,3
EMP-009554,Sales,London,2017-07-23,Active,118991.0,40.0,3
EMP-009555,Sales,Chicago,2015-07-24,Active,72918.0,20.0,3
EMP-009556,Marketing,San Francisco,2017-09-26,Active,98307.0,40.0,4
EMP-009557,Sales,Remote,2017-11-20,Active,112888.0,40.0,5
EMP-009558,Sales,San Francisco,2023-08-28,Active,77458.0,40.0,3
EMP-009559,Sales,London,2020-04-22,Terminated,86420.0,40.0,3
EMP-009560,Sales,San Francisco,2022-02-01,Terminated,100650.0,20.0,3
EMP-009561,It,London,2015-05-30,On Leave,65845.0,40.0,4
EMP-009562,It,Chicago,2015-12-17,Active,54646.0,40.0,3
EMP-009563,Support,London,2022-05-01,Active,108325.0,0.0,3
EMP-009564,Marketing,Chicago,2020-08-11,Active,82669.0,40.0,1
EMP-009565,It,Chicago,2016-09-19,Terminated,62360.0,40.0,3
EMP-009566,Sales,Remote,2018-08-23,Active,77353.0,20.0,5
EMP-009567,It,London,2019-11-06,Terminated,87713.0,40.0,3
EMP-009568,Hr,Remote,2022-08-04,Active,35768.0,40.0,3
EMP-009569,Support,London,2015-07-18,Active,92900.0,35.0,4
EMP-009570,Marketing,New York,2020-05-15,Active,85211.0,40.0,4
EMP-009571,Marketing,Remote,2021-06-14,Terminated,116377.0,40.0,3
EMP-009572,Finance,Remote,2023-10-20,Active,69525.0,30.0,3
EMP-009573,Marketing,London,2022-04-07,Active,109428.0,20.0,2
EMP-009574,Support,London,2017-06-26,Active,73884.0,40.0,3
EMP-009575,Hr,San Francisco,2021-05-21,Terminated,78479.0,40.0,3
EMP-009576,Marketing,London,2021-11-13,Active,82024.0,40.0,3
EMP-009577,Finance,Chicago,2021-07-26,Active,127331.0,40.0,4
EMP-009578,Support,Chicago,2022-05-19,Active,44013.0,40.0,3
EMP-009579,Sales,Chicago,2023-02-18,Active,87377.0,40.0,1
EMP-009580,It,London,2015-11-20,Terminated,76056.0,40.0,2
EMP-009581,It,Chicago,2015-12-11,Active,74287.0,40.0,3
EMP-009582,Sales,Remote,2022-03-02,On Leave,89575.0,40.0,3
EMP-009583,It,San Francisco,2017-04-09,Active,102650.0,40.0,5
EMP-009584,Marketing,Chicago,2015-07-12,Active,88291.0,40.0,2
EMP-009585,Sales,London,2018-08-11,Terminated,105880.0,40.0,4
EMP-009586,It,San Francisco,2022-05-18,Active,68726.0,40.0,3
EMP-009587,It,Chicago,2016-02-21,On Leave,73786.0,20.0,3
EMP-009588,It,New York,2021-01-17,Terminated,49978.0,40.0,3
EMP-009589,Sales,Chicago,2015-01-12,Active,74928.5,20.0,4
EMP-009590,Marketing,Remote,2015-12-27,Active,70332.0,40.0,3
EMP-009591,Marketing,London,2018-02-27,Active,67570.0,40.0,5
EMP-009592,It,Remote,2015-10-02,Active,90167.0,40.0,3
EMP-009593,Sales,San Francisco,2022-08-12,Active,102677.0,40.0,3
EMP-009594,It,Remote,2022-10-11,Active,57698.0,35.0,3
EMP-009595,Marketing,New York,2021-10-19,Active,104667.0,40.0,3
EMP-009596,Sales,New York,2017-03-08,Active,67417.0,40.0,3
EMP-009597,Marketing,Remote,2019-09-16,Active,110765.0,20.0,3
EMP-009598,Support,Remote,2016-08-28,Active,61477.0,40.0,1
EMP-009599,Sales,San Francisco,2017-07-13,Terminated,74928.5,40.0,3
EMP-009600,It,New York,2019-08-24,Active,76068.0,40.0,3
EMP-009601,Support,New York,2021-08-12,Active,46841.0,20.0,3
EMP-009602,Sales,Chicago,2015-11-08,Terminated,39601.0,40.0,4
EMP-009603,Hr,Remote,2017-09-02,Terminated,56426.0,40.0,3
EMP-009604,It,London,2023-05-04,Active,99814.0,20.0,3
EMP-009605,Support,London,2018-11-11,Active,26421.0,40.0,3
EMP-009606,It,London,2023-06-14,Active,83349.0,30.0,3
EMP-009607,Finance,London,2023-12-03,Active,81172.0,0.0,4
EMP-009608,Sales,New York,2019-09-28,Terminated,32943.0,40.0,4
EMP-009609,Hr,San Francisco,2017-08-04,Active,55078.0,40.0,3
EMP-009610,Finance,San Francisco,2022-02-12,Terminated,55030.0,40.0,3
EMP-009611,Finance,Chicago,2016-06-07,Active,76317.0,40.0,3
EMP-009612,Marketing,San Francisco,2017-04-08,Terminated,111658.0,20.0,3
EMP-009613,Finance,Chicago,2022-01-23,Active,101874.0,40.0,2
EMP-009614,Sales,New York,2018-11-26,Active,65992.0,40.0,4
EMP-009615,Support,New York,2016-10-24,Active,54265.0,40.0,2
EMP-009616,Sales,London,2020-11-10,Terminated,36041.0,40.0,5
EMP-009617,Support,New York,2021-08-05,Active,65535.0,40.0,4
EMP-009618,Finance,New York,2016-02-16,Active,52530.0,40.0,5
EMP-009619,Finance,London,2017-06-29,Terminated,74096.0,40.0,1
EMP-009620,Sales,Remote,2016-12-28,Active,74928.5,40.0,3
EMP-009621,Hr,London,2018-06-02,Active,63110.0,40.0,5
EMP-009622,Support,London,2021-11-14,Terminated,63634.0,40.0,5
EMP-009623,Finance,Remote,2021-06-03,Terminated,57655.0,40.0,3
EMP-009624,Marketing,London,2020-12-17,Active,74928.5,30.0,3
EMP-009625,Sales,New York,2015-01-21,Active,110898.0,40.0,3
EMP-009626,It,San Francisco,2016-04-12,Active,87945.0,40.0,3
EMP-009627,Sales,Chicago,2017-01-03,Active,88284.0,40.0,2
EMP-009628,Hr,London,2017-06-12,Active,100299.0,20.0,4
EMP-009629,Sales,Remote,2016-04-26,Terminated,98088.0,0.0,3
EMP-009630,Hr,Remote,2018-09-10,Active,110619.0,40.0,3
EMP-009631,It,Chicago,2015-09-05,Active,89710.0,35.0,3
EMP-009632,Sales,Remote,2021-10-01,Active,80129.0,40.0,3
EMP-009633,Support,Remote,2022-02-02,Terminated,60231.0,0.0,3
EMP-009634,Sales,London,2020-03-02,Active,54396.0,40.0,4
EMP-009635,Sales,New York,2015-10-22,Active,97056.0,40.0,3
EMP-009636,Support,Remote,2023-01-04,Active,72224.0,35.0,4
EMP-009637,It,New York,2023-09-10,Active,41003.0,40.0,3
EMP-009638,It,London,2016-10-27,Active,22674.0,40.0,1
EMP-009639,Hr,San Francisco,2021-05-05,Active,128691.0,40.0,4
EMP-009640,Finance,Remote,2022-07-30,Terminated,50352.0,40.0,3
EMP-009641,It,London,2019-11-10,Active,57844.0,35.0,4
EMP-009642,Hr,San Francisco,2017-11-28,Active,105702.0,20.0,4
EMP-009643,It,New York,2019-04-23,Terminated,44786.0,40.0,3
EMP-009644,It,Remote,2019-08-11,Active,88285.0,35.0,4
EMP-009645,Marketing,Chicago,2018-08-09,Active,120549.0,40.0,5
EMP-009646,Finance,London,2023-05-15,Active,127846.0,40.0,3
EMP-009647,Hr,London,2021-09-11,Active,74928.5,40.0,3
EMP-009648,Marketing,Remote,2017-03-04,Active,74699.0,40.0,2
EMP-009649,Marketing,London,2020-04-08,Active,65090.0,40.0,4
EMP-009650,Sales,Remote,2021-03-13,Active,74551.0,40.0,3
EMP-009651,It,London,2016-04-05,Active,107457.0,40.0,2
EMP-009652,Sales,London,2018-03-24,Terminated,40017.0,30.0,3
EMP-009653,Support,Remote,2023-02-24,Active,91199.0,40.0,3
EMP-009654,It,Chicago,2020-02-08,Active,70113.0,40.0,3
EMP-009655,It,San Francisco,2016-12-14,Active,109213.0,40.0,1
EMP-009656,It,Chicago,2016-02-08,Terminated,107885.0,30.0,3
EMP-009657,Finance,London,2019-08-31,Active,64822.0,40.0,3
EMP-009658,Sales,Remote,2019-12-06,Active,72230.0,20.0,4
EMP-009659,Finance,San Francisco,2018-01-04,Terminated,97319.0,40.0,3
EMP-009660,Hr,London,2020-09-03,Terminated,99583.0,40.0,5
EMP-009661,Marketing,Remote,2015-08-14,Active,13188.0,40.0,3
EMP-009662,Marketing,Chicago,2016-04-22,Active,97239.0,40.0,4
EMP-009663,Sales,New York,2019-12-01,Active,116162.0,40.0,3
EMP-009664,Sales,New York,2015-07-23,Active,81390.0,40.0,5
EMP-009665,Hr,San Francisco,2022-12-05,Active,98754.0,40.0,4
EMP-009666,Sales,San Francisco,2016-04-12,On Leave,106969.0,40.0,3
EMP-009667,Marketing,San Francisco,2021-01-24,Terminated,80540.0,20.0,4
EMP-009668,It,New York,2018-07-09,Active,95356.0,40.0,4
EMP-009669,Finance,Chicago,2018-08-07,Active,75317.0,40.0,5
EMP-009670,It,San Francisco,2021-11-19,Active,73696.0,40.0,3
EMP-009671,Marketing,New York,2019-06-30,Active,58461.0,40.0,3
EMP-009672,Support,San Francisco,2021-07-13,Active,79326.0,40.0,3
EMP-009673,It,San Francisco,2019-07-19,Terminated,122171.0,40.0,3
EMP-009674,Marketing,Remote,2020-05-02,Active,52438.0,40.0,3
EMP-009675,Finance,San Francisco,2021-11-05,Active,90422.0,40.0,3
EMP-009676,Sales,New York,2020-06-19,Active,83024.0,0.0,4
EMP-009677,It,Chicago,2020-07-16,Active,111871.0,40.0,3
EMP-009678,It,New York,2022-02-07,Active,116572.0,30.0,3
EMP-009679,It,New York,2023-07-17,Active,51893.0,40.0,5
EMP-009680,Finance,San Francisco,2018-05-23,On Leave,60645.0,40.0,2
EMP-009681,It,Remote,2020-03-11,Terminated,62010.0,40.0,3
EMP-009682,It,Remote,2015-10-11,Terminated,62895.0,40.0,2
EMP-009683,Hr,London,2018-03-25,Terminated,65039.0,40.0,2
EMP-009684,Support,Remote,2018-09-16,Active,83677.0,35.0,1
EMP-009685,It,Remote,2022-07-08,Terminated,53715.0,40.0,3
EMP-009686,Sales,New York,2019-08-15,Active,57230.0,20.0,4
EMP-009687,It,San Francisco,2021-07-31,Active,55235.0,40.0,3
EMP-009688,Hr,London,2015-03-04,Active,87316.0,40.0,3
EMP-009689,Finance,Remote,2019-03-07,Active,73406.0,0.0,4
EMP-009690,It,London,2023-02-10,Active,68967.0,40.0,3
EMP-009691,Sales,London,2017-01-07,Active,53953.0,40.0,3
EMP-009692,Support,London,2015-04-14,Active,34899.0,40.0,4
EMP-009693,Sales,Chicago,2018-11-25,Active,115788.0,40.0,4
EMP-009694,Finance,San Francisco,2021-05-04,Terminated,67782.0,40.0,3
EMP-009695,Finance,New York,2019-02-02,Active,142762.0,40.0,1
EMP-009696,It,New York,2019-02-20,Active,94320.0,40.0,3
EMP-009697,It,San Francisco,2021-01-10,Active,120731.0,40.0,4
EMP-009698,It,Remote,2017-04-16,Terminated,74928.5,40.0,4
EMP-009699,Sales,London,2021-10-07,Terminated,78963.0,40.0,3
EMP-009700,Sales,Remote,2016-05-18,Terminated,60059.0,40.0,3
EMP-009701,It,Chicago,2018-07-24,Active,50579.0,40.0,4
EMP-009702,Marketing,San Francisco,2020-11-26,Active,102991.0,40.0,5
EMP-009703,It,Remote,2022-06-15,Active,81626.0,40.0,4
EMP-009704,Sales,London,2022-02-14,Active,90413.0,20.0,3
EMP-009705,Marketing,Chicago,2021-06-30,Active,95366.0,40.0,5
EMP-009706,Finance,Remote,2018-03-26,Terminated,83899.0,40.0,3
EMP-009707,It,Remote,2016-02-07,Active,63204.0,40.0,2
EMP-009708,Support,Chicago,2016-12-13,Active,100318.0,40.0,3
EMP-009709,It,San Francisco,2022-10-13,Active,70045.0,40.0,4
EMP-009710,Support,Remote,2022-09-19,Active,77264.0,30.0,4
EMP-009711,It,San Francisco,2023-07-25,Active,92935.0,40.0,3
EMP-009712,Finance,Remote,2015-09-07,On Leave,73526.0,40.0,3
EMP-009713,It,Remote,2019-10-31,Active,29554.0,20.0,2
EMP-009714,Sales,London,2020-11-02,Active,74928.5,20.0,3
EMP-009715,Sales,London,2021-05-24,Active,106373.0,40.0,1
EMP-009716,Sales,Remote,2020-10-17,Active,29222.0,40.0,3
EMP-009717,It,London,2021-12-06,Active,48918.0,40.0,4
EMP-009718,It,San Francisco,2018-03-27,Active,125597.0,40.0,3
EMP-009719,Support,San Francisco,2016-08-12,Active,80801.0,35.0,4
EMP-009720,It,London,2016-11-03,Active,75089.0,20.0,4
EMP-009721,Sales,London,2015-02-09,Active,64340.0,40.0,3
EMP-009722,It,Chicago,2018-02-25,Active,49232.0,40.0,3
EMP-009723,It,New York,2015-10-29,Active,70140.0,40.0,3
EMP-009724,Support,Chicago,2017-11-22,Active,99361.0,40.0,3
EMP-009725,It,London,2020-08-26,Terminated,74608.0,40.0,4
EMP-009726,Sales,San Francisco,2023-01-19,Terminated,90257.0,40.0,3
EMP-009727,Sales,San Francisco,2022-07-22,Active,119143.0,40.0,3
EMP-009728,Finance,Chicago,2017-04-10,Active,60488.0,40.0,1
EMP-009729,Marketing,San Francisco,2016-03-16,Active,82572.0,40.0,2
EMP-009730,Hr,Remote,2016-09-26,Active,100110.0,20.0,4
EMP-009731,Sales,Remote,2023-09-27,Active,51677.0,40.0,2
EMP-009732,Marketing,San Francisco,2019-12-12,Terminated,79451.0,40.0,3
EMP-009733,It,London,2016-08-22,Active,121808.0,20.0,3
EMP-009734,It,London,2022-07-26,Active,66494.0,40.0,5
EMP-009735,It,Chicago,2018-07-22,Active,101709.0,40.0,4
EMP-009736,It,Chicago,2023-02-03,Active,71472.0,40.0,4
EMP-009737,It,Chicago,2017-05-06,Terminated,119990.0,40.0,2
EMP-009738,Marketing,London,2018-07-16,Terminated,33863.0,40.0,3
EMP-009739,Hr,London,2019-07-18,Terminated,76624.0,40.0,3
EMP-009740,Finance,London,2023-01-13,Active,38029.0,40.0,3
EMP-009741,Marketing,Remote,2022-10-26,Terminated,57478.0,40.0,3
EMP-009742,Hr,London,2020-03-02,Active,74928.5,40.0,4
EMP-009743,Sales,Remote,2016-12-29,Active,68326.0,40.0,3
EMP-009744,Sales,London,2018-08-18,Active,45293.0,35.0,4
EMP-009745,It,London,2023-10-12,Active,73207.0,20.0,3
EMP-009746,Support,London,2020-06-20,Active,86512.0,35.0,2
EMP-009747,It,Remote,2022-01-11,Active,36702.0,40.0,3
EMP-009748,It,London,2019-01-18,Active,59127.0,40.0,5
EMP-009749,It,Remote,2019-10-15,Active,74928.5,40.0,5
EMP-009750,Support,London,2018-11-10,Terminated,83231.0,20.0,2
EMP-009751,Sales,London,2021-04-29,Active,29556.0,40.0,3
EMP-009752,Hr,Remote,2022-08-30,Active,39988.0,40.0,3
EMP-009753,Sales,London,2019-07-26,Active,80648.0,40.0,3
EMP-009754,Sales,London,2019-04-30,Active,77517.0,40.0,2
EMP-009755,Sales,Remote,2018-01-23,Active,60314.0,40.0,3
EMP-009756,Sales,London,2016-08-05,Active,129833.0,40.0,5
EMP-009757,It,London,2023-06-15,On Leave,140468.0,35.0,3
EMP-009758,Marketing,London,2017-11-04,Active,68390.0,40.0,3
EMP-009759,Support,Chicago,2022-03-16,Active,96824.0,40.0,4
EMP-009760,Hr,New York,2021-06-09,Active,98079.0,40.0,3
EMP-009761,Sales,Remote,2022-02-12,Active,101397.0,40.0,2
EMP-009762,Sales,London,2023-06-07,Active,58998.0,40.0,3
EMP-009763,Marketing,Chicago,2020-08-11,Active,123486.0,40.0,4
EMP-009764,Support,New York,2023-01-30,Active,73285.0,40.0,3
EMP-009765,It,London,2016-07-05,Terminated,85550.0,40.0,3
EMP-009766,It,New York,2020-08-22,Terminated,75051.0,0.0,3
EMP-009767,It,Remote,2021-12-13,Active,71508.0,40.0,4
EMP-009768,It,London,2017-06-11,Active,81960.0,20.0,3
EMP-009769,Hr,London,2021-08-31,Terminated,45353.0,30.0,3
EMP-009770,It,New York,2022-01-02,Terminated,25721.0,40.0,5
EMP-009771,It,London,2022-06-25,Active,69665.0,40.0,5
EMP-009772,Finance,Remote,2017-10-25,Active,52989.0,40.0,3
EMP-009773,It,San Francisco,2021-02-18,Active,88688.0,0.0,3
EMP-009774,Sales,London,2017-09-27,Active,85845.0,40.0,4
EMP-009775,It,Remote,2021-08-26,Active,75337.0,40.0,3
EMP-009776,Hr,Remote,2019-03-02,Active,112039.0,40.0,4
EMP-009777,Marketing,Remote,2020-05-18,Terminated,74844.0,40.0,4
EMP-009778,Sales,New York,2018-09-28,Active,38546.0,40.0,4
EMP-009779,It,London,2016-06-16,Active,69409.0,40.0,3
EMP-009780,It,London,2016-08-08,Active,104274.0,40.0,3
EMP-009781,Sales,London,2015-09-12,Terminated,27894.0,40.0,4
EMP-009782,Support,Chicago,2020-07-24,Active,72649.0,40.0,4
EMP-009783,It,London,2022-08-21,Active,74928.5,0.0,4
EMP-009784,Sales,San Francisco,2015-03-10,Active,141306.0,40.0,3
EMP-009785,Finance,London,2015-08-06,Active,105206.0,30.0,5
EMP-009786,Sales,London,2019-02-12,Active,78315.0,40.0,4
EMP-009787,Support,Chicago,2021-08-21,Active,88019.0,30.0,3
EMP-009788,Finance,Remote,2016-06-02,Active,27558.0,40.0,3
EMP-009789,Marketing,San Francisco,2017-06-11,Active,48757.0,40.0,3
EMP-009790,Sales,Remote,2017-02-01,Active,91274.0,40.0,4
EMP-009791,Finance,Remote,2018-08-04,Active,79029.0,0.0,4
EMP-009792,Sales,Remote,2017-01-09,Active,82219.0,40.0,4
EMP-009793,Sales,New York,2018-03-04,Active,75853.0,40.0,3
EMP-009794,Marketing,Chicago,2021-07-22,On Leave,74873.0,40.0,3
EMP-009795,Sales,New York,2020-07-01,Terminated,77573.0,40.0,3
EMP-009796,Sales,New York,2015-09-24,Terminated,48599.0,0.0,3
EMP-009797,Sales,London,2020-09-27,Active,69277.0,35.0,3
EMP-009798,Sales,Remote,2019-04-18,Active,43897.0,20.0,4
EMP-009799,Finance,Chicago,2023-05-30,Active,59510.0,40.0,3
EMP-009800,Sales,New York,2017-08-08,Active,104898.0,40.0,4
EMP-009801,It,Remote,2021-07-14,Active,70481.0,40.0,3
EMP-009802,Sales,San Francisco,2021-07-30,Active,89896.0,40.0,5
EMP-009803,Sales,London,2016-12-29,Active,77882.0,40.0,3
EMP-009804,Hr,Chicago,2023-02-16,Active,65378.0,40.0,4
EMP-009805,Marketing,London,2019-06-03,Terminated,49786.0,40.0,3
EMP-009806,Sales,Chicago,2021-02-09,Active,64999.0,20.0,4
EMP-009807,Sales,Remote,2016-04-24,Active,79579.0,40.0,3
EMP-009808,Hr,London,2017-04-27,Active,89504.0,40.0,4
EMP-009809,Sales,San Francisco,2020-04-10,Terminated,78058.0,40.0,4
EMP-009810,Sales,Remote,2017-11-14,Terminated,91237.0,40.0,3
EMP-009811,Finance,New York,2019-07-01,Active,36996.0,40.0,3
EMP-009812,It,Chicago,2018-05-14,Active,96667.0,20.0,4
EMP-009813,Sales,London,2020-10-06,Terminated,46794.0,40.0,4
EMP-009814,Marketing,San Francisco,2019-05-21,Active,99588.0,40.0,4
EMP-009815,Sales,New York,2015-01-16,Terminated,87560.0,40.0,3
EMP-009816,It,London,2020-11-05,Active,28245.0,30.0,3
EMP-009817,Support,San Francisco,2018-10-19,Active,93424.0,40.0,1
EMP-009818,Finance,Remote,2018-01-28,On Leave,74928.5,30.0,5
EMP-009819,Finance,New York,2015-11-06,Active,106447.0,40.0,3
EMP-009820,It,New York,2016-12-25,Active,55785.0,40.0,3
EMP-009821,It,London,2017-01-05,Active,79485.0,40.0,4
EMP-009822,Finance,New York,2023-06-02,Terminated,92361.0,30.0,3
EMP-009823,Sales,London,2018-11-22,Active,93408.0,40.0,3
EMP-009824,It,New York,2015-05-19,Active,85238.0,40.0,3
EMP-009825,Finance,San Francisco,2016-04-01,Active,64334.0,40.0,4
EMP-009826,Sales,London,2015-09-17,Terminated,99699.0,40.0,4
EMP-009827,It,New York,2020-04-19,Active,99845.0,30.0,2
EMP-009828,It,San Francisco,2016-09-05,Active,74928.5,40.0,2
EMP-009829,Sales,San Francisco,2019-06-27,Active,55411.0,40.0,3
EMP-009830,Hr,Chicago,2018-05-01,Terminated,56802.0,40.0,1
EMP-009831,Finance,San Francisco,2022-03-27,Terminated,109120.0,40.0,3
EMP-009832,Finance,London,2017-11-19,Active,98767.0,40.0,4
EMP-009833,It,Remote,2019-02-15,Terminated,74499.0,40.0,3
EMP-009834,Sales,Remote,2021-06-28,Active,70021.0,40.0,3
EMP-009835,Sales,New York,2018-11-25,Active,30795.0,40.0,3
EMP-009836,Marketing,London,2022-02-20,Terminated,72890.0,40.0,5
EMP-009837,Sales,New York,2020-12-14,Active,45222.0,35.0,5
EMP-009838,Finance,New York,2018-09-11,Active,78975.0,40.0,3
EMP-009839,It,San Francisco,2019-07-15,Active,104631.0,20.0,1
EMP-009840,Hr,San Francisco,2023-09-15,Active,50489.0,40.0,3
EMP-009841,It,New York,2020-12-14,Active,74928.5,40.0,3
EMP-009842,Support,Remote,2023-02-22,On Leave,99944.0,40.0,3
EMP-009843,Hr,London,2016-08-10,Active,80507.0,40.0,4
EMP-009844,Sales,London,2019-05-08,Active,61900.0,40.0,2
EMP-009845,Sales,Remote,2023-03-06,Active,75260.0,40.0,3
EMP-009846,It,Chicago,2017-11-26,Active,98931.0,40.0,3
EMP-009847,Support,London,2023-09-16,Terminated,81564.0,40.0,4
EMP-009848,Hr,Remote,2015-11-16,Active,74916.0,40.0,3
EMP-009849,Sales,New York,2023-02-15,Active,74928.5,40.0,3
EMP-009850,Finance,London,2019-01-03,Terminated,74928.5,40.0,3
EMP-009851,It,New York,2015-08-31,Active,44927.0,40.0,5
EMP-009852,Support,New York,2022-11-30,Active,90785.0,40.0,4
EMP-009853,It,Chicago,2017-04-08,Terminated,98739.0,0.0,4
EMP-009854,Hr,San Francisco,2015-03-15,Terminated,44067.0,30.0,3
EMP-009855,Finance,Chicago,2016-03-22,Active,18282.0,40.0,5
EMP-009856,It,Remote,2020-12-06,Active,74928.5,40.0,3
EMP-009857,Support,San Francisco,2023-10-20,Active,72438.0,40.0,3
EMP-009858,It,San Francisco,2016-01-02,Active,100245.0,40.0,3
EMP-009859,Hr,Remote,2019-02-27,Active,52726.0,40.0,3
EMP-009860,It,San Francisco,2016-08-16,Terminated,88878.0,40.0,3
EMP-009861,Sales,London,2021-09-14,Active,2690.0,40.0,3
EMP-009862,It,London,2016-01-24,Terminated,79508.0,20.0,3
EMP-009863,It,Remote,2017-02-27,Terminated,64831.0,40.0,4
EMP-009864,Marketing,Remote,2016-10-07,Active,127465.0,40.0,3
EMP-009865,Hr,London,2019-12-22,Active,74928.5,40.0,3
EMP-009866,Sales,Chicago,2022-11-10,Terminated,74637.0,0.0,3
EMP-009867,It,Chicago,2019-08-07,Terminated,74928.5,40.0,1
EMP-009868,Sales,Chicago,2015-07-11,Terminated,61257.0,40.0,3
EMP-009869,Finance,San Francisco,2020-01-26,Active,32471.0,30.0,3
EMP-009870,Support,London,2022-03-06,Active,132520.0,30.0,3
EMP-009871,It,London,2016-03-10,Active,66111.0,40.0,5
EMP-009872,Sales,Remote,2015-08-28,Active,69724.0,20.0,3
EMP-009873,It,Remote,2016-09-09,Terminated,73932.0,40.0,4
EMP-009874,Support,Remote,2021-09-18,Active,46693.0,40.0,3
EMP-009875,Sales,San Francisco,2020-04-28,Terminated,101381.0,40.0,5
EMP-009876,Hr,San Francisco,2019-11-12,Active,91005.0,40.0,3
EMP-009877,Sales,Remote,2017-03-31,Terminated,97948.0,40.0,3
EMP-009878,Hr,London,2017-12-28,Active,44551.0,30.0,2
EMP-009879,Sales,Chicago,2023-09-10,Terminated,103383.0,20.0,3
EMP-009880,Sales,Remote,2017-03-01,Active,100496.0,40.0,2
EMP-009881,It,Remote,2023-02-11,Active,69190.0,0.0,2
EMP-009882,Support,San Francisco,2020-03-23,Active,97376.0,40.0,3
EMP-009883,Support,Chicago,2016-02-10,On Leave,81817.0,40.0,4
EMP-009884,Sales,Chicago,2019-03-17,Active,35150.0,40.0,2
EMP-009885,It,Remote,2023-07-15,Active,70430.0,40.0,3
EMP-009886,It,San Francisco,2018-10-07,Active,62962.0,40.0,3
EMP-009887,Support,Chicago,2022-10-08,Active,77135.0,0.0,5
EMP-009888,Sales,Remote,2017-04-22,Active,100528.0,40.0,3
EMP-009889,Hr,London,2020-02-20,Active,33966.0,40.0,2
EMP-009890,Hr,London,2022-08-05,Terminated,63911.0,0.0,3
EMP-009891,Finance,San Francisco,2023-04-15,Active,54454.0,30.0,4
EMP-009892,Marketing,Remote,2019-05-16,Active,55528.0,40.0,5
EMP-009893,It,Remote,2020-10-03,Terminated,54422.0,40.0,4
EMP-009894,Marketing,Chicago,2015-01-10,Active,76704.0,40.0,3
EMP-009895,Marketing,London,2017-04-12,Terminated,88079.0,40.0,4
EMP-009896,Hr,San Francisco,2017-07-05,Active,83708.0,0.0,1
EMP-009897,Sales,London,2015-11-04,Active,79642.0,20.0,3
EMP-009898,Sales,London,2017-07-08,Active,90544.0,40.0,3
EMP-009899,Finance,Remote,2017-11-21,Active,134508.0,40.0,5
EMP-009900,Marketing,Chicago,2023-09-20,Active,78397.0,40.0,1
EMP-009901,Marketing,Remote,2021-01-06,On Leave,100528.0,35.0,3
EMP-009902,Sales,London,2018-11-01,Active,99105.0,40.0,3
EMP-009903,Sales,Chicago,2023-11-22,Active,119445.0,40.0,3
EMP-009904,Sales,New York,2016-05-18,Active,89013.0,40.0,5
EMP-009905,It,Remote,2019-04-14,Active,53892.0,40.0,4
EMP-009906,Marketing,San Francisco,2020-10-27,Active,82622.0,40.0,2
EMP-009907,Sales,Remote,2015-07-02,Active,81278.0,20.0,4
EMP-009908,Sales,Remote,2021-06-14,Active,95380.0,20.0,3
EMP-009909,It,Chicago,2015-11-25,Active,53165.0,40.0,1
EMP-009910,Sales,London,2016-04-06,On Leave,106658.0,40.0,5
EMP-009911,Finance,London,2016-06-08,Terminated,75131.0,40.0,1
EMP-009912,It,New York,2023-05-12,Terminated,95984.0,40.0,3
EMP-009913,Hr,Remote,2021-02-23,Active,82742.0,30.0,3
EMP-009914,Marketing,London,2020-11-24,On Leave,78065.0,40.0,3
EMP-009915,Sales,London,2019-12-31,Active,80846.0,20.0,4
EMP-009916,Hr,London,2017-08-20,On Leave,91800.0,40.0,2
EMP-009917,Sales,Remote,2020-08-02,Active,123966.0,40.0,3
EMP-009918,It,New York,2018-09-10,Active,24566.0,0.0,3
EMP-009919,Sales,New York,2016-04-22,Active,88500.0,40.0,3
EMP-009920,Marketing,London,2021-03-16,Active,76099.0,40.0,3
EMP-009921,Support,Chicago,2016-03-01,Active,70572.0,40.0,3
EMP-009922,It,Remote,2016-09-18,Active,15918.0,40.0,4
EMP-009923,It,Remote,2022-05-11,Active,89505.0,40.0,2
EMP-009924,Marketing,Chicago,2020-12-09,Active,71876.0,40.0,1
EMP-009925,It,San Francisco,2020-09-05,Active,54139.0,40.0,5
EMP-009926,Sales,London,2018-10-06,Active,76062.0,40.0,3
EMP-009927,It,London,2018-07-26,Terminated,67680.0,40.0,4
EMP-009928,Sales,Chicago,2021-03-18,Active,31440.0,35.0,3
EMP-009929,Finance,London,2021-08-29,Terminated,77205.0,30.0,1
EMP-009930,Hr,London,2019-08-05,Active,89502.0,40.0,3
EMP-009931,It,Remote,2023-09-21,Active,61269.0,40.0,2
EMP-009932,Support,London,2023-08-08,Active,74928.5,40.0,4
EMP-009933,Hr,Remote,2018-09-17,Active,74928.5,40.0,3
EMP-009934,Hr,San Francisco,2022-05-21,Active,101137.0,40.0,5
EMP-009935,Finance,Remote,2019-11-21,Terminated,72408.0,40.0,3
EMP-009936,It,New York,2019-08-10,Active,95027.0,40.0,3
EMP-009937,Support,Chicago,2015-06-30,Active,67166.0,35.0,3
EMP-009938,It,Chicago,2020-03-01,Active,124183.0,0.0,5
EMP-009939,Marketing,Remote,2023-02-08,Active,64079.0,40.0,3
EMP-009940,Hr,San Francisco,2022-01-08,Active,57875.0,40.0,4
EMP-009941,Marketing,San Francisco,2022-01-28,Active,72488.0,40.0,3
EMP-009942,Sales,London,2016-06-09,Active,56800.0,40.0,3
EMP-009943,Hr,New York,2018-03-24,Terminated,43784.0,40.0,5
EMP-009944,It,Remote,2017-02-05,Terminated,93190.0,40.0,3
EMP-009945,Hr,Chicago,2017-11-04,Active,74928.5,0.0,3
EMP-009946,Sales,Remote,2020-03-19,Active,57062.0,35.0,4
EMP-009947,Finance,San Francisco,2018-04-14,Active,41456.0,40.0,3
EMP-009948,Marketing,Chicago,2020-01-18,Terminated,78554.0,40.0,3
EMP-009949,Sales,Remote,2018-12-12,Active,20272.0,40.0,4
EMP-009950,Marketing,London,2017-07-31,Terminated,88696.0,40.0,3
EMP-009951,It,Chicago,2015-11-10,Active,91402.0,40.0,2
EMP-009952,Hr,Remote,2023-01-10,On Leave,34185.0,40.0,3
EMP-009953,It,Remote,2015-02-07,Terminated,79765.0,20.0,3
EMP-009954,Finance,Remote,2015-01-06,Active,87901.0,40.0,3
EMP-009955,Hr,Chicago,2022-06-10,Active,98508.0,40.0,4
EMP-009956,Sales,London,2023-12-21,Terminated,38277.0,40.0,3
EMP-009957,Hr,Remote,2021-07-17,Active,34760.0,20.0,4
EMP-009958,Sales,San Francisco,2015-02-20,Active,112566.0,40.0,3
EMP-009959,It,Remote,2017-01-15,Active,54453.0,40.0,1
EMP-009960,It,Chicago,2023-09-30,Terminated,61815.0,40.0,2
EMP-009961,Sales,London,2022-04-11,Active,90827.0,40.0,3
EMP-009962,It,San Francisco,2020-02-07,Active,45770.0,0.0,3
EMP-009963,It,Chicago,2017-02-17,Terminated,68354.0,40.0,3
EMP-009964,Finance,London,2015-02-17,Active,97294.0,40.0,3
EMP-009965,It,London,2015-03-10,Terminated,39472.0,40.0,5
EMP-009966,Sales,San Francisco,2020-07-04,Terminated,62500.0,40.0,3
EMP-009967,Marketing,Remote,2015-03-13,Terminated,46832.0,40.0,4
EMP-009968,Sales,Chicago,2023-12-11,Active,55652.0,40.0,4
EMP-009969,Hr,Chicago,2016-08-25,Active,104641.0,30.0,4
EMP-009970,It,Remote,2021-05-25,Active,110127.0,0.0,3
EMP-009971,Hr,London,2016-05-24,Active,81446.0,20.0,3
EMP-009972,Hr,New York,2019-11-11,Active,88305.0,40.0,4
EMP-009973,Support,San Francisco,2015-09-22,Active,87621.0,30.0,3
EMP-009974,Marketing,Remote,2021-11-25,Terminated,58192.0,40.0,4
EMP-009975,Support,Chicago,2020-04-06,Active,80954.0,20.0,2
EMP-009976,It,San Francisco,2015-10-11,Active,42617.0,40.0,4
EMP-009977,Hr,London,2022-08-21,Active,51036.0,40.0,3
EMP-009978,Sales,San Francisco,2019-12-04,Active,72830.0,20.0,3
EMP-009979,It,New York,2023-04-18,Active,48476.0,40.0,2
EMP-009980,Sales,Chicago,2023-04-01,Active,43182.0,40.0,5
EMP-009981,Hr,London,2023-04-14,Terminated,57203.0,40.0,4
EMP-009982,Marketing,New York,2015-09-13,Terminated,103658.0,35.0,3
EMP-009983,Sales,New York,2016-02-02,Active,113928.0,40.0,4
EMP-009984,Support,London,2023-11-21,Terminated,74186.0,35.0,3
EMP-009985,It,London,2019-05-22,Active,89555.0,40.0,3
EMP-009986,Hr,London,2017-02-22,Active,60913.0,20.0,3
EMP-009987,Finance,London,2021-12-04,Active,23359.0,40.0,3
EMP-009988,Marketing,New York,2017-05-18,Active,52662.0,40.0,4
EMP-009989,Marketing,San Francisco,2021-07-18,Terminated,67291.0,40.0,1
EMP-009990,Finance,Remote,2022-07-15,Active,78524.0,20.0,4
EMP-009991,Sales,Remote,2022-01-21,Active,72476.0,40.0,3
EMP-009992,Hr,New York,2017-06-19,Active,67959.0,30.0,2
EMP-009993,Marketing,San Francisco,2018-08-13,Active,74928.5,20.0,4
EMP-009994,It,London,2018-09-20,Active,83597.0,40.0,5
EMP-009995,Hr,Remote,2019-06-03,Active,40903.0,30.0,5
EMP-009996,Hr,New York,2016-07-04,Terminated,95052.0,40.0,3
EMP-009997,Support,Chicago,2019-01-27,Active,60341.0,40.0,3
EMP-009998,Marketing,San Francisco,2019-08-06,Active,126677.0,40.0,5
EMP-009999,Marketing,Chicago,2019-10-14,Active,67117.0,40.0,3
EMP-010000,Finance,Chicago,2022-05-19,Active,62996.0,40.0,3
EMP-010001,Support,New York,2019-08-28,On Leave,60933.0,40.0,3
EMP-010002,Sales,San Francisco,2017-01-28,Active,63245.0,40.0,3
EMP-010003,It,Chicago,2020-12-19,Active,90181.0,40.0,3
EMP-010004,Sales,London,2022-03-05,Active,73943.0,40.0,4
EMP-010005,Sales,London,2017-11-15,Terminated,74928.5,40.0,3
EMP-010006,Support,San Francisco,2020-10-22,On Leave,86611.0,40.0,4
EMP-010007,Marketing,Remote,2016-04-27,Active,75787.0,40.0,4
EMP-010008,Hr,Remote,2018-01-28,Active,84324.0,40.0,4
EMP-010009,Support,Chicago,2023-03-08,Active,104909.0,40.0,3
EMP-010010,Finance,Chicago,2023-03-15,Terminated,91417.0,40.0,3
EMP-010011,Support,San Francisco,2020-03-06,Active,82014.0,40.0,3
EMP-010012,Finance,London,2021-04-27,Active,85569.0,20.0,2
EMP-010013,Sales,Remote,2022-09-08,Active,46183.0,40.0,4
EMP-010014,It,Remote,2023-08-17,Active,139292.0,40.0,1
EMP-010015,Support,Chicago,2019-05-30,Active,88203.0,20.0,3
EMP-010016,Finance,New York,2020-01-20,Active,90698.0,40.0,4
EMP-010017,Support,London,2018-09-28,Active,74283.0,40.0,3
EMP-010018,It,San Francisco,2015-08-25,Active,17561.0,40.0,5
EMP-010019,Sales,San Francisco,2018-10-21,Active,68366.0,40.0,5
EMP-010020,Support,London,2022-02-11,Active,76899.0,20.0,3
EMP-010021,It,Chicago,2022-03-30,Active,54429.0,40.0,4
EMP-010022,Finance,Remote,2023-01-12,Active,54211.0,40.0,3
EMP-010023,It,Chicago,2015-06-19,Active,66519.0,40.0,5
EMP-010024,Finance,London,2019-09-29,Active,94288.0,30.0,4
EMP-010025,Finance,London,2015-12-20,Terminated,106394.0,0.0,3
EMP-010026,Sales,Chicago,2016-10-21,Active,79274.0,20.0,3
EMP-010027,It,Remote,2023-02-07,Active,60816.0,40.0,3
EMP-010028,Support,London,2019-06-21,Active,65940.0,35.0,3
EMP-010029,Finance,Remote,2021-10-29,Active,77488.0,40.0,3
EMP-010030,Marketing,London,2015-07-31,Active,80451.0,40.0,2
EMP-010031,Sales,London,2018-10-02,Active,85874.0,40.0,3
EMP-010032,It,Remote,2021-01-25,Terminated,64016.0,40.0,3
EMP-010033,Finance,Remote,2016-03-14,Terminated,88232.0,40.0,3
EMP-010034,Sales,New York,2017-12-06,Active,86256.0,40.0,2
EMP-010035,Finance,San Francisco,2015-08-01,Terminated,65123.0,30.0,3
EMP-010036,Sales,Remote,2020-11-10,Active,32013.0,40.0,3
EMP-010037,Support,San Francisco,2023-09-27,Terminated,52877.0,40.0,3
EMP-010038,Marketing,London,2022-06-11,Active,114190.0,40.0,3
EMP-010039,Sales,Remote,2023-10-09,Terminated,32661.0,30.0,2
EMP-010040,It,Chicago,2022-08-11,Active,107938.0,40.0,2
EMP-010041,Sales,New York,2022-09-12,Active,31785.0,35.0,2
EMP-010042,Finance,London,2020-03-12,Active,55671.0,40.0,3
EMP-010043,Support,London,2019-08-31,Terminated,65632.0,40.0,3
EMP-010044,It,Remote,2018-08-28,Active,119558.0,40.0,3
EMP-010045,Marketing,New York,2022-05-13,Active,75653.0,40.0,3
EMP-010046,It,New York,2016-08-21,Active,69650.0,40.0,3
EMP-010047,Marketing,London,2015-07-04,Active,51616.0,20.0,3
EMP-010048,It,London,2023-07-13,Terminated,88049.0,40.0,5
EMP-010049,Hr,London,2015-01-13,Terminated,62182.0,0.0,3
EMP-010050,Marketing,San Francisco,2023-10-16,Terminated,69275.0,40.0,3
EMP-010051,Hr,Chicago,2021-07-23,On Leave,66041.0,40.0,4
EMP-010052,It,London,2017-12-15,Active,92997.0,40.0,4
EMP-010053,Marketing,Remote,2021-04-12,Active,94045.0,40.0,4
EMP-010054,It,Chicago,2022-05-12,Active,52740.0,35.0,4
EMP-010055,Sales,Remote,2017-03-17,Terminated,59319.0,30.0,4
EMP-010056,It,New York,2021-12-08,Terminated,56853.0,40.0,3
EMP-010057,It,Remote,2022-03-28,Active,79584.0,0.0,3
EMP-010058,Sales,Remote,2017-03-30,Active,97667.0,20.0,3
EMP-010059,Sales,London,2015-05-18,Active,79917.0,20.0,4
EMP-010060,Support,London,2016-11-01,Active,20234.0,40.0,3
EMP-010061,Marketing,London,2016-10-21,Terminated,93994.0,40.0,5
EMP-010062,It,New York,2015-08-03,Active,41275.0,40.0,3
EMP-010063,Support,New York,2021-07-14,On Leave,57119.0,40.0,5
EMP-010064,Sales,Remote,2018-06-02,Active,79961.0,40.0,3
EMP-010065,Hr,New York,2022-12-16,On Leave,72903.0,40.0,1
EMP-010066,It,London,2017-04-08,Active,96818.0,40.0,1
EMP-010067,Hr,Remote,2019-01-29,Active,59731.0,40.0,4
EMP-010068,It,Chicago,2020-10-01,Terminated,74928.5,20.0,3
EMP-010069,Finance,London,2022-11-24,Active,67209.0,40.0,3
EMP-010070,It,London,2019-09-21,On Leave,99425.0,20.0,4
EMP-010071,It,Remote,2018-05-12,Active,90742.0,40.0,3
EMP-010072,Finance,Remote,2022-10-20,Active,77179.0,40.0,3
EMP-010073,Marketing,London,2017-10-16,Active,108149.0,40.0,4
EMP-010074,Sales,London,2015-09-19,Active,103621.0,35.0,3
EMP-010075,Hr,London,2019-01-02,Active,94712.0,40.0,3
EMP-010076,It,Chicago,2022-01-24,Terminated,45550.0,40.0,5
EMP-010077,Finance,Chicago,2015-04-12,Active,94581.0,40.0,4
EMP-010078,Support,San Francisco,2020-04-09,Active,69941.0,20.0,3
EMP-010079,It,Remote,2020-05-08,Terminated,65126.0,40.0,3
EMP-010080,Hr,Remote,2023-05-11,Active,57936.0,30.0,4
EMP-010081,Sales,Remote,2017-07-30,Terminated,70707.0,40.0,5
EMP-010082,It,Remote,2017-07-05,Active,59356.0,40.0,3
EMP-010083,It,San Francisco,2018-12-18,Active,79244.0,0.0,2
EMP-010084,Marketing,London,2018-03-19,Terminated,74928.5,40.0,3
EMP-010085,Sales,London,2021-08-17,Active,80513.0,40.0,4
EMP-010086,Finance,Remote,2020-10-10,Active,88832.0,30.0,3
EMP-010087,Support,Remote,2021-10-30,Active,67641.0,40.0,4
EMP-010088,Support,Remote,2022-05-19,Active,56568.0,0.0,1
EMP-010089,It,London,2023-04-22,Terminated,24840.0,40.0,3
EMP-010090,Sales,London,2018-11-17,Active,94266.0,40.0,4
EMP-010091,It,New York,2023-11-11,Active,76969.0,0.0,3
EMP-010092,Hr,Remote,2016-12-09,Active,70596.0,35.0,5
EMP-010093,Sales,New York,2021-06-06,Active,104298.0,40.0,3
EMP-010094,It,San Francisco,2019-10-22,Terminated,42787.0,40.0,3
EMP-010095,Sales,London,2022-05-09,Active,76406.0,40.0,3
EMP-010096,It,Chicago,2019-04-17,Active,50899.0,40.0,3
EMP-010097,Support,Remote,2022-01-20,Active,91400.0,40.0,3
EMP-010098,Hr,Remote,2023-05-16,Terminated,19346.0,35.0,3
EMP-010099,Finance,Remote,2021-08-04,Active,95100.0,20.0,4
EMP-010100,Hr,San Francisco,2021-12-26,Active,94067.0,40.0,5
EMP-010101,It,San Francisco,2015-08-09,Terminated,51925.0,40.0,3
EMP-010102,Finance,Remote,2016-11-04,Active,76658.0,40.0,3
EMP-010103,Hr,Remote,2023-10-08,Terminated,52462.0,40.0,3
EMP-010104,Sales,London,2021-03-28,On Leave,85690.0,40.0,3
EMP-010105,Sales,London,2020-01-20,Active,95506.0,40.0,3
EMP-010106,Hr,London,2018-04-21,Active,49876.0,40.0,3
EMP-010107,Finance,London,2015-05-26,Active,42581.0,40.0,3
EMP-010108,It,Chicago,2018-04-28,Terminated,102411.0,40.0,3
EMP-010109,Hr,London,2019-06-28,Active,123529.0,40.0,4
EMP-010110,Finance,Remote,2016-11-26,Terminated,87361.0,30.0,3
EMP-010111,Marketing,Remote,2016-07-23,Active,89211.0,35.0,4
EMP-010112,Sales,Remote,2019-07-30,Active,66699.0,40.0,3
EMP-010113,Marketing,Remote,2020-04-09,Terminated,79501.0,40.0,4
EMP-010114,It,Remote,2017-02-27,Active,83768.0,40.0,4
EMP-010115,Finance,Remote,2020-04-14,On Leave,70436.0,40.0,2
EMP-010116,Marketing,San Francisco,2023-02-07,Active,108747.0,20.0,4
EMP-010117,Finance,New York,2019-04-05,Active,79419.0,30.0,3
EMP-010118,Hr,Remote,2022-09-19,Active,82640.0,40.0,4
EMP-010119,It,New York,2023-05-06,Active,70951.0,20.0,4
EMP-010120,Marketing,London,2015-10-31,Active,73492.0,40.0,3
EMP-010121,It,Chicago,2015-11-11,On Leave,105468.0,30.0,4
EMP-010122,Hr,London,2019-04-14,Active,78648.0,40.0,4
EMP-010123,Sales,London,2020-04-17,Terminated,79232.0,40.0,3
EMP-010124,It,London,2018-10-31,Active,79555.0,40.0,3
EMP-010125,It,Remote,2017-12-09,Active,65887.0,40.0,4
EMP-010126,Sales,London,2020-10-07,Active,39801.0,35.0,4
EMP-010127,Sales,Remote,2015-01-07,Terminated,114314.0,30.0,3
EMP-010128,It,London,2023-09-18,Active,101707.0,40.0,3
EMP-010129,Marketing,San Francisco,2017-02-01,Active,106226.0,40.0,3
EMP-010130,Marketing,New York,2023-04-03,Active,48187.0,40.0,3
EMP-010131,Marketing,Remote,2015-12-25,Active,111123.0,40.0,4
EMP-010132,Finance,London,2017-02-21,Terminated,124172.0,0.0,4
EMP-010133,Hr,Remote,2017-02-11,Active,101121.0,40.0,3
EMP-010134,Marketing,Remote,2023-12-19,Active,116196.0,40.0,4
EMP-010135,Hr,San Francisco,2015-01-16,Active,94946.0,40.0,5
EMP-010136,It,New York,2020-10-03,Active,53835.0,40.0,3
EMP-010137,It,San Francisco,2022-10-29,Active,87691.0,40.0,2
EMP-010138,Marketing,London,2021-01-18,Active,49491.0,40.0,5
EMP-010139,It,Remote,2018-04-07,Active,60066.0,40.0,5
EMP-010140,Marketing,Remote,2023-08-16,Active,82907.0,40.0,3
EMP-010141,Sales,Remote,2023-01-16,Active,79550.0,40.0,3
EMP-010142,Support,London,2018-11-27,Active,86577.0,0.0,2
EMP-010143,It,Remote,2020-02-28,Active,30198.0,40.0,1
EMP-010144,Marketing,Chicago,2023-09-16,Active,74928.5,40.0,2
EMP-010145,Sales,Remote,2023-11-04,Active,88725.0,40.0,4
EMP-010146,Support,London,2019-01-18,Terminated,93709.0,40.0,3
EMP-010147,It,Remote,2022-08-17,On Leave,95344.0,40.0,4
EMP-010148,Sales,New York,2017-09-19,Active,81281.0,40.0,3
EMP-010149,Sales,Remote,2018-05-07,Terminated,74928.5,40.0,3
EMP-010150,Finance,Remote,2016-06-25,Active,87537.0,40.0,4
EMP-010151,Sales,New York,2016-11-18,Active,67507.0,40.0,3
EMP-010152,Marketing,London,2020-11-29,Terminated,97526.0,40.0,3
EMP-010153,Finance,Remote,2019-08-06,Terminated,85683.0,40.0,3
EMP-010154,Sales,San Francisco,2017-01-29,Active,73457.0,40.0,4
EMP-010155,Marketing,Remote,2018-08-17,Active,55775.0,0.0,4
EMP-010156,It,London,2018-05-11,Active,102987.0,40.0,3
EMP-010157,Sales,Remote,2023-11-20,Active,88976.0,40.0,4
EMP-010158,Sales,London,2022-09-06,Active,127574.0,0.0,4
EMP-010159,Support,New York,2018-06-29,Terminated,88155.0,40.0,3
EMP-010160,It,Remote,2023-03-24,Active,90248.0,30.0,3
EMP-010161,Sales,London,2018-01-31,Active,38368.0,40.0,3
EMP-010162,Hr,Chicago,2021-01-04,Terminated,82762.0,40.0,4
EMP-010163,Sales,London,2023-09-13,Active,67087.0,40.0,3
EMP-010164,Hr,Remote,2018-07-06,Active,95661.0,30.0,3
EMP-010165,Sales,Remote,2021-02-12,Active,83367.0,40.0,2
EMP-010166,Hr,London,2017-08-30,Active,99632.0,40.0,5
EMP-010167,Sales,Remote,2017-05-25,Active,128315.0,40.0,4
EMP-010168,It,New York,2020-03-02,Active,55041.0,40.0,5
EMP-010169,Support,Remote,2023-10-24,Active,98668.0,40.0,5
EMP-010170,It,London,2019-01-29,Active,92090.0,40.0,4
EMP-010171,Marketing,San Francisco,2023-06-10,Active,124482.0,40.0,3
EMP-010172,Sales,San Francisco,2023-03-25,Active,92635.0,40.0,3
EMP-010173,Hr,Remote,2017-04-14,Active,90035.0,0.0,3
EMP-010174,It,London,2018-08-13,Active,96286.0,40.0,1
EMP-010175,Sales,New York,2020-10-15,Active,74928.5,40.0,2
EMP-010176,It,Chicago,2019-08-30,Active,111359.0,35.0,4
EMP-010177,It,Remote,2015-11-12,Terminated,54516.0,20.0,4
EMP-010178,Sales,London,2023-12-11,Terminated,65192.0,40.0,4
EMP-010179,Support,New York,2021-10-09,Active,118382.0,40.0,3
EMP-010180,It,London,2018-12-09,Active,26032.0,40.0,1
EMP-010181,It,New York,2020-07-24,Active,72882.0,40.0,3
EMP-010182,Sales,London,2015-10-15,Active,78739.0,40.0,3
EMP-010183,Hr,Remote,2019-06-17,Active,70577.0,40.0,3
EMP-010184,Sales,London,2023-05-18,Active,114524.0,40.0,3
EMP-010185,Marketing,London,2023-01-26,Active,86898.0,0.0,3
EMP-010186,It,Remote,2018-01-13,Terminated,65317.0,40.0,2
EMP-010187,Finance,Chicago,2019-10-13,Terminated,59140.0,40.0,5
EMP-010188,It,San Francisco,2021-04-11,On Leave,82046.0,20.0,3
EMP-010189,Sales,Remote,2018-01-22,Active,104149.0,40.0,4
EMP-010190,It,New York,2015-08-02,Active,74928.5,40.0,3
EMP-010191,Sales,Chicago,2019-07-20,Active,71639.0,40.0,4
EMP-010192,Sales,Chicago,2020-05-31,Terminated,57618.0,40.0,3
EMP-010193,Finance,London,2015-01-20,Active,84351.0,20.0,3
EMP-010194,It,Chicago,2015-11-11,Active,82964.0,40.0,3
EMP-010195,It,Remote,2016-11-12,Active,56895.0,40.0,3
EMP-010196,It,Chicago,2018-02-18,Terminated,100660.0,40.0,3
EMP-010197,Sales,New York,2019-11-14,Active,117651.0,40.0,4
EMP-010198,Finance,Remote,2017-08-23,Active,76225.0,35.0,1
EMP-010199,It,Remote,2017-06-26,Terminated,82553.0,0.0,3
EMP-010200,Hr,Remote,2022-10-28,Active,47377.0,40.0,3
EMP-010201,Support,Chicago,2016-04-21,Active,93430.0,40.0,3
EMP-010202,Support,London,2019-06-17,Active,86604.0,40.0,3
EMP-010203,It,London,2023-07-29,Terminated,66847.0,0.0,3
EMP-010204,Finance,Remote,2020-08-16,Active,56413.0,40.0,2
EMP-010205,Marketing,London,2021-06-15,Active,74928.5,40.0,3
EMP-010206,It,Chicago,2018-11-18,Terminated,84569.0,40.0,5
EMP-010207,Marketing,Remote,2015-03-07,Active,74928.5,40.0,3
EMP-010208,Marketing,Chicago,2020-10-24,Active,96389.0,40.0,3
EMP-010209,Sales,New York,2020-09-08,Active,80741.0,40.0,4
EMP-010210,Sales,Remote,2015-12-29,Active,76472.0,0.0,3
EMP-010211,Finance,London,2019-02-28,Active,99464.0,40.0,3
EMP-010212,Marketing,New York,2023-03-28,Terminated,9681.0,40.0,2
EMP-010213,Hr,San Francisco,2016-11-05,Terminated,29824.0,40.0,1
EMP-010214,Finance,London,2019-02-24,Active,109480.0,40.0,4
EMP-010215,It,London,2019-02-24,Active,71777.0,40.0,2
EMP-010216,It,Chicago,2022-04-18,Active,64331.0,40.0,3
EMP-010217,Hr,London,2022-06-03,Active,41556.0,40.0,3
EMP-010218,Sales,San Francisco,2021-10-31,Active,79846.0,40.0,2
EMP-010219,Support,London,2018-04-16,Terminated,82931.0,0.0,3
EMP-010220,It,New York,2015-08-25,Terminated,111020.0,30.0,3
EMP-010221,It,Remote,2018-02-22,Active,84311.0,0.0,4
EMP-010222,It,London,2021-02-12,Active,67430.0,20.0,3
EMP-010223,Hr,Remote,2021-04-28,Active,85142.0,30.0,4
EMP-010224,Sales,London,2023-09-07,Active,102737.0,40.0,4
EMP-010225,It,San Francisco,2019-01-31,Terminated,97280.0,40.0,3
EMP-010226,Finance,London,2020-09-09,Active,90536.0,40.0,3
EMP-010227,Sales,San Francisco,2019-11-08,Active,81865.0,40.0,4
EMP-010228,Sales,Remote,2016-05-10,Terminated,60467.0,20.0,2
EMP-010229,Hr,New York,2019-02-24,Active,49180.0,40.0,3
EMP-010230,It,Remote,2019-11-26,On Leave,45225.0,40.0,3
EMP-010231,Support,Chicago,2023-07-23,Active,84849.0,20.0,3
EMP-010232,It,London,2018-04-19,Active,87457.0,40.0,3
EMP-010233,Finance,New York,2023-10-27,Active,102358.0,40.0,3
EMP-010234,Marketing,San Francisco,2019-11-18,On Leave,89043.0,40.0,4
EMP-010235,Support,Remote,2017-03-07,Active,101272.0,40.0,3
EMP-010236,It,London,2016-09-22,Active,71736.0,35.0,4
EMP-010237,It,San Francisco,2016-04-10,Active,94271.0,35.0,3
EMP-010238,Support,London,2019-01-28,Active,49963.0,40.0,3
EMP-010239,Marketing,Remote,2015-03-14,Active,73495.0,40.0,2
EMP-010240,Sales,London,2019-01-02,Active,29213.0,35.0,1
EMP-010241,Sales,Remote,2023-11-23,Active,75790.0,20.0,1
EMP-010242,Hr,New York,2021-01-11,Terminated,105620.0,40.0,2
EMP-010243,Sales,London,2021-11-02,Active,76755.0,40.0,3
EMP-010244,It,Chicago,2016-01-27,Active,93046.0,40.0,1
EMP-010245,Finance,London,2019-04-05,Terminated,81830.0,40.0,3
EMP-010246,Sales,Remote,2017-07-29,Active,60739.0,40.0,4
EMP-010247,Sales,London,2023-01-17,Terminated,70334.0,40.0,2
EMP-010248,It,Remote,2016-08-18,Active,104492.0,40.0,4
EMP-010249,Sales,Remote,2019-02-16,Active,92917.0,40.0,3
EMP-010250,Sales,Remote,2020-04-16,Active,59560.0,40.0,3
EMP-010251,Finance,San Francisco,2019-08-17,Active,40313.0,30.0,3
EMP-010252,It,Remote,2022-06-22,Active,74928.5,40.0,3
EMP-010253,Marketing,Remote,2017-01-30,Active,60453.0,40.0,3
EMP-010254,Marketing,Remote,2018-05-25,Active,74928.5,40.0,4
EMP-010255,Finance,Chicago,2022-02-16,Active,38639.0,0.0,4
EMP-010256,Support,Remote,2019-10-02,Active,101019.0,20.0,1
EMP-010257,Finance,New York,2018-08-14,Terminated,72576.0,40.0,2
EMP-010258,Support,Remote,2015-04-07,On Leave,76366.0,40.0,4
EMP-010259,It,London,2021-10-12,On Leave,54177.0,40.0,4
EMP-010260,Sales,London,2023-10-01,Terminated,68065.0,40.0,5
EMP-010261,Support,Remote,2020-07-31,Active,78061.0,20.0,3
EMP-010262,It,San Francisco,2022-09-16,Active,59669.0,40.0,3
EMP-010263,It,Remote,2019-08-26,Terminated,69603.0,30.0,3
EMP-010264,It,Remote,2017-01-31,Active,109657.0,40.0,2
EMP-010265,Hr,Chicago,2015-02-17,Active,31249.0,40.0,4
EMP-010266,It,Remote,2020-11-17,Active,79614.0,20.0,3
EMP-010267,Support,Chicago,2019-06-09,Active,55363.0,40.0,4
EMP-010268,Hr,Remote,2022-01-14,Active,108412.0,40.0,3
EMP-010269,Hr,London,2021-04-02,Terminated,70482.0,30.0,3
EMP-010270,It,Remote,2023-11-22,Terminated,48821.0,0.0,3
EMP-010271,Finance,San Francisco,2019-08-05,Active,69610.0,40.0,3
EMP-010272,Finance,New York,2018-11-05,Active,83741.0,40.0,3
EMP-010273,Marketing,London,2017-07-31,Active,144391.0,40.0,4
EMP-010274,Hr,London,2019-04-17,Active,22255.0,40.0,3
EMP-010275,It,New York,2022-11-09,On Leave,45022.0,35.0,3
EMP-010276,It,Remote,2015-05-20,Active,107630.0,30.0,3
EMP-010277,Finance,Remote,2023-10-20,Terminated,37276.0,0.0,2
EMP-010278,It,Remote,2023-12-10,Active,74928.5,30.0,3
EMP-010279,It,Remote,2020-05-19,Active,62916.0,40.0,3
EMP-010280,It,Remote,2017-12-25,Terminated,58989.0,40.0,3
EMP-010281,Sales,San Francisco,2017-01-03,Terminated,70695.0,40.0,5
EMP-010282,Hr,London,2017-06-27,Terminated,66683.0,40.0,5
EMP-010283,Sales,Chicago,2015-06-14,Terminated,101427.0,40.0,2
EMP-010284,It,New York,2019-04-11,Terminated,74928.5,40.0,3
EMP-010285,Sales,London,2015-07-08,Terminated,85658.0,40.0,3
EMP-010286,Marketing,Remote,2021-06-19,Terminated,69098.0,40.0,3
EMP-010287,Hr,New York,2018-05-07,Active,81462.0,40.0,4
EMP-010288,Sales,Chicago,2016-10-17,Active,95126.0,40.0,3
EMP-010289,Sales,London,2019-11-26,Active,100042.0,40.0,4
EMP-010290,It,London,2023-10-06,Active,84251.0,40.0,5
EMP-010291,Finance,San Francisco,2021-04-03,Terminated,113192.0,40.0,4
EMP-010292,Finance,London,2019-06-05,Active,59587.0,40.0,3
EMP-010293,Finance,London,2021-12-28,Active,103499.0,40.0,2
EMP-010294,Support,Chicago,2021-08-21,On Leave,74928.5,40.0,2
EMP-010295,It,Chicago,2023-01-10,Active,59750.0,40.0,4
EMP-010296,Hr,New York,2016-11-03,Active,80817.0,40.0,2
EMP-010297,Finance,Remote,2022-09-24,Active,82536.0,40.0,3
EMP-010298,Sales,Chicago,2017-09-16,Terminated,71449.0,40.0,4
EMP-010299,Finance,New York,2023-06-21,Active,71177.0,40.0,3
EMP-010300,Marketing,London,2017-07-12,Terminated,36879.0,40.0,3
EMP-010301,It,New York,2023-05-05,Active,57768.0,40.0,3
EMP-010302,It,New York,2023-09-03,On Leave,69041.0,40.0,3
EMP-010303,It,New York,2016-04-23,Active,60686.0,35.0,3
EMP-010304,Sales,Remote,2023-10-09,Active,53608.0,40.0,5
EMP-010305,It,New York,2015-10-09,Active,101527.0,40.0,1
EMP-010306,It,Chicago,2016-12-19,Active,72402.0,40.0,5
EMP-010307,Sales,London,2018-12-30,Active,129169.0,40.0,3
EMP-010308,Hr,London,2023-12-10,Active,80569.0,40.0,3
EMP-010309,Sales,London,2019-05-25,Active,101004.0,40.0,3
EMP-010310,Support,London,2019-12-15,On Leave,69797.0,40.0,4
EMP-010311,It,Remote,2021-04-01,Active,58458.0,40.0,4
EMP-010312,It,Remote,2023-09-18,Terminated,81571.0,40.0,3
EMP-010313,Sales,New York,2022-01-18,On Leave,107388.0,40.0,3
EMP-010314,Hr,San Francisco,2017-01-06,Active,72773.0,40.0,5
EMP-010315,Finance,London,2017-09-22,Active,86169.0,40.0,3
EMP-010316,Marketing,London,2015-11-17,Active,81439.0,40.0,4
EMP-010317,Sales,London,2020-10-19,Terminated,72550.0,40.0,4
EMP-010318,Hr,London,2016-08-17,On Leave,73829.0,20.0,3
EMP-010319,Support,London,2017-04-26,Active,50038.0,40.0,3
EMP-010320,Hr,Remote,2022-12-29,Active,74723.0,40.0,3
EMP-010321,It,London,2017-12-10,Active,91332.0,40.0,3
EMP-010322,Finance,London,2020-02-06,On Leave,82393.0,40.0,3
EMP-010323,Finance,Remote,2018-07-30,Terminated,79605.0,40.0,2
EMP-010324,It,London,2015-09-01,On Leave,93125.0,30.0,3
EMP-010325,Finance,New York,2018-04-07,Terminated,79873.0,40.0,3
EMP-010326,Finance,London,2018-09-03,Active,75348.0,40.0,4
EMP-010327,Sales,Remote,2023-01-23,Terminated,93379.0,20.0,4
EMP-010328,Finance,Remote,2017-12-02,Active,78415.0,40.0,3
EMP-010329,Finance,San Francisco,2018-05-31,Active,69085.0,40.0,3
EMP-010330,Sales,Remote,2022-01-17,Active,86707.0,40.0,4
EMP-010331,Support,Chicago,2021-10-30,Active,74120.0,40.0,5
EMP-010332,It,San Francisco,2022-03-08,Terminated,67962.0,40.0,2
EMP-010333,Sales,Chicago,2023-08-02,Active,78886.0,40.0,3
EMP-010334,Finance,Remote,2022-02-27,Active,74928.5,40.0,3
EMP-010335,It,Chicago,2018-09-01,Active,47409.0,35.0,3
EMP-010336,Support,San Francisco,2022-05-24,Active,83331.0,40.0,4
EMP-010337,Sales,New York,2019-07-31,Active,121163.0,40.0,3
EMP-010338,Marketing,Remote,2017-07-01,Active,50510.0,40.0,4
EMP-010339,Finance,Remote,2017-09-22,On Leave,74928.5,20.0,4
EMP-010340,It,London,2017-01-05,Active,144501.0,40.0,3
EMP-010341,Hr,Remote,2016-04-21,Terminated,54447.0,20.0,2
EMP-010342,Sales,London,2016-08-29,Terminated,107160.0,40.0,4
EMP-010343,Sales,London,2015-07-27,Active,69282.0,40.0,3
EMP-010344,It,Remote,2022-12-30,Active,76503.0,40.0,3
EMP-010345,Finance,New York,2023-05-19,Active,71721.0,40.0,5
EMP-010346,It,London,2020-04-12,Active,85643.0,20.0,2
EMP-010347,Sales,Remote,2022-07-25,Active,35506.0,40.0,4
EMP-010348,Hr,Chicago,2016-08-26,Terminated,79657.0,40.0,3
EMP-010349,Hr,San Francisco,2023-02-11,Active,64916.0,40.0,2
EMP-010350,It,Remote,2019-07-23,Active,28423.0,40.0,3
EMP-010351,Finance,London,2015-08-09,On Leave,103022.0,40.0,3
EMP-010352,Sales,London,2016-04-09,Active,22312.0,40.0,3
EMP-010353,Sales,London,2017-10-12,Active,128711.0,20.0,2
EMP-010354,Sales,London,2015-05-24,Terminated,90424.0,40.0,3
EMP-010355,Hr,New York,2017-10-13,Active,40975.0,20.0,3
EMP-010356,Sales,London,2015-07-16,Terminated,108452.0,40.0,4
EMP-010357,Hr,San Francisco,2017-02-14,Active,56241.0,20.0,3
EMP-010358,Finance,Chicago,2017-05-23,Terminated,57379.0,40.0,2
EMP-010359,Marketing,Remote,2023-12-13,Active,29976.0,20.0,1
EMP-010360,Hr,Remote,2017-02-13,Terminated,53401.0,40.0,5
EMP-010361,Marketing,Remote,2017-02-25,Terminated,56346.0,35.0,2
EMP-010362,Hr,Chicago,2021-03-07,Active,95454.0,0.0,4
EMP-010363,Sales,London,2022-09-25,Active,104180.0,20.0,3
EMP-010364,Support,Chicago,2018-06-26,Terminated,43980.0,40.0,2
EMP-010365,Finance,New York,2022-11-18,Active,81763.0,40.0,4
EMP-010366,It,Remote,2018-01-23,Active,28994.0,40.0,3
EMP-010367,Marketing,Remote,2016-10-09,Terminated,81859.0,40.0,4
EMP-010368,It,New York,2017-12-19,On Leave,129052.0,40.0,3
EMP-010369,Finance,Chicago,2020-06-25,Active,30505.0,30.0,4
EMP-010370,It,London,2018-04-21,Active,49633.0,40.0,3
EMP-010371,It,New York,2021-01-20,Terminated,93182.0,40.0,1
EMP-010372,Finance,London,2017-02-17,On Leave,96130.0,40.0,3
EMP-010373,Sales,San Francisco,2021-04-23,Active,51472.0,40.0,3
EMP-010374,It,New York,2018-02-16,Active,111840.0,40.0,4
EMP-010375,Marketing,London,2019-02-07,Active,74928.5,40.0,3
EMP-010376,Support,Chicago,2020-01-08,Active,116837.0,40.0,3
EMP-010377,It,London,2021-03-05,Active,86716.0,40.0,2
EMP-010378,Marketing,New York,2017-02-23,Active,106780.0,20.0,3
EMP-010379,Hr,London,2022-07-10,Active,84271.0,40.0,5
EMP-010380,Finance,Remote,2021-06-30,Active,91424.0,35.0,4
EMP-010381,Sales,New York,2017-02-08,Terminated,92753.0,40.0,3
EMP-010382,It,Remote,2023-10-10,Active,103620.0,40.0,3
EMP-010383,Sales,New York,2020-12-25,Active,74928.5,40.0,5
EMP-010384,Sales,Chicago,2019-01-27,Active,52502.0,30.0,4
EMP-010385,Sales,San Francisco,2016-06-01,Active,73027.0,0.0,3
EMP-010386,Finance,San Francisco,2019-10-19,Terminated,58313.0,40.0,1
EMP-010387,Sales,Remote,2016-06-25,Active,59948.0,40.0,4
EMP-010388,Support,Chicago,2018-11-12,On Leave,116369.0,40.0,3
EMP-010389,It,London,2018-09-05,Active,90568.0,40.0,2
EMP-010390,Support,Chicago,2021-06-24,Active,89418.0,40.0,3
EMP-010391,Sales,Chicago,2016-09-24,Active,101816.0,40.0,2
EMP-010392,It,London,2022-05-25,Active,90438.0,40.0,2
EMP-010393,Marketing,Remote,2017-12-07,Active,121677.0,40.0,3
EMP-010394,It,New York,2018-12-30,Terminated,22634.0,40.0,4
EMP-010395,Finance,Chicago,2021-12-13,Active,50060.0,40.0,4
EMP-010396,Finance,Chicago,2020-08-17,Active,57483.0,40.0,4
EMP-010397,Support,Chicago,2017-10-09,Active,40607.0,35.0,2
EMP-010398,Marketing,San Francisco,2018-06-23,Active,77823.0,40.0,5
EMP-010399,Support,Chicago,2017-10-02,Active,78998.0,40.0,1
EMP-010400,It,New York,2020-05-09,Terminated,124383.0,40.0,3
EMP-010401,Hr,London,2017-12-29,Terminated,97595.0,20.0,5
EMP-010402,Marketing,London,2021-07-13,Active,62312.0,20.0,4
EMP-010403,Hr,Chicago,2020-03-20,Active,87359.0,35.0,4
EMP-010404,It,New York,2016-04-23,Active,29325.0,40.0,3
EMP-010405,It,London,2017-10-16,Active,78556.0,40.0,5
EMP-010406,Sales,London,2016-12-28,Active,77220.0,40.0,3
EMP-010407,Sales,Remote,2018-07-06,Active,52448.0,40.0,4
EMP-010408,Hr,San Francisco,2019-08-24,Terminated,69970.0,40.0,3
EMP-010409,Sales,New York,2019-07-24,Terminated,74928.5,40.0,3
EMP-010410,It,London,2021-10-16,Active,74928.5,40.0,1
EMP-010411,Hr,London,2016-09-13,Active,91862.0,40.0,4
EMP-010412,It,Remote,2023-07-09,Active,100848.0,40.0,3
EMP-010413,Hr,London,2018-01-31,Active,87750.0,40.0,3
EMP-010414,Finance,Remote,2017-09-13,Active,64047.0,40.0,3
EMP-010415,Support,Remote,2021-03-02,Active,58436.0,40.0,5
EMP-010416,Sales,Remote,2022-04-01,Active,64825.0,35.0,4
EMP-010417,Finance,New York,2018-05-29,Terminated,69500.0,40.0,4
EMP-010418,Finance,London,2021-09-20,Terminated,53198.0,40.0,3
EMP-010419,It,Chicago,2022-12-14,Active,101346.0,40.0,3
EMP-010420,Support,Remote,2021-11-25,Terminated,69943.0,40.0,3
EMP-010421,Support,London,2015-04-23,Terminated,94122.0,0.0,3
EMP-010422,Marketing,London,2022-06-12,Active,40002.0,20.0,4
EMP-010423,It,London,2021-12-20,Active,57791.0,40.0,5
EMP-010424,Sales,London,2021-01-08,Terminated,96485.0,40.0,5
EMP-010425,It,New York,2021-11-03,Terminated,96839.0,40.0,4
EMP-010426,It,Remote,2023-10-25,Terminated,44937.0,40.0,3
EMP-010427,Sales,New York,2018-11-18,Active,82577.0,40.0,3
EMP-010428,Marketing,Remote,2015-08-09,Active,83233.0,40.0,4
EMP-010429,Hr,Remote,2019-02-23,Active,57295.0,40.0,3
EMP-010430,Finance,London,2015-06-02,Terminated,83925.0,40.0,4
EMP-010431,Sales,New York,2017-08-25,Active,35489.0,35.0,5
EMP-010432,It,Remote,2020-04-13,Active,51828.0,40.0,4
EMP-010433,Finance,London,2017-10-14,Active,89974.0,40.0,4
EMP-010434,It,New York,2021-03-02,Active,75738.0,20.0,3
EMP-010435,It,Remote,2022-05-25,Active,77036.0,40.0,3
EMP-010436,Hr,Remote,2018-10-13,Active,70623.0,40.0,3
EMP-010437,It,New York,2023-02-06,Active,88423.0,40.0,3
EMP-010438,Sales,London,2015-09-20,Active,89627.0,40.0,2
EMP-010439,Hr,San Francisco,2022-07-24,Active,94787.0,40.0,3
EMP-010440,Hr,New York,2022-06-16,Active,78142.0,40.0,5
EMP-010441,Finance,New York,2017-11-24,Active,65290.0,40.0,4
EMP-010442,It,New York,2017-09-08,Active,61075.0,40.0,3
EMP-010443,It,Remote,2017-09-29,Terminated,48579.0,40.0,3
EMP-010444,Sales,New York,2022-04-21,Active,64930.0,40.0,3
EMP-010445,It,San Francisco,2022-06-26,Active,59840.0,40.0,4
EMP-010446,Sales,Chicago,2017-12-19,Active,115039.0,35.0,4
EMP-010447,It,New York,2020-05-01,Active,48827.0,40.0,4
EMP-010448,Sales,Remote,2016-04-01,Active,100934.0,40.0,3
EMP-010449,Sales,San Francisco,2019-03-21,Active,68307.0,40.0,3
EMP-010450,Support,Chicago,2023-12-28,Terminated,69838.0,40.0,3
EMP-010451,Support,Remote,2016-06-06,Terminated,85030.0,40.0,4
EMP-010452,Sales,New York,2023-07-12,Active,39537.0,40.0,3
EMP-010453,Support,Chicago,2022-06-02,Active,55001.0,20.0,3
EMP-010454,Marketing,Remote,2023-10-01,Terminated,43972.0,35.0,4
EMP-010455,It,San Francisco,2016-08-13,Active,65494.0,40.0,4
EMP-010456,Marketing,San Francisco,2016-12-02,Active,52270.0,40.0,3
EMP-010457,It,Remote,2015-02-25,Terminated,107929.0,40.0,3
EMP-010458,It,Remote,2021-07-10,Active,60416.0,40.0,4
EMP-010459,Sales,Remote,2020-10-18,Terminated,15538.0,40.0,5
EMP-010460,Marketing,Chicago,2016-08-08,Active,66639.0,40.0,3
EMP-010461,Marketing,New York,2022-02-13,Active,95186.0,40.0,1
EMP-010462,It,London,2017-09-10,On Leave,74928.5,40.0,4
EMP-010463,Marketing,San Francisco,2016-03-19,Active,69263.0,20.0,3
EMP-010464,Hr,London,2018-10-20,Active,62077.0,40.0,5
EMP-010465,Sales,London,2015-10-27,Active,74639.0,0.0,4
EMP-010466,Support,San Francisco,2017-05-15,Active,85376.0,0.0,4
EMP-010467,Sales,Remote,2018-05-05,Active,46778.0,40.0,4
EMP-010468,Hr,New York,2022-09-01,Active,68889.0,40.0,3
EMP-010469,It,New York,2022-02-18,Terminated,73762.0,40.0,4
EMP-010470,It,San Francisco,2018-12-26,On Leave,76145.0,40.0,3
EMP-010471,It,Chicago,2021-07-09,Active,71386.0,40.0,3
EMP-010472,Sales,London,2020-02-13,On Leave,51605.0,40.0,3
EMP-010473,Sales,Remote,2018-01-25,Active,83469.0,40.0,4
EMP-010474,Sales,New York,2021-07-13,Active,73886.0,40.0,4
EMP-010475,It,London,2021-02-24,Active,73825.0,40.0,3
EMP-010476,Marketing,London,2020-07-27,Terminated,47937.0,40.0,3
EMP-010477,It,New York,2020-07-24,Active,91005.0,30.0,5
EMP-010478,It,Remote,2021-02-22,Active,51302.0,40.0,3
EMP-010479,It,London,2018-06-18,Terminated,115411.0,40.0,5
EMP-010480,It,New York,2022-10-27,Active,45519.0,40.0,3
EMP-010481,Sales,Remote,2016-06-17,Active,94055.0,40.0,3
EMP-010482,Sales,New York,2022-12-15,Active,27295.0,40.0,2
EMP-010483,Support,New York,2018-01-30,Active,18542.0,20.0,4
EMP-010484,Support,London,2016-02-15,Active,61131.0,40.0,1
EMP-010485,It,Chicago,2020-05-26,Active,74928.5,40.0,4
EMP-010486,It,Chicago,2018-05-20,Active,93243.0,40.0,3
EMP-010487,Sales,Remote,2022-05-04,Active,74455.0,35.0,4
EMP-010488,Sales,New York,2018-11-16,Active,110026.0,40.0,3
EMP-010489,Hr,Remote,2021-01-06,Terminated,70820.0,40.0,3
EMP-010490,It,Remote,2017-10-10,Active,81079.0,40.0,3
EMP-010491,Sales,Remote,2016-11-19,Terminated,68295.0,0.0,3
EMP-010492,Sales,Remote,2018-06-29,Terminated,53152.0,40.0,4
EMP-010493,It,San Francisco,2020-06-17,Active,64831.0,40.0,3
EMP-010494,Finance,London,2020-11-29,Active,44901.0,40.0,3
EMP-010495,It,London,2020-03-15,Active,84685.0,40.0,3
EMP-010496,Support,San Francisco,2023-11-22,Terminated,67304.0,20.0,5
EMP-010497,Hr,New York,2021-03-21,Active,72494.0,40.0,3
EMP-010498,Sales,San Francisco,2023-05-20,Active,145593.0,40.0,4
EMP-010499,Sales,New York,2016-01-23,Active,64924.0,40.0,2
EMP-010500,Marketing,Chicago,2015-07-21,Active,74928.5,40.0,4
EMP-010501,Hr,London,2017-10-19,Active,73647.0,0.0,5
EMP-010502,Marketing,London,2016-03-24,Active,103940.0,40.0,4
EMP-010503,Hr,Remote,2019-09-25,Active,80961.0,40.0,3
EMP-010504,Support,London,2019-09-02,Active,68214.0,40.0,2
EMP-010505,Marketing,San Francisco,2020-03-05,Terminated,132313.0,40.0,3
EMP-010506,Sales,San Francisco,2021-09-15,Terminated,53508.0,40.0,4
EMP-010507,Marketing,Chicago,2023-09-28,Active,70154.0,40.0,4
EMP-010508,It,San Francisco,2022-11-26,Active,97912.0,40.0,3
EMP-010509,Sales,New York,2016-01-25,Active,54547.0,40.0,3
EMP-010510,It,New York,2018-01-17,Active,94140.0,40.0,5
EMP-010511,It,London,2017-04-20,Active,63013.0,40.0,1
EMP-010512,Hr,London,2016-08-04,Active,100081.0,40.0,3
EMP-010513,Sales,London,2019-11-26,Active,99425.0,20.0,3
EMP-010514,Hr,London,2019-12-24,Active,74928.5,40.0,3
EMP-010515,It,New York,2017-01-16,Active,49988.0,40.0,2
EMP-010516,Finance,Remote,2021-05-29,Active,65213.0,40.0,4
EMP-010517,Sales,Remote,2021-08-06,Terminated,74630.0,35.0,3
EMP-010518,Hr,London,2015-03-10,Terminated,97207.0,40.0,3
EMP-010519,It,London,2018-07-24,Active,83015.0,40.0,3
EMP-010520,Hr,New York,2023-01-04,Active,88448.0,40.0,2
EMP-010521,It,Chicago,2019-09-07,Terminated,83733.0,40.0,3
EMP-010522,It,London,2018-02-16,Active,96155.0,40.0,4
EMP-010523,It,San Francisco,2017-04-13,Terminated,69990.0,20.0,4
EMP-010524,Marketing,London,2017-03-10,On Leave,79122.0,40.0,3
EMP-010525,Finance,Remote,2015-11-24,Active,75709.0,35.0,3
EMP-010526,Hr,Remote,2022-05-10,Terminated,64051.0,40.0,3
EMP-010527,It,Remote,2015-10-12,Terminated,100293.0,0.0,3
EMP-010528,It,New York,2017-08-18,Active,74928.5,40.0,3
EMP-010529,Hr,London,2015-05-31,Active,105145.0,40.0,3
EMP-010530,Sales,New York,2022-01-12,On Leave,55908.0,40.0,4
EMP-010531,Finance,Remote,2015-05-10,Active,83770.0,40.0,4
EMP-010532,Finance,London,2017-10-10,Terminated,102309.0,40.0,5
EMP-010533,It,Remote,2020-02-28,Active,112572.0,40.0,3
EMP-010534,Sales,London,2018-09-08,Active,74928.5,20.0,4
EMP-010535,It,London,2017-07-16,Active,74928.0,40.0,5
EMP-010536,Finance,Remote,2017-06-23,Active,70270.0,40.0,2
EMP-010537,Finance,San Francisco,2022-03-07,Active,114771.0,40.0,3
EMP-010538,Support,San Francisco,2023-10-07,Active,19766.0,20.0,5
EMP-010539,Marketing,Remote,2018-02-18,Active,48817.0,0.0,2
EMP-010540,Finance,San Francisco,2015-05-09,Active,74928.5,40.0,3
EMP-010541,It,London,2015-05-01,On Leave,63257.0,40.0,2
EMP-010542,Marketing,San Francisco,2021-10-31,Terminated,42464.0,40.0,3
EMP-010543,Marketing,San Francisco,2019-12-21,Active,112801.0,40.0,4
EMP-010544,Hr,London,2022-01-19,Active,39205.0,40.0,3
EMP-010545,Hr,Remote,2021-04-11,Active,74928.5,40.0,3
EMP-010546,Hr,New York,2023-03-02,Active,35994.0,40.0,3
EMP-010547,Hr,Remote,2022-12-21,Active,38937.0,40.0,3
EMP-010548,Support,Remote,2022-02-04,Terminated,80004.0,35.0,4
EMP-010549,Finance,Remote,2019-04-11,Active,53792.0,40.0,2
EMP-010550,Hr,Remote,2017-10-09,Terminated,81808.0,40.0,5
EMP-010551,It,New York,2019-07-25,Terminated,120051.0,35.0,4
EMP-010552,Sales,Remote,2019-07-09,Active,71125.0,40.0,1
EMP-010553,Hr,London,2020-06-28,Active,74928.5,40.0,3
EMP-010554,Finance,London,2016-09-03,Active,83107.0,40.0,5
EMP-010555,Hr,Chicago,2020-11-25,Active,98897.0,40.0,4
EMP-010556,Support,Chicago,2019-02-09,Active,16169.0,30.0,3
EMP-010557,It,London,2020-07-31,Active,90908.0,40.0,3
EMP-010558,It,London,2017-02-26,Active,87069.0,40.0,2
EMP-010559,Finance,Remote,2018-11-28,Active,65998.0,30.0,4
EMP-010560,It,London,2016-11-21,Active,122388.0,40.0,2
EMP-010561,It,London,2022-11-17,Active,62670.0,40.0,3
EMP-010562,Sales,New York,2019-05-23,Active,34778.0,40.0,3
EMP-010563,It,Remote,2017-01-09,Active,94549.0,40.0,3
EMP-010564,Sales,London,2015-05-16,Active,39408.0,40.0,3
EMP-010565,Finance,Remote,2021-01-30,Terminated,74928.5,40.0,3
EMP-010566,It,Remote,2016-12-06,Terminated,74928.5,40.0,3
EMP-010567,Finance,San Francisco,2023-11-27,Active,87462.0,40.0,2
EMP-010568,It,Chicago,2019-10-21,Active,68815.0,0.0,3
EMP-010569,It,Remote,2017-08-07,Terminated,66222.0,40.0,2
EMP-010570,It,Remote,2020-12-01,Active,106634.0,40.0,4
EMP-010571,Marketing,London,2017-06-23,Active,44502.0,40.0,2
EMP-010572,Support,London,2022-05-20,Terminated,94376.0,40.0,4
EMP-010573,Hr,Remote,2017-10-10,Active,129840.0,40.0,5
EMP-010574,Sales,Remote,2023-11-23,Active,88586.0,40.0,4
EMP-010575,Support,London,2020-06-12,Terminated,69050.0,40.0,3
EMP-010576,Finance,San Francisco,2022-08-07,Active,70998.0,40.0,3
EMP-010577,Sales,London,2015-08-28,Active,62990.0,40.0,5
EMP-010578,Sales,Remote,2018-02-18,Active,58724.0,40.0,3
EMP-010579,Hr,San Francisco,2021-08-21,Active,74928.5,40.0,3
EMP-010580,Sales,New York,2020-11-23,Active,91987.0,40.0,2
EMP-010581,It,San Francisco,2016-09-30,Terminated,115269.0,40.0,3
EMP-010582,Marketing,Chicago,2018-03-16,Active,26087.0,40.0,4
EMP-010583,Finance,Chicago,2017-05-15,Active,14024.0,40.0,3
EMP-010584,Marketing,London,2020-07-09,Terminated,115752.0,40.0,3
EMP-010585,Finance,Remote,2018-02-06,Active,76428.0,40.0,3
EMP-010586,Sales,London,2017-10-12,Active,77738.0,40.0,5
EMP-010587,Sales,London,2016-11-12,Active,87532.0,40.0,3
EMP-010588,Sales,Remote,2018-09-06,Terminated,70329.0,30.0,4
EMP-010589,Finance,Remote,2016-10-04,On Leave,124379.0,20.0,4
EMP-010590,It,Remote,2023-08-30,Active,87296.0,40.0,5
EMP-010591,Sales,Remote,2016-05-22,Active,63810.0,20.0,4
EMP-010592,Marketing,Chicago,2023-03-22,Active,66045.0,20.0,2
EMP-010593,It,London,2018-11-09,Active,71412.0,40.0,3
EMP-010594,Hr,Chicago,2018-05-27,Active,55572.0,40.0,4
EMP-010595,Finance,Remote,2017-01-30,Terminated,117237.0,30.0,3
EMP-010596,Sales,London,2020-09-20,Terminated,78099.0,40.0,4
EMP-010597,Marketing,Chicago,2021-03-03,Terminated,45737.0,40.0,4
EMP-010598,Support,London,2019-03-17,Active,85130.0,40.0,3
EMP-010599,It,Chicago,2015-07-03,Active,110976.0,20.0,3
EMP-010600,Support,London,2023-04-08,Active,101520.0,40.0,2
EMP-010601,Hr,London,2023-10-28,Active,56005.0,40.0,5
EMP-010602,It,London,2018-11-17,Active,47273.0,40.0,3
EMP-010603,Sales,New York,2020-07-10,Active,110683.0,40.0,4
EMP-010604,Finance,London,2019-01-20,Terminated,34392.0,40.0,3
EMP-010605,Marketing,Chicago,2017-11-24,Active,84273.0,40.0,3
EMP-010606,Sales,London,2015-09-12,Active,60787.0,40.0,4
EMP-010607,Sales,Remote,2019-02-08,Active,107841.0,40.0,3
EMP-010608,Marketing,London,2022-05-14,Active,48632.0,40.0,3
EMP-010609,Finance,San Francisco,2015-02-25,Active,55088.0,40.0,3
EMP-010610,Support,Remote,2020-03-28,Active,90426.0,40.0,3
EMP-010611,Sales,Remote,2022-12-05,Terminated,94888.0,40.0,4
EMP-010612,Hr,London,2016-12-16,Active,108990.0,35.0,3
EMP-010613,It,London,2016-08-25,Active,86823.0,0.0,4
EMP-010614,Hr,Remote,2021-12-13,Active,83737.0,40.0,3
EMP-010615,It,Chicago,2017-04-18,Active,101228.0,40.0,3
EMP-010616,It,Chicago,2016-09-23,Active,40735.0,40.0,3
EMP-010617,Marketing,London,2018-05-27,On Leave,53009.0,20.0,3
EMP-010618,Sales,New York,2018-07-14,Active,42830.0,40.0,2
EMP-010619,Sales,San Francisco,2022-11-13,Terminated,7858.0,35.0,3
EMP-010620,It,London,2020-07-25,Active,96054.0,40.0,3
EMP-010621,It,London,2018-08-27,Active,110742.0,40.0,3
EMP-010622,Support,Remote,2019-10-23,Active,88900.0,20.0,4
EMP-010623,Finance,San Francisco,2023-08-02,Active,84502.0,40.0,3
EMP-010624,Hr,New York,2016-01-08,Active,77124.0,40.0,3
EMP-010625,It,London,2016-11-13,Terminated,74928.5,40.0,3
EMP-010626,Sales,Remote,2023-08-30,Active,117381.0,35.0,4
EMP-010627,Sales,San Francisco,2023-08-13,Active,113730.0,40.0,4
EMP-010628,Marketing,New York,2016-08-05,Active,60374.0,20.0,3
EMP-010629,It,London,2016-04-21,Active,102720.0,40.0,4
EMP-010630,Hr,London,2018-10-16,Active,105736.0,40.0,4
EMP-010631,Hr,London,2015-06-13,Active,91260.0,40.0,4
EMP-010632,Marketing,London,2020-11-22,Terminated,84690.0,40.0,3
EMP-010633,Marketing,Remote,2015-09-12,Active,83832.0,40.0,3
EMP-010634,Sales,London,2015-07-10,Terminated,37950.0,40.0,3
EMP-010635,Hr,Chicago,2019-05-14,Active,35733.0,40.0,4
EMP-010636,Finance,New York,2023-08-15,Active,94582.0,40.0,5
EMP-010637,Sales,Chicago,2018-11-03,Active,47491.0,0.0,4
EMP-010638,Finance,London,2018-03-17,Terminated,40268.0,40.0,3
EMP-010639,It,Remote,2023-12-25,Terminated,23113.0,40.0,3
EMP-010640,It,New York,2019-10-15,Active,63107.0,40.0,4
EMP-010641,Marketing,New York,2018-05-18,Active,84358.0,40.0,1
EMP-010642,Sales,London,2018-06-22,Terminated,86373.0,40.0,3
EMP-010643,Finance,Remote,2016-10-02,On Leave,96265.0,30.0,5
EMP-010644,Support,London,2019-08-11,Terminated,65213.0,0.0,3
EMP-010645,Sales,New York,2018-12-13,Active,77682.0,40.0,4
EMP-010646,Sales,Remote,2017-06-09,Active,96145.0,40.0,3
EMP-010647,Sales,San Francisco,2016-06-11,Terminated,86599.0,40.0,3
EMP-010648,Finance,Chicago,2017-10-20,Active,60378.0,40.0,5
EMP-010649,Support,New York,2019-07-31,Active,82491.0,20.0,3
EMP-010650,It,San Francisco,2015-07-11,Active,25394.0,40.0,5
EMP-010651,Finance,New York,2016-05-20,Active,75003.0,40.0,3
EMP-010652,Support,London,2023-07-12,Terminated,59540.0,40.0,3
EMP-010653,Sales,London,2019-11-20,Active,112964.0,40.0,4
EMP-010654,Sales,Remote,2015-07-28,Active,50569.0,40.0,3
EMP-010655,Support,New York,2021-03-28,Active,74928.5,40.0,3
EMP-010656,Sales,Remote,2015-07-23,Terminated,64279.0,30.0,3
EMP-010657,It,Remote,2021-08-25,Active,61044.0,40.0,3
EMP-010658,Finance,New York,2021-10-01,Active,84433.0,20.0,4
EMP-010659,Marketing,London,2020-11-10,Active,64545.0,35.0,3
EMP-010660,Finance,London,2021-08-03,Active,121300.0,40.0,3
EMP-010661,It,London,2015-10-17,Active,25635.0,40.0,3
EMP-010662,Hr,London,2021-07-16,Active,90779.0,30.0,3
EMP-010663,Hr,San Francisco,2016-03-25,Active,72880.0,40.0,3
EMP-010664,Hr,London,2018-01-20,On Leave,73742.0,30.0,2
EMP-010665,Finance,Remote,2023-06-26,Active,82553.0,40.0,4
EMP-010666,It,Remote,2019-07-11,Terminated,99944.0,40.0,3
EMP-010667,Finance,London,2023-09-15,Active,81627.0,40.0,2
EMP-010668,Sales,New York,2015-10-20,Active,100033.0,40.0,3
EMP-010669,It,London,2019-04-19,Terminated,76160.0,20.0,3
EMP-010670,Sales,Remote,2015-07-25,Active,49147.0,40.0,2
EMP-010671,It,Remote,2020-09-02,Active,74928.5,40.0,5
EMP-010672,Marketing,New York,2015-09-16,Active,103823.0,40.0,2
EMP-010673,Support,San Francisco,2016-07-30,Active,64733.0,40.0,4
EMP-010674,Finance,San Francisco,2017-04-30,Active,47930.0,40.0,4
EMP-010675,Finance,San Francisco,2021-09-27,Active,90486.0,40.0,3
EMP-010676,Sales,London,2016-06-22,Terminated,83415.0,35.0,2
EMP-010677,It,New York,2022-08-14,Active,55728.0,40.0,3
EMP-010678,Sales,San Francisco,2016-03-09,Active,69174.0,20.0,3
EMP-010679,Sales,London,2015-04-26,Terminated,70458.0,40.0,5
EMP-010680,Finance,London,2018-07-22,Active,75160.0,35.0,2
EMP-010681,It,New York,2023-10-25,On Leave,91164.0,40.0,1
EMP-010682,Support,New York,2015-12-29,Active,64870.0,40.0,3
EMP-010683,Support,New York,2015-12-01,Terminated,92456.0,20.0,4
EMP-010684,Sales,Chicago,2021-10-05,Active,61663.0,40.0,4
EMP-010685,It,London,2017-10-23,Terminated,116658.0,30.0,4
EMP-010686,Marketing,Remote,2021-06-15,Active,117196.0,40.0,3
EMP-010687,It,Chicago,2016-10-19,Active,53590.0,40.0,4
EMP-010688,It,Chicago,2019-02-21,Active,74928.5,40.0,4
EMP-010689,It,Chicago,2017-05-22,Active,99455.0,0.0,5
EMP-010690,Support,Remote,2019-01-24,Active,74928.5,40.0,3
EMP-010691,Hr,Chicago,2021-12-03,Terminated,88792.0,20.0,3
EMP-010692,Sales,San Francisco,2021-11-09,Active,58631.0,40.0,2
EMP-010693,Sales,New York,2019-08-23,Terminated,71689.0,40.0,3
EMP-010694,Support,New York,2023-05-10,Active,66379.0,40.0,5
EMP-010695,It,London,2017-05-17,Terminated,82605.0,40.0,4
EMP-010696,It,London,2017-02-28,Active,43857.0,40.0,4
EMP-010697,It,Remote,2020-07-10,Terminated,72517.0,0.0,3
EMP-010698,Marketing,San Francisco,2020-08-04,Active,43606.0,40.0,3
EMP-010699,Hr,Remote,2015-06-02,Active,62111.0,40.0,3
EMP-010700,Support,Remote,2020-06-20,Active,72566.0,40.0,3
EMP-010701,Sales,New York,2018-05-15,Terminated,87686.0,30.0,4
EMP-010702,Finance,Chicago,2021-09-22,Terminated,89758.0,40.0,4
EMP-010703,It,London,2022-04-10,Terminated,94023.0,40.0,2
EMP-010704,It,London,2019-12-20,Active,74928.5,40.0,1
EMP-010705,Finance,London,2015-01-06,Active,106602.0,40.0,3
EMP-010706,Marketing,London,2020-09-22,Active,58880.0,40.0,4
EMP-010707,Support,New York,2021-09-27,Active,60705.0,40.0,5
EMP-010708,It,San Francisco,2017-03-29,Active,81719.0,40.0,3
EMP-010709,Sales,London,2019-03-08,Terminated,66575.0,40.0,3
EMP-010710,It,Remote,2023-09-10,Active,84046.0,40.0,4
EMP-010711,Hr,London,2017-09-06,Terminated,88685.0,40.0,3
EMP-010712,Sales,New York,2017-01-03,Active,55921.0,20.0,4
EMP-010713,Finance,San Francisco,2016-11-24,Terminated,70407.0,35.0,4
EMP-010714,Hr,New York,2020-01-11,On Leave,71147.0,40.0,3
EMP-010715,Marketing,New York,2023-07-19,Terminated,98957.0,40.0,3
EMP-010716,Sales,San Francisco,2020-06-23,Active,63371.0,40.0,2
EMP-010717,Finance,San Francisco,2017-09-24,Active,62283.0,40.0,3
EMP-010718,Marketing,San Francisco,2020-09-29,On Leave,49460.0,35.0,5
EMP-010719,Hr,New York,2020-08-15,Active,52262.0,40.0,3
EMP-010720,Hr,London,2020-05-16,Terminated,41235.0,40.0,3
EMP-010721,Sales,Remote,2016-06-08,Active,57423.0,40.0,3
EMP-010722,Finance,Remote,2020-09-16,Active,114839.0,40.0,4
EMP-010723,Sales,New York,2018-11-14,Active,92273.0,40.0,2
EMP-010724,Hr,New York,2015-03-03,Active,106934.0,20.0,3
EMP-010725,Support,London,2019-11-10,Terminated,51246.0,20.0,3
EMP-010726,Sales,San Francisco,2023-11-26,Terminated,26307.0,40.0,3
EMP-010727,Marketing,New York,2018-02-23,Active,82910.0,40.0,4
EMP-010728,Finance,London,2023-09-09,Active,121340.0,40.0,3
EMP-010729,It,Chicago,2015-11-13,On Leave,62867.0,20.0,4
EMP-010730,It,San Francisco,2021-08-04,Terminated,77545.0,40.0,4
EMP-010731,Sales,London,2016-01-11,Active,35762.0,40.0,1
EMP-010732,Support,New York,2017-06-18,Active,75705.0,40.0,3
EMP-010733,Hr,Chicago,2020-02-20,On Leave,71875.0,40.0,3
EMP-010734,It,London,2020-05-02,Active,22674.0,40.0,3
EMP-010735,Sales,Remote,2021-12-23,On Leave,49067.0,40.0,4
EMP-010736,Marketing,London,2020-07-15,Terminated,47082.0,20.0,2
EMP-010737,Sales,Chicago,2020-05-05,Terminated,35507.0,40.0,3
EMP-010738,Support,New York,2023-03-18,Terminated,56879.0,20.0,3
EMP-010739,Support,Remote,2019-01-26,Terminated,87719.0,40.0,1
EMP-010740,It,London,2017-01-10,Active,74928.5,30.0,5
EMP-010741,Sales,New York,2016-06-15,Active,103712.0,40.0,3
EMP-010742,Sales,Remote,2018-08-07,Active,65931.0,40.0,4
EMP-010743,It,London,2021-05-31,Active,83155.0,40.0,3
EMP-010744,Sales,London,2015-05-20,Active,87437.0,40.0,5
EMP-010745,Hr,San Francisco,2016-02-29,Active,113347.0,40.0,3
EMP-010746,Sales,London,2015-12-15,Active,57097.0,40.0,2
EMP-010747,It,San Francisco,2020-04-07,Active,86059.0,40.0,3
EMP-010748,Hr,Remote,2017-03-09,On Leave,51334.0,35.0,3
EMP-010749,Sales,Remote,2016-06-30,Terminated,118052.0,40.0,5
EMP-010750,Hr,London,2020-05-02,Active,49008.0,40.0,3
EMP-010751,Finance,Chicago,2021-11-07,Active,84592.0,40.0,3
EMP-010752,Support,Remote,2017-12-27,Active,113987.0,40.0,3
EMP-010753,Marketing,Remote,2020-03-15,Active,45087.0,40.0,3
EMP-010754,Support,London,2015-11-19,Active,89877.0,40.0,3
EMP-010755,Support,Chicago,2023-06-01,Active,50181.0,40.0,5
EMP-010756,Finance,San Francisco,2018-01-12,Active,133209.0,40.0,3
EMP-010757,Hr,San Francisco,2023-12-23,Active,27716.0,40.0,2
EMP-010758,Hr,Remote,2023-10-22,Terminated,37067.0,40.0,3
EMP-010759,Sales,London,2022-01-03,Terminated,46962.0,40.0,3
EMP-010760,Finance,San Francisco,2015-03-07,Active,47767.0,0.0,4
EMP-010761,Sales,San Francisco,2019-11-22,Active,88022.0,40.0,3
EMP-010762,Finance,Remote,2015-10-13,Active,119992.0,40.0,5
EMP-010763,Sales,London,2023-01-21,Active,103878.0,40.0,3
EMP-010764,It,San Francisco,2022-02-08,Terminated,80848.0,40.0,4
EMP-010765,It,London,2023-10-02,On Leave,75240.0,40.0,4
EMP-010766,Support,New York,2020-06-22,Active,59841.0,20.0,4
EMP-010767,Support,Remote,2019-09-13,Active,84777.0,40.0,3
EMP-010768,Sales,Remote,2019-09-02,Active,69780.0,40.0,4
EMP-010769,Marketing,London,2018-06-24,Active,79735.0,40.0,3
EMP-010770,It,New York,2019-03-21,Active,56477.0,40.0,3
EMP-010771,Hr,New York,2020-09-19,Terminated,44954.0,40.0,1
EMP-010772,Marketing,London,2023-05-25,Active,75637.0,40.0,3
EMP-010773,It,Chicago,2020-05-12,Active,75084.0,0.0,3
EMP-010774,Sales,Chicago,2022-09-18,Terminated,60102.0,35.0,4
EMP-010775,Marketing,New York,2022-10-06,Active,55837.0,20.0,3
EMP-010776,Sales,Chicago,2019-09-02,Active,88960.0,40.0,4
EMP-010777,Support,Chicago,2018-02-16,Active,86374.0,40.0,3
EMP-010778,Hr,Chicago,2020-10-03,Active,121914.0,20.0,3
EMP-010779,It,New York,2019-01-05,Terminated,109523.0,40.0,5
EMP-010780,Support,Chicago,2015-09-25,Active,45154.0,20.0,3
EMP-010781,It,Remote,2018-05-26,Active,70229.0,40.0,3
EMP-010782,Sales,Remote,2023-12-12,Active,40881.0,0.0,3
EMP-010783,Finance,New York,2015-06-09,Active,74928.5,40.0,3
EMP-010784,It,London,2021-04-08,Terminated,129887.0,40.0,4
EMP-010785,Hr,Chicago,2022-07-27,Active,112007.0,40.0,4
EMP-010786,Sales,San Francisco,2020-11-02,Terminated,59255.0,40.0,3
EMP-010787,Marketing,New York,2020-02-16,Active,106084.0,20.0,5
EMP-010788,It,London,2021-05-14,Active,109793.0,40.0,3
EMP-010789,Marketing,London,2018-11-12,Terminated,26988.0,35.0,1
EMP-010790,It,Remote,2015-10-28,Terminated,96265.0,20.0,3
EMP-010791,It,Remote,2023-08-30,Active,62709.0,20.0,3
EMP-010792,Hr,London,2018-11-21,Active,84577.0,20.0,4
EMP-010793,It,London,2020-12-27,Active,150247.0,0.0,4
EMP-010794,Hr,Chicago,2019-10-13,Terminated,114634.0,40.0,3
EMP-010795,Marketing,San Francisco,2015-06-29,Active,71795.0,0.0,3
EMP-010796,Support,Chicago,2023-07-29,Active,110542.0,40.0,3
EMP-010797,It,London,2022-02-18,Active,26947.0,40.0,4
EMP-010798,Sales,New York,2016-05-05,Active,87589.0,40.0,2
EMP-010799,Support,London,2023-11-01,Terminated,88187.0,40.0,3
EMP-010800,Sales,San Francisco,2021-08-19,Active,92642.0,40.0,4
EMP-010801,Marketing,London,2019-04-02,Active,62288.0,40.0,3
EMP-010802,Sales,London,2020-07-02,Active,84549.0,40.0,4
EMP-010803,It,San Francisco,2015-12-17,Active,96399.0,40.0,3
EMP-010804,Support,London,2020-01-17,Active,74928.5,40.0,3
EMP-010805,Support,Remote,2015-08-31,Active,67096.0,40.0,3
EMP-010806,It,Remote,2019-11-26,Active,52417.0,40.0,4
EMP-010807,Finance,Chicago,2019-12-22,Terminated,91553.0,40.0,3
EMP-010808,Marketing,London,2022-11-14,Terminated,109446.0,40.0,3
EMP-010809,Hr,San Francisco,2021-07-11,Active,59704.0,0.0,5
EMP-010810,Marketing,London,2017-03-31,Active,47783.0,20.0,4
EMP-010811,Hr,San Francisco,2022-12-30,Active,77929.0,40.0,3
EMP-010812,It,London,2020-02-28,Active,46170.0,40.0,3
EMP-010813,Hr,Chicago,2020-06-16,On Leave,69339.0,20.0,3
EMP-010814,Sales,New York,2016-07-09,Terminated,66703.0,40.0,4
EMP-010815,Sales,London,2022-09-20,Active,89503.0,35.0,3
EMP-010816,Hr,New York,2023-05-19,Active,82880.0,40.0,1
EMP-010817,Hr,London,2021-12-22,Terminated,79035.0,35.0,5
EMP-010818,It,San Francisco,2023-06-20,Active,115921.0,40.0,4
EMP-010819,Support,New York,2017-09-20,Active,81743.0,40.0,4
EMP-010820,Marketing,London,2022-10-01,Active,64554.0,20.0,3
EMP-010821,Marketing,San Francisco,2019-05-26,Active,67620.0,40.0,4
EMP-010822,It,Chicago,2016-06-22,Active,55892.0,40.0,1
EMP-010823,It,London,2021-01-07,Active,49534.0,40.0,3
EMP-010824,Sales,London,2021-02-26,Active,40266.0,20.0,5
EMP-010825,Hr,San Francisco,2017-08-01,Terminated,103356.0,20.0,5
EMP-010826,Finance,London,2015-04-01,Terminated,57042.0,40.0,5
EMP-010827,Marketing,San Francisco,2016-10-18,Terminated,82898.0,40.0,3
EMP-010828,It,London,2018-08-07,Active,67503.0,20.0,2
EMP-010829,Hr,Remote,2016-07-04,Active,74269.0,40.0,2
EMP-010830,It,Remote,2016-09-29,Active,103845.0,40.0,5
EMP-010831,Sales,San Francisco,2018-07-10,Terminated,79416.0,40.0,1
EMP-010832,Sales,Chicago,2023-08-28,Active,51933.0,40.0,4
EMP-010833,Sales,London,2021-11-17,Active,60897.0,20.0,4
EMP-010834,It,Remote,2017-11-17,Active,96499.0,40.0,3
EMP-010835,Sales,San Francisco,2023-07-25,Terminated,87079.0,40.0,4
EMP-010836,It,San Francisco,2020-10-23,On Leave,98060.0,20.0,4
EMP-010837,Hr,Remote,2019-02-06,Active,69037.0,40.0,3
EMP-010838,It,New York,2019-03-20,On Leave,40099.0,40.0,4
EMP-010839,Finance,London,2018-09-12,Active,87666.0,40.0,3
EMP-010840,Hr,Remote,2017-02-04,Active,81320.0,40.0,3
EMP-010841,It,London,2018-06-24,Terminated,81975.0,40.0,5
EMP-010842,It,Remote,2019-10-02,Active,40456.0,40.0,4
EMP-010843,Marketing,Remote,2019-10-02,Active,58995.0,40.0,3
EMP-010844,Hr,Chicago,2021-11-08,On Leave,51541.0,30.0,4
EMP-010845,Hr,London,2018-03-25,Active,84984.0,40.0,4
EMP-010846,It,Remote,2021-06-14,Terminated,85845.0,40.0,2
EMP-010847,It,Chicago,2020-03-15,Active,73913.0,40.0,2
EMP-010848,It,Remote,2023-08-28,Active,99190.0,40.0,3
EMP-010849,It,London,2018-06-20,Active,74928.5,20.0,4
EMP-010850,It,Remote,2023-02-10,On Leave,74928.5,40.0,3
EMP-010851,Marketing,Remote,2022-05-21,Active,91777.0,40.0,5
EMP-010852,Hr,Remote,2020-09-27,Active,61461.0,35.0,4
EMP-010853,It,London,2020-11-21,Active,56864.0,20.0,3
EMP-010854,Sales,Remote,2015-10-06,Terminated,100244.0,40.0,2
EMP-010855,Hr,London,2023-07-21,Active,53131.0,40.0,3
EMP-010856,It,Remote,2015-12-18,Active,92427.0,40.0,3
EMP-010857,Marketing,New York,2020-01-26,Active,117987.0,40.0,3
EMP-010858,Sales,Remote,2017-12-20,Active,91337.0,40.0,5
EMP-010859,It,London,2018-11-13,Active,72977.0,40.0,4
EMP-010860,Support,San Francisco,2020-06-28,Active,41492.0,40.0,4
EMP-010861,Hr,San Francisco,2023-03-07,On Leave,79083.0,40.0,4
EMP-010862,Support,San Francisco,2019-02-13,Active,100227.0,40.0,2
EMP-010863,It,London,2023-11-21,Active,70526.0,40.0,3
EMP-010864,It,New York,2020-05-02,Active,74928.5,20.0,4
EMP-010865,It,Remote,2016-06-11,Terminated,84126.0,20.0,3
EMP-010866,It,Remote,2016-09-16,Active,82284.0,40.0,2
EMP-010867,Marketing,Chicago,2021-06-11,Terminated,67080.0,40.0,3
EMP-010868,It,Chicago,2015-06-15,On Leave,38599.0,0.0,3
EMP-010869,Marketing,London,2019-04-28,Active,64372.0,30.0,4
EMP-010870,Finance,London,2016-05-02,Active,64174.0,40.0,2
EMP-010871,It,New York,2018-11-24,Terminated,89386.0,40.0,3
EMP-010872,Support,Remote,2021-09-30,Terminated,74619.0,40.0,1
EMP-010873,Marketing,Remote,2019-02-17,Terminated,102079.0,40.0,4
EMP-010874,It,San Francisco,2016-06-21,Terminated,82034.0,40.0,2
EMP-010875,Hr,New York,2017-04-08,Active,62391.0,40.0,2
EMP-010876,It,New York,2018-04-23,Terminated,54628.0,40.0,3
EMP-010877,Marketing,Remote,2015-08-17,Active,59916.0,40.0,1
EMP-010878,Marketing,London,2020-04-04,Active,79019.0,40.0,5
EMP-010879,It,Remote,2020-06-19,Active,65680.0,40.0,3
EMP-010880,Finance,London,2015-07-24,Active,48089.0,35.0,1
EMP-010881,It,London,2018-08-15,Active,100168.0,40.0,4
EMP-010882,Sales,London,2018-09-22,Active,78808.0,40.0,2
EMP-010883,Support,London,2018-01-02,Active,81868.0,40.0,4
EMP-010884,Support,Remote,2020-01-08,On Leave,54434.0,35.0,4
EMP-010885,Marketing,London,2018-02-11,Active,48960.0,20.0,2
EMP-010886,Marketing,London,2018-09-30,Terminated,70944.0,40.0,2
EMP-010887,It,San Francisco,2022-03-06,Active,24295.0,40.0,3
EMP-010888,Support,San Francisco,2016-06-16,Active,94495.0,40.0,4
EMP-010889,Support,Remote,2020-07-28,Active,57399.0,40.0,3
EMP-010890,Finance,Remote,2019-07-20,Active,68307.0,40.0,4
EMP-010891,Hr,London,2017-09-29,Active,85673.0,40.0,3
EMP-010892,Finance,London,2021-07-19,On Leave,69384.0,40.0,3
EMP-010893,Sales,Remote,2019-12-17,Active,45791.0,20.0,3
EMP-010894,Sales,London,2019-04-19,Active,112643.0,30.0,3
EMP-010895,It,New York,2021-01-03,Active,36685.0,40.0,3
EMP-010896,Finance,Chicago,2022-03-22,Active,19086.0,0.0,3
EMP-010897,Sales,Chicago,2023-10-03,Active,96865.0,40.0,3
EMP-010898,It,London,2020-08-30,Terminated,38514.0,40.0,3
EMP-010899,Hr,Remote,2022-11-14,Active,106320.0,40.0,3
EMP-010900,It,San Francisco,2015-01-04,Active,84422.0,40.0,4
EMP-010901,It,Remote,2019-10-09,Active,82075.0,40.0,4
EMP-010902,Sales,London,2016-12-06,Active,60774.0,20.0,3
EMP-010903,Sales,London,2015-11-06,Active,54365.0,40.0,4
EMP-010904,Hr,Remote,2019-10-15,Active,65594.0,40.0,2
EMP-010905,Marketing,London,2021-09-20,Terminated,53070.0,35.0,3
EMP-010906,Support,San Francisco,2018-09-17,Active,105192.0,20.0,3
EMP-010907,Finance,London,2021-01-11,Terminated,56431.0,40.0,3
EMP-010908,Sales,New York,2019-05-29,Active,87659.0,40.0,3
EMP-010909,It,San Francisco,2018-12-07,Terminated,100130.0,40.0,3
EMP-010910,Sales,New York,2017-08-12,Active,52970.0,35.0,3
EMP-010911,Support,Chicago,2018-06-11,Active,84415.0,35.0,4
EMP-010912,Finance,Remote,2018-02-23,Active,52653.0,40.0,4
EMP-010913,Support,San Francisco,2020-10-25,Active,70662.0,40.0,3
EMP-010914,Finance,London,2016-01-17,Active,63534.0,40.0,4
EMP-010915,Sales,San Francisco,2015-11-01,Active,57614.0,40.0,4
EMP-010916,Marketing,Remote,2020-12-09,Terminated,78945.0,40.0,4
EMP-010917,Hr,Remote,2019-12-01,Active,44647.0,20.0,3
EMP-010918,Sales,Remote,2018-11-15,Active,98231.0,40.0,4
EMP-010919,Support,London,2016-05-16,Terminated,47962.0,40.0,3
EMP-010920,Support,San Francisco,2018-09-13,Terminated,43323.0,0.0,3
EMP-010921,Support,Chicago,2022-02-08,Active,68693.0,40.0,3
EMP-010922,Hr,London,2023-01-03,Terminated,65687.0,40.0,5
EMP-010923,Sales,London,2021-04-28,Active,83889.0,40.0,3
EMP-010924,Finance,Remote,2015-07-16,Active,77121.0,40.0,3
EMP-010925,Sales,London,2021-01-12,Active,34316.0,0.0,2
EMP-010926,Sales,Remote,2017-03-03,Terminated,99664.0,40.0,3
EMP-010927,Marketing,London,2017-11-02,Terminated,74928.5,20.0,2
EMP-010928,Support,Remote,2016-10-05,Active,81036.0,40.0,3
EMP-010929,It,Chicago,2021-12-24,Active,130054.0,40.0,3
EMP-010930,Sales,Remote,2020-11-01,Terminated,107161.0,40.0,3
EMP-010931,Hr,Chicago,2020-07-04,Terminated,80263.0,40.0,3
EMP-010932,Sales,Remote,2021-01-04,Terminated,40673.0,40.0,4
EMP-010933,Sales,Remote,2017-02-17,Terminated,41092.0,40.0,3
EMP-010934,Finance,London,2019-01-01,Active,104051.0,40.0,2
EMP-010935,Hr,Remote,2020-09-12,Active,64955.0,40.0,3
EMP-010936,Marketing,Remote,2020-09-23,Terminated,70790.0,40.0,4
EMP-010937,Marketing,Chicago,2022-02-15,Active,46363.0,35.0,3
EMP-010938,Finance,New York,2017-08-01,Active,86146.0,40.0,3
EMP-010939,Support,Remote,2021-12-07,Terminated,103535.0,30.0,3
EMP-010940,Marketing,Chicago,2018-12-17,Active,113089.0,20.0,3
EMP-010941,Sales,London,2021-01-11,Active,74928.5,40.0,3
EMP-010942,Hr,London,2019-02-06,Active,91122.0,20.0,4
EMP-010943,Sales,Remote,2023-07-16,Active,74928.5,40.0,3
EMP-010944,Sales,Remote,2016-08-12,Active,97007.0,40.0,4
EMP-010945,Support,London,2021-01-27,Terminated,74901.0,20.0,4
EMP-010946,Sales,Chicago,2020-03-10,Terminated,54397.0,40.0,5
EMP-010947,Sales,London,2016-07-21,Active,74928.5,40.0,3
EMP-010948,It,Chicago,2015-08-05,Terminated,77463.0,40.0,3
EMP-010949,Sales,London,2022-03-11,Active,74928.5,20.0,3
EMP-010950,Finance,London,2016-06-01,Active,79445.0,40.0,4
EMP-010951,Hr,San Francisco,2016-09-05,Active,56584.0,30.0,3
EMP-010952,It,New York,2023-10-22,Active,85381.0,35.0,3
EMP-010953,Hr,Remote,2021-06-15,Active,70093.0,20.0,4
EMP-010954,Hr,Chicago,2017-04-03,Active,55130.0,40.0,3
EMP-010955,Support,London,2020-04-26,Active,134422.0,40.0,5
EMP-010956,Support,Remote,2019-10-22,Active,49818.0,40.0,4
EMP-010957,It,Remote,2022-08-07,Active,83832.0,40.0,3
EMP-010958,Marketing,Remote,2021-07-25,Active,76420.0,40.0,4
EMP-010959,It,Chicago,2022-06-26,On Leave,49360.0,40.0,2
EMP-010960,Support,San Francisco,2016-11-26,Active,66567.0,0.0,3
EMP-010961,It,London,2020-10-05,Active,41436.0,40.0,4
EMP-010962,Support,Chicago,2015-05-13,Active,126662.0,40.0,3
EMP-010963,Support,London,2015-08-15,Terminated,68301.0,40.0,3
EMP-010964,Hr,San Francisco,2021-06-03,Active,70430.0,40.0,3
EMP-010965,It,London,2015-03-22,Active,123630.0,40.0,3
EMP-010966,Hr,London,2020-03-20,Active,54401.0,40.0,1
EMP-010967,Sales,Remote,2022-07-25,Active,107360.0,40.0,2
EMP-010968,Finance,Chicago,2018-06-02,Active,89813.0,40.0,3
EMP-010969,Hr,London,2015-05-28,Active,25525.0,40.0,4
EMP-010970,It,Remote,2021-06-04,Terminated,65723.0,35.0,4
EMP-010971,It,London,2023-05-14,Active,85915.0,40.0,3
EMP-010972,Finance,New York,2021-06-15,Active,75889.0,20.0,3
EMP-010973,Sales,San Francisco,2020-03-16,Active,75957.0,40.0,3
EMP-010974,Sales,Chicago,2017-01-26,Active,59821.0,40.0,2
EMP-010975,Finance,New York,2015-02-20,Terminated,57178.0,40.0,3
EMP-010976,Finance,Chicago,2021-04-02,Active,74928.5,40.0,1
EMP-010977,Hr,London,2017-01-29,Active,124033.0,40.0,5
EMP-010978,Finance,Remote,2022-09-21,Active,52308.0,40.0,3
EMP-010979,Sales,Remote,2019-03-13,Active,62945.0,40.0,2
EMP-010980,It,Chicago,2019-10-11,Active,75721.0,40.0,4
EMP-010981,Sales,San Francisco,2021-10-14,Active,38421.0,40.0,3
EMP-010982,Sales,Chicago,2022-01-05,On Leave,85799.0,40.0,3
EMP-010983,Sales,Chicago,2020-10-13,Active,42800.0,20.0,3
EMP-010984,Marketing,Chicago,2023-06-12,Active,74928.5,40.0,3
EMP-010985,Sales,London,2023-11-03,Terminated,46619.0,40.0,3
EMP-010986,Sales,Chicago,2023-07-10,Active,33985.0,40.0,5
EMP-010987,Finance,London,2022-06-02,Terminated,106708.0,40.0,2
EMP-010988,Support,San Francisco,2021-05-08,Active,88040.0,40.0,2
EMP-010989,Support,San Francisco,2020-12-20,Active,98060.0,0.0,4
EMP-010990,Sales,Chicago,2015-12-08,Active,95782.0,30.0,3
EMP-010991,Finance,London,2017-06-11,Active,70797.0,40.0,2
EMP-010992,It,Remote,2015-01-19,Active,74262.0,40.0,3
EMP-010993,Support,Chicago,2016-03-27,Terminated,100343.0,40.0,3
EMP-010994,Marketing,Remote,2018-12-14,Terminated,115961.0,40.0,3
EMP-010995,It,Remote,2016-04-26,Active,43548.0,40.0,4
EMP-010996,Finance,San Francisco,2023-02-11,Active,137999.0,40.0,4
EMP-010997,Sales,Remote,2022-04-02,On Leave,42109.0,40.0,3
EMP-010998,It,Remote,2015-08-24,Terminated,63451.0,40.0,4
EMP-010999,It,London,2017-03-29,Active,74928.5,40.0,5
EMP-011000,Hr,Chicago,2022-05-16,Terminated,79148.0,20.0,3
EMP-011001,It,Chicago,2022-03-24,Terminated,74928.5,40.0,3
EMP-011002,Support,Chicago,2023-07-05,Active,100298.0,40.0,3
EMP-011003,Sales,Chicago,2023-12-23,Active,85321.0,20.0,3
EMP-011004,It,New York,2023-10-14,Active,100887.0,20.0,3
EMP-011005,Support,Chicago,2018-09-10,Active,83644.0,40.0,2
EMP-011006,Finance,London,2017-04-02,Terminated,58115.0,40.0,5
EMP-011007,It,San Francisco,2021-10-28,Active,87141.0,40.0,1
EMP-011008,Finance,London,2017-09-10,Active,76689.0,40.0,3
EMP-011009,It,San Francisco,2022-04-04,Active,53929.0,40.0,3
EMP-011010,Marketing,New York,2019-10-22,Active,74928.5,30.0,2
EMP-011011,Sales,Chicago,2022-02-22,Terminated,73639.0,40.0,3
EMP-011012,It,Remote,2017-06-25,Active,46987.0,40.0,3
EMP-011013,Sales,London,2019-07-28,Active,50934.0,40.0,3
EMP-011014,Hr,Chicago,2020-01-28,Active,88375.0,30.0,3
EMP-011015,Sales,San Francisco,2023-06-27,Active,101236.0,35.0,3
EMP-011016,It,London,2017-05-26,Terminated,87041.0,40.0,2
EMP-011017,It,London,2023-06-06,Active,87156.0,20.0,3
EMP-011018,Sales,Remote,2022-03-30,Terminated,54742.0,40.0,3
EMP-011019,Sales,London,2021-07-30,Active,77322.0,40.0,2
EMP-011020,Hr,Remote,2022-01-30,Terminated,66747.0,20.0,4
EMP-011021,It,Chicago,2020-06-13,Active,70126.0,40.0,2
EMP-011022,It,New York,2017-03-13,Active,72205.0,40.0,3
EMP-011023,Sales,Chicago,2016-09-14,Terminated,58502.0,40.0,3
EMP-011024,Finance,Remote,2022-10-18,Active,93792.0,40.0,5
EMP-011025,Support,Remote,2021-07-11,Terminated,49772.0,0.0,2
EMP-011026,Marketing,Remote,2016-12-01,Active,42534.0,40.0,3
EMP-011027,Finance,Remote,2020-07-14,Active,55370.0,40.0,3
EMP-011028,It,London,2019-01-11,On Leave,97085.0,40.0,3
EMP-011029,Support,Remote,2016-06-05,Terminated,83479.0,40.0,3
EMP-011030,Marketing,Chicago,2019-10-15,Active,30419.0,40.0,3
EMP-011031,Marketing,London,2017-07-14,Active,89932.0,40.0,1
EMP-011032,Marketing,Chicago,2015-11-13,Active,73787.0,40.0,4
EMP-011033,It,New York,2019-03-15,Active,64565.0,40.0,1
EMP-011034,Sales,Remote,2020-04-23,Active,68950.0,40.0,3
EMP-011035,Marketing,Remote,2015-06-04,Active,41659.0,40.0,4
EMP-011036,Hr,San Francisco,2018-08-14,Active,79331.0,40.0,2
EMP-011037,Sales,Remote,2017-04-26,Active,43311.0,40.0,4
EMP-011038,It,San Francisco,2015-04-11,Terminated,66250.0,40.0,3
EMP-011039,Hr,Remote,2016-02-18,Active,66282.0,30.0,3
EMP-011040,Sales,London,2016-04-02,Active,94248.0,0.0,1
EMP-011041,Finance,Remote,2016-08-24,Active,75994.0,20.0,3
EMP-011042,Sales,Chicago,2022-03-25,Active,92650.0,20.0,4
EMP-011043,Finance,New York,2018-12-15,Active,45106.0,40.0,4
EMP-011044,Sales,London,2016-04-28,Active,72305.0,40.0,3
EMP-011045,Hr,Remote,2015-11-26,Active,88258.0,40.0,4
EMP-011046,Sales,Remote,2017-09-06,Active,106057.0,30.0,4
EMP-011047,Marketing,Remote,2022-03-08,Terminated,46520.0,30.0,3
EMP-011048,It,New York,2018-04-12,Terminated,53976.0,40.0,3
EMP-011049,It,Remote,2016-06-09,Active,87632.0,40.0,4
EMP-011050,Finance,New York,2018-08-21,Active,115290.0,20.0,3
EMP-011051,It,Remote,2019-12-31,Active,82147.0,40.0,3
EMP-011052,It,London,2015-04-08,Terminated,47251.0,40.0,3
EMP-011053,Marketing,Chicago,2020-08-25,Terminated,47739.0,40.0,2
EMP-011054,Marketing,New York,2018-07-22,Active,78371.0,40.0,3
EMP-011055,Finance,Remote,2015-02-01,Active,83939.0,40.0,4
EMP-011056,Finance,Chicago,2021-01-24,Terminated,69468.0,40.0,3
EMP-011057,Marketing,Chicago,2021-05-30,Active,48023.0,20.0,3
EMP-011058,Support,Remote,2020-08-28,Active,102535.0,40.0,3
EMP-011059,It,Remote,2018-01-28,Active,66282.0,35.0,3
EMP-011060,Sales,London,2019-10-07,Active,88174.0,35.0,3
EMP-011061,It,Chicago,2018-06-26,Terminated,30671.0,40.0,5
EMP-011062,It,Remote,2021-04-21,On Leave,105029.0,20.0,4
EMP-011063,It,Chicago,2020-04-02,Terminated,57880.0,40.0,4
EMP-011064,Support,New York,2015-09-26,Active,108617.0,40.0,4
EMP-011065,Sales,London,2020-10-14,Terminated,90318.0,20.0,4
EMP-011066,Hr,San Francisco,2021-03-08,Active,39282.0,40.0,2
EMP-011067,It,San Francisco,2018-05-03,Active,81138.0,40.0,3
EMP-011068,It,Remote,2022-11-18,On Leave,74928.5,40.0,3
EMP-011069,Sales,Remote,2022-08-02,Active,60052.0,40.0,4
EMP-011070,Sales,Remote,2016-07-29,Active,116458.0,0.0,3
EMP-011071,Marketing,Chicago,2023-02-20,Terminated,84643.0,40.0,3
EMP-011072,Marketing,Remote,2018-12-20,Terminated,108509.0,30.0,3
EMP-011073,Support,Remote,2021-07-06,Active,78987.0,40.0,4
EMP-011074,It,Chicago,2022-04-29,Active,71901.0,40.0,3
EMP-011075,Hr,Remote,2019-07-19,Active,120929.0,40.0,4
EMP-011076,It,Chicago,2018-08-04,Active,93035.0,40.0,5
EMP-011077,Marketing,Remote,2023-03-29,Active,69117.0,40.0,3
EMP-011078,Finance,London,2017-01-28,Terminated,85597.0,40.0,3
EMP-011079,Sales,London,2017-04-24,Active,60879.0,40.0,3
EMP-011080,Sales,Chicago,2018-04-03,Active,77697.0,20.0,2
EMP-011081,Support,London,2022-09-26,Active,104891.0,20.0,3
EMP-011082,Finance,London,2023-06-13,Active,70954.0,40.0,3
EMP-011083,It,London,2016-12-24,Active,53137.0,20.0,3
EMP-011084,Hr,London,2022-10-10,Active,50828.0,40.0,3
EMP-011085,Finance,London,2017-04-28,Active,76840.0,40.0,3
EMP-011086,It,New York,2023-09-26,Active,54811.0,35.0,2
EMP-011087,Finance,London,2020-05-17,Terminated,39181.0,0.0,3
EMP-011088,Hr,Remote,2015-01-24,Active,45035.0,40.0,3
EMP-011089,Sales,London,2015-04-23,On Leave,104377.0,40.0,3
EMP-011090,Finance,San Francisco,2016-04-29,Active,71441.0,40.0,3
EMP-011091,Support,New York,2016-09-08,Active,76444.0,40.0,3
EMP-011092,Marketing,Remote,2021-11-28,Active,50835.0,0.0,2
EMP-011093,It,Remote,2017-01-02,Active,60463.0,40.0,1
EMP-011094,Finance,Remote,2023-09-21,Active,59656.0,0.0,2
EMP-011095,Support,San Francisco,2020-09-21,Terminated,68081.0,30.0,4
EMP-011096,It,San Francisco,2021-03-26,Active,33540.0,40.0,4
EMP-011097,Sales,San Francisco,2016-12-16,Active,102242.0,40.0,4
EMP-011098,It,London,2023-01-13,Active,74589.0,40.0,3
EMP-011099,It,New York,2021-01-04,Active,80052.0,30.0,4
EMP-011100,It,Remote,2022-10-12,Terminated,97858.0,40.0,4
EMP-011101,Finance,New York,2023-08-10,Terminated,95944.0,0.0,4
EMP-011102,Support,New York,2016-02-17,Active,60623.0,40.0,4
EMP-011103,Marketing,New York,2015-11-14,Terminated,90112.0,20.0,4
EMP-011104,Finance,San Francisco,2022-03-25,Active,89854.0,20.0,4
EMP-011105,It,Remote,2022-10-17,Active,74928.5,0.0,5
EMP-011106,Hr,Remote,2020-04-02,Active,101528.0,40.0,3
EMP-011107,It,San Francisco,2018-04-18,Terminated,94988.0,40.0,3
EMP-011108,Finance,Remote,2020-11-15,Active,93184.0,40.0,3
EMP-011109,It,Remote,2017-10-01,Active,109132.0,40.0,3
EMP-011110,Sales,Remote,2017-02-22,Active,75716.0,40.0,4
EMP-011111,It,Remote,2019-05-24,Active,76444.0,40.0,2
EMP-011112,Sales,Remote,2016-12-11,Active,95480.0,40.0,3
EMP-011113,It,New York,2019-05-09,Active,70539.0,40.0,2
EMP-011114,Support,San Francisco,2023-08-11,On Leave,87040.0,40.0,3
EMP-011115,Sales,London,2022-07-23,Active,74928.5,40.0,3
EMP-011116,Sales,New York,2023-06-23,Active,74928.5,40.0,3
EMP-011117,Finance,Chicago,2022-04-04,Terminated,89947.0,40.0,3
EMP-011118,Marketing,Remote,2018-03-12,Terminated,36283.0,40.0,2
EMP-011119,Finance,New York,2022-04-23,Active,57522.0,40.0,3
EMP-011120,It,San Francisco,2023-04-22,Active,95500.0,40.0,3
EMP-011121,Support,Chicago,2023-07-10,Terminated,95794.0,40.0,2
EMP-011122,It,London,2021-02-23,Active,104382.0,40.0,4
EMP-011123,Hr,New York,2016-11-25,Active,24507.0,40.0,2
EMP-011124,Marketing,San Francisco,2015-05-11,Active,82400.0,40.0,3
EMP-011125,Support,San Francisco,2016-04-28,Terminated,68558.0,40.0,4
EMP-011126,Sales,Remote,2023-09-09,Active,99705.0,40.0,3
EMP-011127,Sales,London,2019-02-27,Active,111909.0,40.0,5
EMP-011128,Finance,New York,2022-09-11,Active,42277.0,40.0,3
EMP-011129,Hr,San Francisco,2019-03-09,On Leave,75397.0,20.0,2
EMP-011130,Support,Remote,2020-12-12,Active,95816.0,40.0,2
EMP-011131,Sales,San Francisco,2015-03-21,Terminated,66550.0,40.0,5
EMP-011132,Marketing,London,2017-04-01,Terminated,118642.0,40.0,3
EMP-011133,It,San Francisco,2018-12-05,Active,64963.0,20.0,3
EMP-011134,Support,Remote,2020-09-03,Terminated,67495.0,40.0,3
EMP-011135,Support,London,2016-07-17,Active,48167.0,40.0,4
EMP-011136,Sales,New York,2021-11-18,Active,78848.0,40.0,3
EMP-011137,Finance,Remote,2018-04-12,Terminated,74928.5,40.0,3
EMP-011138,It,New York,2022-05-10,Active,68806.0,20.0,4
EMP-011139,It,Chicago,2015-11-19,Terminated,106724.0,40.0,3
EMP-011140,Marketing,New York,2021-02-12,On Leave,40081.0,40.0,3
EMP-011141,Marketing,Chicago,2017-08-22,Active,34542.0,40.0,4
EMP-011142,It,Remote,2022-02-27,Active,102906.0,40.0,2
EMP-011143,Support,Remote,2018-08-14,Active,106293.0,0.0,3
EMP-011144,Hr,London,2020-12-27,Active,41108.0,40.0,2
EMP-011145,Support,Remote,2023-05-30,Terminated,118319.0,40.0,1
EMP-011146,It,Chicago,2015-03-09,Active,85811.0,40.0,5
EMP-011147,It,San Francisco,2015-02-06,Active,101219.0,20.0,3
EMP-011148,Support,San Francisco,2021-12-06,Terminated,55203.0,40.0,5
EMP-011149,Sales,Remote,2020-10-25,Active,112226.0,40.0,4
EMP-011150,It,San Francisco,2017-08-21,Terminated,68300.0,40.0,5
EMP-011151,Support,Chicago,2019-06-14,Terminated,67199.0,35.0,5
EMP-011152,Support,Remote,2015-05-18,Active,87059.0,40.0,4
EMP-011153,It,London,2016-09-24,On Leave,65199.0,40.0,4
EMP-011154,Hr,London,2018-10-27,Active,36982.0,0.0,4
EMP-011155,It,New York,2022-07-04,Terminated,78294.0,40.0,5
EMP-011156,Sales,Chicago,2019-04-26,Active,67044.0,40.0,5
EMP-011157,Sales,London,2020-04-11,Terminated,55802.0,0.0,5
EMP-011158,Support,Chicago,2022-11-12,Active,106013.0,40.0,3
EMP-011159,Marketing,New York,2017-10-12,Active,134808.0,40.0,4
EMP-011160,Hr,New York,2021-04-22,Terminated,52022.0,35.0,3
EMP-011161,Support,London,2022-10-03,Terminated,79936.0,40.0,3
EMP-011162,It,London,2016-10-27,On Leave,65039.0,40.0,4
EMP-011163,Support,London,2018-03-17,Active,132210.0,40.0,4
EMP-011164,It,San Francisco,2023-10-26,Active,87293.0,40.0,4
EMP-011165,It,Chicago,2023-11-06,Active,98174.0,40.0,4
EMP-011166,Marketing,Remote,2017-01-03,Active,104546.0,40.0,3
EMP-011167,Hr,New York,2015-08-07,Active,78254.0,20.0,3
EMP-011168,Finance,Chicago,2017-06-09,Terminated,70340.0,40.0,3
EMP-011169,Sales,London,2018-07-31,Active,112973.0,40.0,3
EMP-011170,It,Chicago,2018-12-20,Terminated,94447.0,20.0,5
EMP-011171,Finance,London,2020-07-27,Active,53853.0,40.0,4
EMP-011172,Sales,London,2023-02-04,Active,56895.0,35.0,3
EMP-011173,It,Chicago,2017-12-21,Active,65259.0,40.0,3
EMP-011174,It,London,2022-08-25,Terminated,103980.0,40.0,3
EMP-011175,Hr,San Francisco,2015-11-04,Terminated,111836.0,40.0,3
EMP-011176,Marketing,New York,2015-05-18,Active,128793.0,40.0,3
EMP-011177,Finance,London,2019-07-15,Active,57282.0,20.0,3
EMP-011178,It,Chicago,2015-07-16,Active,78505.0,40.0,3
EMP-011179,It,New York,2018-07-14,Terminated,64995.0,40.0,3
EMP-011180,It,San Francisco,2023-01-26,Terminated,70441.0,40.0,2
EMP-011181,Hr,London,2017-03-04,Active,98247.0,40.0,4
EMP-011182,Hr,London,2021-05-09,Active,73853.0,40.0,4
EMP-011183,Marketing,Remote,2017-09-20,Active,107896.0,40.0,4
EMP-011184,Finance,San Francisco,2015-05-28,Active,62093.0,20.0,4
EMP-011185,Sales,Remote,2020-01-04,Active,93535.0,40.0,3
EMP-011186,It,New York,2022-07-07,Active,63931.0,40.0,4
EMP-011187,Marketing,Chicago,2018-09-07,Active,29069.0,40.0,5
EMP-011188,Sales,London,2020-07-22,Active,49463.0,40.0,4
EMP-011189,Sales,London,2023-02-06,Active,78103.0,40.0,3
EMP-011190,Support,London,2022-02-08,Active,123037.0,40.0,4
EMP-011191,It,San Francisco,2016-09-29,Active,63510.0,40.0,1
EMP-011192,Finance,London,2021-08-07,Terminated,70770.0,40.0,3
EMP-011193,Marketing,Remote,2019-07-08,Active,87242.0,30.0,3
EMP-011194,It,Remote,2021-09-17,Active,60014.0,40.0,3
EMP-011195,Finance,Remote,2019-06-14,Terminated,74928.5,40.0,4
EMP-011196,Finance,London,2016-02-25,Active,76803.0,20.0,5
EMP-011197,Finance,Chicago,2020-02-17,Active,64086.0,40.0,3
EMP-011198,It,Remote,2019-06-06,Active,74928.5,40.0,3
EMP-011199,Marketing,Chicago,2019-08-30,On Leave,58746.0,40.0,2
EMP-011200,It,Remote,2022-11-28,Active,90373.0,35.0,3
EMP-011201,Hr,San Francisco,2023-01-20,Active,91150.0,20.0,2
EMP-011202,It,Remote,2019-01-30,Active,74928.5,40.0,3
EMP-011203,Sales,Chicago,2019-02-06,Terminated,106388.0,40.0,4
EMP-011204,Finance,Remote,2019-08-21,Active,52495.0,40.0,1
EMP-011205,Marketing,New York,2019-09-04,Active,56365.0,40.0,4
EMP-011206,It,Chicago,2023-07-21,Active,57468.0,40.0,4
EMP-011207,Support,London,2020-11-04,On Leave,71198.0,40.0,3
EMP-011208,Sales,New York,2017-07-01,Active,59418.0,40.0,3
EMP-011209,Sales,London,2019-10-14,Active,70637.0,40.0,2
EMP-011210,Sales,Chicago,2020-08-23,Terminated,53195.0,40.0,4
EMP-011211,Finance,London,2020-10-03,Active,94610.0,40.0,4
EMP-011212,Support,London,2020-04-07,Active,51298.0,30.0,3
EMP-011213,Hr,Remote,2016-08-07,On Leave,50061.0,40.0,3
EMP-011214,It,New York,2015-04-21,Active,88006.0,40.0,3
EMP-011215,It,Chicago,2018-01-15,Active,93057.0,40.0,3
EMP-011216,Finance,San Francisco,2018-11-06,Active,69372.0,30.0,4
EMP-011217,Sales,Remote,2015-07-23,Active,96725.0,20.0,4
EMP-011218,Sales,London,2022-05-02,Terminated,94920.0,40.0,5
EMP-011219,It,San Francisco,2018-02-04,On Leave,122478.0,40.0,3
EMP-011220,Support,Remote,2023-03-23,Active,93323.0,30.0,2
EMP-011221,Finance,Remote,2016-05-22,Active,117680.0,40.0,4
EMP-011222,It,Remote,2015-07-07,Active,76548.0,40.0,1
EMP-011223,Marketing,Chicago,2019-05-05,Terminated,109991.0,40.0,3
EMP-011224,Support,Chicago,2016-09-13,Terminated,110519.0,35.0,3
EMP-011225,Marketing,London,2023-06-09,Active,71435.0,40.0,3
EMP-011226,It,Remote,2015-02-03,Terminated,57786.0,40.0,3
EMP-011227,It,Chicago,2018-09-18,Active,62183.0,40.0,4
EMP-011228,Marketing,Remote,2023-05-05,Active,85378.0,40.0,3
EMP-011229,Support,London,2018-06-17,Active,46257.0,0.0,3
EMP-011230,Marketing,London,2015-11-03,Active,63657.0,40.0,4
EMP-011231,Marketing,London,2017-09-22,Active,104931.0,20.0,2
EMP-011232,Sales,Chicago,2019-06-25,On Leave,91671.0,40.0,4
EMP-011233,Support,Remote,2016-08-31,Active,16184.0,40.0,3
EMP-011234,Sales,London,2019-03-14,Active,41684.0,40.0,3
EMP-011235,Sales,New York,2022-07-12,Active,74928.5,40.0,3
EMP-011236,Sales,San Francisco,2022-11-08,Terminated,104489.0,40.0,5
EMP-011237,Finance,Remote,2015-06-11,Active,60427.0,40.0,3
EMP-011238,It,Remote,2016-06-12,Active,37789.0,40.0,3
EMP-011239,Sales,Remote,2017-06-23,Active,43762.0,35.0,3
EMP-011240,Marketing,Remote,2020-05-09,On Leave,87729.0,20.0,3
EMP-011241,Finance,Remote,2018-04-01,Active,74928.5,40.0,4
EMP-011242,Sales,London,2022-08-06,Active,122831.0,40.0,3
EMP-011243,Support,San Francisco,2021-06-13,Active,35608.0,40.0,2
EMP-011244,Marketing,San Francisco,2015-11-27,Terminated,67606.0,40.0,3
EMP-011245,It,Remote,2020-08-14,On Leave,53574.0,40.0,3
EMP-011246,Finance,Remote,2016-01-07,Active,78424.0,40.0,5
EMP-011247,Sales,San Francisco,2017-04-18,Active,41723.0,40.0,3
EMP-011248,Sales,London,2016-08-07,Active,61355.0,40.0,3
EMP-011249,Hr,Remote,2016-07-22,Terminated,53318.0,30.0,3
EMP-011250,Sales,San Francisco,2020-07-19,Active,88090.0,40.0,1
EMP-011251,It,New York,2020-01-27,Active,62129.0,40.0,3
EMP-011252,Marketing,New York,2016-08-01,Active,65721.0,40.0,5
EMP-011253,It,London,2023-11-29,Terminated,87773.0,30.0,3
EMP-011254,It,San Francisco,2018-10-18,Active,116063.0,40.0,5
EMP-011255,Sales,New York,2015-11-16,Active,127894.0,40.0,2
EMP-011256,Finance,London,2016-02-01,Active,86400.0,35.0,3
EMP-011257,Sales,Remote,2020-04-03,Active,74928.5,40.0,3
EMP-011258,Sales,Chicago,2023-10-24,Active,107906.0,40.0,4
EMP-011259,It,San Francisco,2020-02-24,Terminated,104179.0,35.0,3
EMP-011260,Marketing,London,2023-07-17,Active,97045.0,35.0,4
EMP-011261,It,San Francisco,2018-12-30,Active,35516.0,40.0,4
EMP-011262,It,Remote,2018-12-03,Active,105204.0,20.0,4
EMP-011263,Finance,Remote,2019-07-02,Terminated,83955.0,40.0,3
EMP-011264,Marketing,New York,2021-04-11,Active,52657.0,40.0,3
EMP-011265,Sales,Remote,2018-04-23,Terminated,58203.0,40.0,3
EMP-011266,Hr,London,2022-10-10,Active,89551.0,40.0,3
EMP-011267,Hr,New York,2015-04-07,Active,12209.0,40.0,3
EMP-011268,Finance,London,2018-12-16,Terminated,71863.0,0.0,4
EMP-011269,Marketing,Remote,2019-08-07,Active,58623.0,40.0,5
EMP-011270,Finance,London,2020-06-18,Terminated,56076.0,40.0,5
EMP-011271,Marketing,Remote,2017-06-26,On Leave,63570.0,40.0,3
EMP-011272,It,Remote,2018-11-06,Active,38015.0,20.0,3
EMP-011273,It,Remote,2019-05-12,Terminated,101312.0,40.0,5
EMP-011274,Sales,London,2021-03-07,Active,21803.0,40.0,3
EMP-011275,Sales,Remote,2021-12-17,On Leave,79232.0,40.0,2
EMP-011276,Finance,Remote,2021-08-22,Active,53811.0,40.0,3
EMP-011277,Sales,Remote,2018-01-27,Active,124589.0,40.0,3
EMP-011278,Marketing,San Francisco,2023-12-30,Active,75567.0,40.0,3
EMP-011279,Hr,Remote,2022-08-21,Terminated,21917.0,40.0,1
EMP-011280,Sales,Remote,2017-05-04,Active,88671.0,40.0,3
EMP-011281,Marketing,London,2016-10-03,Active,47686.0,40.0,4
EMP-011282,It,Remote,2017-10-29,Active,99622.0,40.0,3
EMP-011283,Marketing,London,2019-01-26,Terminated,90443.0,0.0,5
EMP-011284,Finance,London,2022-08-28,Active,111815.0,40.0,3
EMP-011285,Sales,London,2022-01-02,Active,79676.0,30.0,1
EMP-011286,Sales,London,2022-08-30,Active,95479.0,40.0,5
EMP-011287,Sales,Chicago,2017-06-12,Active,76069.0,40.0,3
EMP-011288,Sales,London,2020-05-04,Active,74928.5,30.0,3
EMP-011289,It,Remote,2017-07-20,Active,101644.0,35.0,5
EMP-011290,Support,New York,2015-12-25,Active,44238.0,40.0,4
EMP-011291,Sales,Remote,2021-02-26,Active,74092.0,40.0,4
EMP-011292,Finance,Remote,2016-04-15,Active,60786.0,40.0,1
EMP-011293,It,Chicago,2021-01-03,Active,96052.0,40.0,1
EMP-011294,Finance,New York,2020-10-30,Terminated,51333.0,30.0,3
EMP-011295,Support,San Francisco,2022-04-17,Active,64779.0,20.0,4
EMP-011296,Sales,London,2016-04-03,Active,76098.0,40.0,4
EMP-011297,Support,London,2022-01-19,Active,112193.0,40.0,3
EMP-011298,Hr,San Francisco,2023-12-29,Active,61687.0,40.0,2
EMP-011299,Hr,New York,2022-08-29,On Leave,64978.0,40.0,3
EMP-011300,Sales,Chicago,2021-10-07,Active,41295.0,40.0,5
EMP-011301,It,New York,2020-12-16,Active,50425.0,40.0,3
EMP-011302,Finance,Chicago,2018-10-18,On Leave,85325.0,40.0,4
EMP-011303,Finance,San Francisco,2021-07-29,Terminated,75802.0,40.0,4
EMP-011304,It,San Francisco,2021-07-08,Terminated,76203.0,40.0,4
EMP-011305,It,New York,2020-09-06,Terminated,118530.0,40.0,5
EMP-011306,It,New York,2022-03-02,Active,33193.0,40.0,5
EMP-011307,Hr,London,2019-01-15,Terminated,132946.0,40.0,3
EMP-011308,Sales,Remote,2016-02-03,Active,104457.0,40.0,3
EMP-011309,Support,Chicago,2020-01-12,Active,66855.0,40.0,4
EMP-011310,It,Remote,2017-05-21,Terminated,84781.0,30.0,4
EMP-011311,Marketing,London,2018-06-17,Active,57929.0,40.0,3
EMP-011312,It,London,2015-02-27,Terminated,82981.0,35.0,3
EMP-011313,Sales,New York,2018-06-12,Active,128746.0,30.0,3
EMP-011314,Sales,San Francisco,2022-04-12,Active,58843.0,20.0,3
EMP-011315,Finance,London,2019-11-19,Active,69200.0,40.0,3
EMP-011316,Support,London,2015-02-02,Active,56081.0,40.0,3
EMP-011317,Sales,Remote,2019-03-25,Active,60097.0,40.0,4
EMP-011318,It,Remote,2017-08-16,Active,64933.0,40.0,3
EMP-011319,It,London,2019-04-19,Terminated,47628.0,40.0,3
EMP-011320,It,London,2018-08-23,On Leave,74928.5,20.0,4
EMP-011321,Hr,London,2023-05-22,Active,76356.0,40.0,5
EMP-011322,Sales,New York,2015-05-16,On Leave,64921.0,40.0,4
EMP-011323,Marketing,Remote,2021-02-24,Active,17523.0,35.0,3
EMP-011324,Finance,London,2022-08-29,Terminated,71142.0,40.0,3
EMP-011325,Support,San Francisco,2023-08-20,Active,73818.0,20.0,4
EMP-011326,Marketing,Remote,2016-08-06,On Leave,122439.0,40.0,4
EMP-011327,Finance,London,2019-10-13,Terminated,75670.0,40.0,3
EMP-011328,It,London,2015-05-24,Active,98390.0,40.0,3
EMP-011329,Marketing,Chicago,2019-06-29,Active,64358.0,40.0,3
EMP-011330,Finance,Remote,2016-02-17,Terminated,107454.0,40.0,4
EMP-011331,It,Chicago,2022-07-17,Terminated,51386.0,0.0,2
EMP-011332,It,Remote,2016-01-10,Active,87625.0,40.0,3
EMP-011333,It,Remote,2019-08-15,Active,96009.0,35.0,3
EMP-011334,It,London,2019-09-09,Terminated,74928.5,40.0,1
EMP-011335,It,Remote,2023-09-29,Terminated,129104.0,40.0,2
EMP-011336,It,Remote,2020-11-22,Active,60391.0,40.0,3
EMP-011337,Hr,Chicago,2017-08-04,Active,110345.0,40.0,3
EMP-011338,Marketing,New York,2017-03-02,Active,103891.0,35.0,4
EMP-011339,Finance,London,2016-02-26,Terminated,76237.0,0.0,3
EMP-011340,Hr,New York,2021-10-22,Terminated,120982.0,40.0,4
EMP-011341,It,New York,2021-03-20,Active,71336.0,35.0,3
EMP-011342,Sales,Remote,2020-06-27,Active,75558.0,20.0,3
EMP-011343,Sales,London,2015-05-15,Active,74863.0,40.0,3
EMP-011344,Hr,Remote,2021-11-12,Active,43170.0,40.0,4
EMP-011345,Sales,Remote,2020-10-10,Active,94038.0,35.0,1
EMP-011346,Sales,London,2023-09-04,Terminated,90135.0,40.0,4
EMP-011347,Sales,Remote,2020-04-14,Active,72383.0,20.0,4
EMP-011348,Support,San Francisco,2017-09-26,Active,119063.0,40.0,3
EMP-011349,Sales,New York,2018-06-08,Active,64069.0,20.0,3
EMP-011350,Finance,London,2016-07-31,Terminated,31755.0,40.0,3
EMP-011351,Hr,London,2021-07-04,Terminated,122555.0,40.0,3
EMP-011352,Finance,New York,2021-05-15,Active,100278.0,30.0,3
EMP-011353,Marketing,London,2016-10-21,Active,90651.0,30.0,2
EMP-011354,Sales,New York,2016-06-04,Active,66514.0,40.0,3
EMP-011355,It,San Francisco,2015-09-11,Active,83552.0,40.0,2
EMP-011356,Support,Remote,2023-03-17,Active,43491.0,40.0,2
EMP-011357,Marketing,London,2017-02-05,Active,69371.0,40.0,4
EMP-011358,It,Chicago,2018-02-05,Terminated,52408.0,40.0,4
EMP-011359,Support,Chicago,2017-07-11,Active,81547.0,20.0,4
EMP-011360,Sales,San Francisco,2018-09-21,Active,98087.0,40.0,4
EMP-011361,Marketing,New York,2021-06-05,Active,48809.0,30.0,3
EMP-011362,Sales,Chicago,2022-11-01,Active,93123.0,40.0,3
EMP-011363,Hr,San Francisco,2016-08-23,Terminated,79994.0,40.0,4
EMP-011364,Finance,Remote,2021-03-06,Active,92096.0,40.0,3
EMP-011365,It,London,2018-03-04,Active,68944.0,40.0,4
EMP-011366,Finance,Chicago,2023-10-28,Active,92600.0,40.0,3
EMP-011367,Sales,London,2017-09-09,Active,57605.0,40.0,3
EMP-011368,Sales,New York,2015-01-24,Active,74928.5,40.0,4
EMP-011369,It,Chicago,2019-08-22,On Leave,38652.0,40.0,3
EMP-011370,It,San Francisco,2016-05-10,Terminated,62431.0,0.0,3
EMP-011371,Support,Remote,2015-05-27,Active,34687.0,40.0,2
EMP-011372,Sales,Chicago,2021-04-14,Active,113759.0,40.0,3
EMP-011373,Hr,Chicago,2021-08-03,Active,72929.0,40.0,3
EMP-011374,Hr,Chicago,2019-02-23,Active,97982.0,40.0,3
EMP-011375,Sales,Chicago,2021-02-02,Active,74928.5,40.0,3
EMP-011376,Sales,San Francisco,2019-11-05,Active,75160.0,40.0,3
EMP-011377,Sales,San Francisco,2020-09-01,Terminated,163413.0,40.0,3
EMP-011378,Support,Remote,2020-05-15,Terminated,148191.0,40.0,3
EMP-011379,Sales,San Francisco,2020-12-28,Active,109797.0,40.0,4
EMP-011380,Support,San Francisco,2016-10-18,Active,52370.0,40.0,4
EMP-011381,Marketing,New York,2017-06-02,Terminated,110824.0,40.0,3
EMP-011382,It,London,2018-12-17,Terminated,31287.0,40.0,3
EMP-011383,Sales,New York,2019-01-06,On Leave,109919.0,40.0,4
EMP-011384,It,London,2021-12-20,Terminated,11097.0,40.0,3
EMP-011385,Sales,London,2018-04-22,On Leave,74928.5,40.0,4
EMP-011386,It,Remote,2016-06-18,Active,105228.0,0.0,3
EMP-011387,Support,London,2017-04-06,Active,84630.0,40.0,3
EMP-011388,Sales,New York,2016-12-06,Active,38036.0,40.0,3
EMP-011389,It,Remote,2021-08-01,Active,79257.0,40.0,2
EMP-011390,It,Remote,2019-03-27,Active,84641.0,40.0,4
EMP-011391,Support,Chicago,2021-05-18,On Leave,80120.0,40.0,3
EMP-011392,Hr,Remote,2018-09-30,Active,64818.0,40.0,3
EMP-011393,Support,Remote,2023-01-03,Terminated,96377.0,40.0,3
EMP-011394,Finance,Remote,2023-11-07,Active,103623.0,40.0,3
EMP-011395,Support,Remote,2021-01-10,Terminated,71145.0,30.0,3
EMP-011396,Finance,Chicago,2022-10-10,Active,112991.0,40.0,4
EMP-011397,It,London,2019-07-28,Terminated,71093.0,40.0,5
EMP-011398,Support,London,2023-05-31,Active,62755.0,30.0,3
EMP-011399,It,Remote,2022-06-26,Active,108923.0,40.0,3
EMP-011400,It,London,2023-12-04,Active,108011.0,40.0,3
EMP-011401,It,Chicago,2020-08-10,Active,59497.0,30.0,4
EMP-011402,Sales,Remote,2022-01-05,Active,55869.0,20.0,3
EMP-011403,It,London,2019-11-20,Active,119110.0,40.0,3
EMP-011404,It,London,2017-05-01,Active,72433.0,30.0,3
EMP-011405,It,Chicago,2018-03-12,Terminated,75082.0,40.0,4
EMP-011406,It,London,2023-01-17,Terminated,68694.0,40.0,3
EMP-011407,Support,Remote,2015-07-03,Active,108040.0,0.0,2
EMP-011408,It,London,2020-04-28,Active,128604.0,30.0,5
EMP-011409,Support,Chicago,2018-05-09,Active,76750.0,35.0,4
EMP-011410,Hr,San Francisco,2018-06-25,Terminated,135443.0,40.0,3
EMP-011411,It,London,2022-12-17,Active,61137.0,20.0,1
EMP-011412,Sales,San Francisco,2022-09-07,Active,67930.0,40.0,5
EMP-011413,It,Chicago,2020-05-22,Terminated,91827.0,40.0,3
EMP-011414,Sales,Chicago,2017-06-16,Active,54575.0,40.0,3
EMP-011415,Finance,New York,2019-04-12,Active,91505.0,40.0,4
EMP-011416,Sales,London,2018-09-04,Terminated,62038.0,40.0,3
EMP-011417,It,New York,2018-03-08,Terminated,36397.0,40.0,4
EMP-011418,It,Remote,2015-12-04,Terminated,31437.0,30.0,5
EMP-011419,Sales,London,2019-11-21,Active,66905.0,40.0,3
EMP-011420,It,Remote,2017-09-19,On Leave,85440.0,35.0,3
EMP-011421,It,Remote,2020-12-12,Terminated,74928.5,20.0,4
EMP-011422,Sales,Remote,2017-11-15,Terminated,79465.0,30.0,3
EMP-011423,Hr,London,2018-11-18,Terminated,74928.5,40.0,3
EMP-011424,Hr,San Francisco,2015-06-22,Active,70809.0,30.0,3
EMP-011425,It,London,2023-12-07,Active,51844.0,20.0,2
EMP-011426,Finance,Remote,2019-07-27,Terminated,81006.0,40.0,3
EMP-011427,Hr,Chicago,2015-03-21,Terminated,71442.0,30.0,2
EMP-011428,Sales,New York,2019-11-15,Active,99544.0,40.0,3
EMP-011429,Hr,Remote,2022-10-31,Terminated,42680.0,40.0,2
EMP-011430,Finance,Chicago,2021-12-14,Active,77849.0,40.0,3
EMP-011431,Sales,Remote,2021-04-22,Active,43204.0,20.0,4
EMP-011432,Hr,Chicago,2016-04-03,Active,69073.0,40.0,3
EMP-011433,Sales,London,2020-12-01,Active,47623.0,40.0,4
EMP-011434,Support,New York,2021-11-23,Active,52068.0,40.0,3
EMP-011435,Sales,Chicago,2020-02-25,Terminated,74904.0,40.0,4
EMP-011436,Marketing,Remote,2023-01-13,Active,60859.0,20.0,4
EMP-011437,Marketing,Remote,2017-06-29,Active,111667.0,0.0,3
EMP-011438,Hr,New York,2017-03-06,Terminated,104479.0,20.0,4
EMP-011439,Sales,Chicago,2022-10-29,Active,95119.0,40.0,5
EMP-011440,It,Remote,2020-08-17,Terminated,94624.0,40.0,4
EMP-011441,Sales,Remote,2015-01-05,Active,78257.0,40.0,5
EMP-011442,Sales,London,2018-03-06,Active,107620.0,35.0,2
EMP-011443,It,San Francisco,2022-09-20,Terminated,67649.0,40.0,3
EMP-011444,Support,Remote,2015-03-31,Terminated,127984.0,20.0,3
EMP-011445,Sales,London,2015-01-11,On Leave,51445.0,30.0,1
EMP-011446,Finance,New York,2017-07-13,Active,74928.5,40.0,3
EMP-011447,Sales,New York,2023-03-24,Active,40126.0,40.0,3
EMP-011448,Support,New York,2023-02-11,Active,44478.0,40.0,3
EMP-011449,Marketing,Chicago,2019-09-02,Terminated,34266.0,40.0,3
EMP-011450,Sales,Remote,2019-12-24,On Leave,80352.0,40.0,3
EMP-011451,Support,Chicago,2017-12-27,Terminated,96346.0,30.0,3
EMP-011452,Finance,London,2017-03-12,Active,75853.0,20.0,3
EMP-011453,Hr,Remote,2022-05-03,Active,40368.0,40.0,3
EMP-011454,Finance,London,2015-12-16,Active,74928.5,40.0,4
EMP-011455,Finance,Remote,2019-05-21,Active,96037.0,40.0,4
EMP-011456,Hr,Chicago,2020-09-16,Terminated,66452.0,40.0,3
EMP-011457,Hr,Remote,2015-12-07,Active,55040.0,40.0,3
EMP-011458,Hr,Remote,2019-09-04,Active,37155.0,35.0,3
EMP-011459,Hr,Remote,2020-03-13,Terminated,64431.0,35.0,3
EMP-011460,Hr,Remote,2021-09-06,Active,57436.0,40.0,3
EMP-011461,Finance,Remote,2017-02-10,Active,72841.0,20.0,3
EMP-011462,It,Chicago,2017-08-22,Active,86909.0,40.0,3
EMP-011463,It,Chicago,2020-02-16,Active,67938.0,35.0,3
EMP-011464,Sales,London,2023-11-06,Active,79620.0,40.0,3
EMP-011465,Sales,London,2016-12-15,Active,86800.0,0.0,3
EMP-011466,It,London,2023-11-15,Terminated,44255.0,20.0,2
EMP-011467,Marketing,San Francisco,2021-06-06,On Leave,122151.0,30.0,4
EMP-011468,It,New York,2022-06-08,Active,56464.0,40.0,5
EMP-011469,Finance,Chicago,2015-10-22,Terminated,87914.0,40.0,4
EMP-011470,Hr,Chicago,2017-09-14,Terminated,46600.0,40.0,3
EMP-011471,Sales,Remote,2015-07-09,Active,77754.0,40.0,5
EMP-011472,Hr,San Francisco,2018-05-06,Terminated,78668.0,40.0,3
EMP-011473,It,London,2023-10-31,Active,116477.0,40.0,1
EMP-011474,It,Chicago,2015-12-13,Active,69185.0,40.0,3
EMP-011475,It,Remote,2020-01-23,Active,107487.0,40.0,3
EMP-011476,Finance,London,2015-01-20,Active,82261.0,40.0,4
EMP-011477,Marketing,San Francisco,2021-05-31,Active,121303.0,40.0,3
EMP-011478,It,New York,2016-10-10,Active,30498.0,40.0,3
EMP-011479,Finance,Remote,2016-03-01,Active,87054.0,40.0,5
EMP-011480,Sales,Remote,2018-01-12,Active,8178.0,40.0,5
EMP-011481,Sales,London,2021-12-09,Active,73548.0,40.0,3
EMP-011482,Hr,Remote,2015-12-17,Active,100525.0,40.0,3
EMP-011483,It,London,2017-01-25,Active,111140.0,40.0,3
EMP-011484,Support,New York,2015-01-28,Active,93466.0,30.0,4
EMP-011485,Sales,Remote,2023-09-19,Active,67736.0,40.0,3
EMP-011486,It,San Francisco,2020-04-30,Active,88628.0,40.0,2
EMP-011487,Marketing,San Francisco,2021-06-24,Active,137909.0,20.0,4
EMP-011488,Sales,New York,2020-11-11,Terminated,76884.0,40.0,3
EMP-011489,Finance,London,2016-04-19,Active,99026.0,40.0,4
EMP-011490,It,San Francisco,2020-05-09,Active,64266.0,40.0,4
EMP-011491,Hr,Remote,2016-03-07,Terminated,101761.0,40.0,1
EMP-011492,Sales,London,2018-08-11,Active,74928.5,40.0,3
EMP-011493,Marketing,Remote,2020-02-14,Active,59737.0,40.0,3
EMP-011494,Marketing,London,2020-01-12,Active,94433.0,20.0,2
EMP-011495,Support,San Francisco,2016-01-27,Active,95620.0,40.0,3
EMP-011496,Sales,Remote,2015-04-24,Active,93499.0,40.0,3
EMP-011497,Support,San Francisco,2022-03-08,Active,73971.0,20.0,3
EMP-011498,It,London,2021-07-14,Active,105727.0,40.0,3
EMP-011499,It,London,2015-09-26,Active,51627.0,20.0,3
EMP-011500,It,London,2016-02-23,Active,75244.0,30.0,3
EMP-011501,It,San Francisco,2023-01-12,Active,77785.0,40.0,4
EMP-011502,Support,Chicago,2021-12-03,Active,104284.0,40.0,3
EMP-011503,Hr,Remote,2023-12-19,Terminated,50838.0,40.0,3
EMP-011504,It,Remote,2017-04-14,Terminated,81027.0,40.0,3
EMP-011505,Support,Chicago,2019-05-23,Active,62692.0,40.0,3
EMP-011506,Sales,London,2017-02-16,Active,77736.0,30.0,3
EMP-011507,Support,San Francisco,2020-08-09,Active,84807.0,40.0,3
EMP-011508,Support,San Francisco,2016-01-15,Active,43039.0,40.0,4
EMP-011509,Finance,Remote,2016-02-23,Terminated,106602.0,40.0,3
EMP-011510,It,San Francisco,2015-08-25,Terminated,85696.0,40.0,2
EMP-011511,Sales,Remote,2021-03-29,Active,53535.0,40.0,4
EMP-011512,Hr,Remote,2019-06-13,Active,66471.0,20.0,3
EMP-011513,Hr,London,2020-07-23,Active,112355.0,40.0,3
EMP-011514,Finance,Remote,2022-11-30,Terminated,74928.5,40.0,4
EMP-011515,It,Remote,2021-08-30,Active,50878.0,40.0,3
EMP-011516,Marketing,Chicago,2019-02-26,Active,55412.0,20.0,4
EMP-011517,It,San Francisco,2023-11-10,Active,90620.0,35.0,4
EMP-011518,Hr,Remote,2019-02-08,Active,93620.0,40.0,3
EMP-011519,Support,London,2016-01-05,Active,84072.0,40.0,4
EMP-011520,Finance,New York,2023-12-07,Terminated,67713.0,40.0,3
EMP-011521,Sales,London,2015-03-17,Active,95242.0,40.0,4
EMP-011522,It,Remote,2019-12-13,Active,67203.0,40.0,3
EMP-011523,It,New York,2017-10-12,Active,53633.0,40.0,4
EMP-011524,Sales,San Francisco,2019-07-14,Active,114665.0,40.0,2
EMP-011525,It,London,2020-01-11,Active,87220.0,40.0,3
EMP-011526,Support,Remote,2017-02-28,Active,55380.0,0.0,3
EMP-011527,Sales,New York,2020-01-05,Active,78356.0,0.0,4
EMP-011528,Finance,Chicago,2021-10-21,Active,75682.0,20.0,3
EMP-011529,Finance,New York,2017-05-26,Active,66252.0,40.0,5
EMP-011530,It,London,2018-06-14,Active,80839.0,20.0,3
EMP-011531,Sales,Chicago,2017-05-31,Active,51787.0,35.0,3
EMP-011532,Sales,London,2022-05-21,Active,96841.0,40.0,3
EMP-011533,Sales,London,2021-07-11,Active,74846.0,40.0,2
EMP-011534,Hr,San Francisco,2022-11-03,Active,34764.0,35.0,2
EMP-011535,Hr,Remote,2016-07-12,Active,69296.0,40.0,3
EMP-011536,It,New York,2015-08-30,Active,59603.0,40.0,5
EMP-011537,Sales,Remote,2016-01-28,Active,240.0,40.0,3
EMP-011538,Marketing,London,2016-06-13,Active,71105.0,40.0,4
EMP-011539,Sales,London,2019-10-19,Active,100919.0,40.0,3
EMP-011540,Finance,San Francisco,2023-09-27,Terminated,72305.0,40.0,1
EMP-011541,Finance,New York,2018-03-20,Active,92704.0,40.0,3
EMP-011542,It,Remote,2023-08-17,Active,75212.0,35.0,3
EMP-011543,Marketing,Remote,2015-05-06,Terminated,63591.0,40.0,3
EMP-011544,Sales,London,2023-05-05,Active,74928.5,40.0,4
EMP-011545,It,Remote,2016-08-18,Active,42930.0,40.0,3
EMP-011546,Marketing,London,2023-03-19,Active,98144.0,40.0,3
EMP-011547,Sales,Remote,2015-07-04,Terminated,93269.0,40.0,4
EMP-011548,It,London,2023-07-14,Terminated,68043.0,40.0,3
EMP-011549,Finance,London,2016-10-22,Terminated,24393.0,40.0,5
EMP-011550,It,Remote,2017-09-22,On Leave,86802.0,40.0,3
EMP-011551,Finance,Remote,2019-06-02,Terminated,52381.0,40.0,4
EMP-011552,Hr,Remote,2018-06-05,Terminated,78597.0,40.0,3
EMP-011553,It,New York,2021-01-03,Active,36469.0,40.0,4
EMP-011554,It,London,2023-10-10,Active,77300.0,35.0,2
EMP-011555,Sales,London,2020-06-16,Active,71717.0,35.0,3
EMP-011556,Sales,Remote,2021-06-29,Active,14757.0,40.0,3
EMP-011557,Hr,Chicago,2015-10-17,Active,115449.0,40.0,2
EMP-011558,It,Chicago,2020-08-25,Active,66858.0,40.0,3
EMP-011559,Sales,Chicago,2019-01-31,On Leave,68518.0,40.0,4
EMP-011560,Support,London,2022-12-21,Active,74928.5,40.0,4
EMP-011561,Marketing,Remote,2018-06-30,Active,73733.0,40.0,3
EMP-011562,Support,Remote,2021-02-11,Active,84099.0,40.0,3
EMP-011563,Support,San Francisco,2017-01-19,Active,46390.0,40.0,4
EMP-011564,It,Chicago,2017-05-02,Active,71445.0,40.0,4
EMP-011565,Marketing,Chicago,2018-05-21,Terminated,27267.0,40.0,3
EMP-011566,It,Remote,2017-09-26,Active,74928.5,20.0,4
EMP-011567,Sales,Chicago,2017-04-14,Active,111127.0,40.0,3
EMP-011568,Marketing,Remote,2015-06-13,Terminated,37350.0,40.0,5
EMP-011569,Finance,London,2022-07-13,Terminated,66231.0,40.0,4
EMP-011570,It,London,2015-07-31,Terminated,21902.0,20.0,4
EMP-011571,It,Remote,2022-12-26,Active,75199.0,0.0,4
EMP-011572,It,Remote,2016-02-17,Active,86654.0,40.0,2
EMP-011573,It,Remote,2015-08-03,Terminated,84587.0,40.0,3
EMP-011574,Hr,New York,2020-01-25,Active,59953.0,40.0,3
EMP-011575,It,New York,2019-07-10,Active,21396.0,40.0,3
EMP-011576,Sales,New York,2019-06-03,Active,43961.0,40.0,3
EMP-011577,Sales,New York,2020-03-03,Terminated,106412.0,35.0,4
EMP-011578,Sales,London,2017-08-01,Terminated,96974.0,0.0,3
EMP-011579,Marketing,San Francisco,2020-12-19,Terminated,72717.0,40.0,3
EMP-011580,Finance,San Francisco,2019-07-10,Terminated,79057.0,40.0,2
EMP-011581,Hr,Remote,2018-01-05,Terminated,49310.0,20.0,2
EMP-011582,It,London,2022-06-09,Active,74928.5,40.0,3
EMP-011583,Marketing,Chicago,2021-07-20,Active,57021.0,20.0,4
EMP-011584,Sales,New York,2018-07-17,Terminated,85932.0,20.0,3
EMP-011585,Hr,San Francisco,2022-08-18,Active,41802.0,40.0,3
EMP-011586,Hr,San Francisco,2023-04-13,Terminated,70545.0,40.0,3
EMP-011587,Finance,New York,2019-10-31,Terminated,106211.0,40.0,3
EMP-011588,Sales,London,2016-12-07,Terminated,51327.0,40.0,3
EMP-011589,Hr,London,2023-03-30,Terminated,93734.0,40.0,3
EMP-011590,It,London,2016-09-14,Active,47981.0,30.0,1
EMP-011591,Hr,San Francisco,2015-06-09,Active,52452.0,35.0,4
EMP-011592,Finance,London,2017-12-12,Active,74776.0,40.0,5
EMP-011593,Marketing,Remote,2021-07-17,Active,99291.0,40.0,3
EMP-011594,Finance,New York,2023-04-23,Active,67545.0,40.0,3
EMP-011595,It,London,2020-09-25,Active,90464.0,30.0,4
EMP-011596,Finance,San Francisco,2023-07-26,Terminated,103603.0,40.0,1
EMP-011597,Sales,New York,2015-10-31,Active,55721.0,40.0,2
EMP-011598,It,London,2015-07-19,Active,36871.0,40.0,3
EMP-011599,Sales,New York,2020-06-08,Active,66112.0,40.0,2
EMP-011600,Sales,London,2023-09-11,Active,106827.0,40.0,1
EMP-011601,Marketing,London,2019-07-11,Active,54684.0,40.0,5
EMP-011602,Support,London,2015-06-19,Active,100374.0,20.0,3
EMP-011603,Marketing,New York,2016-12-28,Terminated,68437.0,40.0,3
EMP-011604,It,London,2017-03-15,Active,118905.0,40.0,3
EMP-011605,Hr,London,2018-01-15,Active,131136.0,40.0,3
EMP-011606,Finance,Remote,2015-05-24,Active,100787.0,40.0,3
EMP-011607,Support,Remote,2023-02-22,Active,33835.0,40.0,3
EMP-011608,It,New York,2019-08-22,Terminated,14919.0,35.0,3
EMP-011609,Sales,Remote,2021-01-14,Terminated,76529.0,40.0,3
EMP-011610,Finance,New York,2015-08-09,Terminated,97666.0,35.0,5
EMP-011611,Marketing,London,2015-06-27,Active,87525.0,40.0,5
EMP-011612,Sales,London,2020-04-11,Active,56910.0,40.0,3
EMP-011613,It,London,2022-12-26,Active,37850.0,20.0,3
EMP-011614,It,San Francisco,2019-10-04,Active,98245.0,40.0,4
EMP-011615,Marketing,Remote,2022-11-25,Active,121465.0,0.0,3
EMP-011616,Support,San Francisco,2022-04-19,Terminated,58249.0,40.0,3
EMP-011617,Marketing,Remote,2015-09-07,Active,95630.0,35.0,3
EMP-011618,Hr,London,2016-10-25,Active,140073.0,40.0,5
EMP-011619,Sales,San Francisco,2020-12-01,Active,70257.0,40.0,3
EMP-011620,Support,London,2018-12-28,Terminated,70763.0,40.0,3
EMP-011621,Finance,New York,2017-08-13,Active,88993.0,40.0,2
EMP-011622,It,San Francisco,2018-10-08,Active,67891.0,40.0,4
EMP-011623,Hr,Remote,2019-01-03,Active,108481.0,40.0,3
EMP-011624,Support,London,2023-03-12,Active,64900.0,0.0,3
EMP-011625,It,San Francisco,2015-12-07,Active,74224.0,20.0,3
EMP-011626,It,London,2017-07-08,Active,38939.0,30.0,5
EMP-011627,Sales,Chicago,2019-11-02,Active,69110.0,40.0,2
EMP-011628,It,Chicago,2021-04-14,Active,49811.0,40.0,5
EMP-011629,Finance,London,2020-09-03,Active,83652.0,40.0,3
EMP-011630,Marketing,London,2023-06-23,Terminated,33394.0,40.0,5
EMP-011631,Sales,Remote,2022-02-28,Active,99497.0,40.0,3
EMP-011632,Hr,London,2020-01-06,Active,53221.0,40.0,1
EMP-011633,Sales,London,2016-12-06,Active,119603.0,40.0,3
EMP-011634,It,New York,2019-01-22,Terminated,74928.5,40.0,3
EMP-011635,Hr,San Francisco,2021-03-29,Active,88391.0,35.0,5
EMP-011636,It,London,2022-07-17,Active,36550.0,40.0,4
EMP-011637,It,Chicago,2023-08-21,Terminated,59303.0,40.0,3
EMP-011638,Sales,New York,2020-06-13,Active,52593.0,0.0,3
EMP-011639,It,London,2019-09-28,Active,55722.0,40.0,3
EMP-011640,Finance,New York,2015-02-28,Active,114420.0,40.0,4
EMP-011641,Marketing,London,2015-08-25,Active,71184.0,40.0,4
EMP-011642,Finance,Remote,2016-05-28,Terminated,58553.0,0.0,3
EMP-011643,It,San Francisco,2015-06-29,Active,56302.0,20.0,3
EMP-011644,It,New York,2018-08-10,Active,61704.0,40.0,3
EMP-011645,Hr,San Francisco,2018-01-12,Terminated,88315.0,20.0,3
EMP-011646,It,New York,2020-09-25,Terminated,34323.0,40.0,3
EMP-011647,Sales,London,2019-10-27,Active,77454.0,40.0,4
EMP-011648,Sales,London,2020-05-12,Terminated,85589.0,35.0,3
EMP-011649,Support,New York,2019-04-01,Terminated,31616.0,40.0,5
EMP-011650,It,Remote,2017-07-01,Terminated,39562.0,40.0,4
EMP-011651,Sales,London,2023-07-29,Active,73807.0,40.0,4
EMP-011652,It,Remote,2015-10-12,Active,111025.0,40.0,3
EMP-011653,Finance,Remote,2023-06-14,Active,105068.0,40.0,3
EMP-011654,Marketing,San Francisco,2017-10-20,Active,59788.0,40.0,3
EMP-011655,It,London,2019-08-13,Active,110232.0,40.0,1
EMP-011656,It,Remote,2015-12-24,Active,67009.0,40.0,4
EMP-011657,Marketing,Remote,2015-08-22,Active,66795.0,40.0,5
EMP-011658,Marketing,Remote,2018-11-12,Active,77350.0,0.0,3
EMP-011659,It,Remote,2021-09-03,Active,95987.0,40.0,3
EMP-011660,Support,London,2017-06-04,Active,59775.0,40.0,3
EMP-011661,Finance,Chicago,2020-01-23,On Leave,65049.0,40.0,1
EMP-011662,Support,London,2017-07-04,Terminated,43796.0,40.0,4
EMP-011663,It,Chicago,2018-07-01,Terminated,83776.0,40.0,4
EMP-011664,Sales,Remote,2023-02-27,Active,98333.0,40.0,4
EMP-011665,Marketing,Chicago,2022-09-14,Terminated,99866.0,0.0,3
EMP-011666,Sales,Remote,2019-08-24,On Leave,74928.5,40.0,3
EMP-011667,Finance,Chicago,2017-02-21,Terminated,65428.0,40.0,3
EMP-011668,Marketing,London,2016-09-26,Terminated,106137.0,40.0,5
EMP-011669,Support,Remote,2023-08-03,Active,80804.0,40.0,3
EMP-011670,Hr,London,2016-10-28,Active,75853.0,40.0,3
EMP-011671,It,San Francisco,2022-04-10,On Leave,75263.0,40.0,3
EMP-011672,Sales,San Francisco,2018-04-27,Terminated,88536.0,30.0,4
EMP-011673,It,Remote,2023-11-14,Terminated,82148.0,40.0,5
EMP-011674,Hr,Remote,2018-04-25,Active,60615.0,40.0,3
EMP-011675,Sales,San Francisco,2018-03-01,Active,97026.0,40.0,3
EMP-011676,Hr,London,2020-09-26,Active,44928.0,40.0,3
EMP-011677,It,Remote,2023-08-27,Terminated,108053.0,40.0,1
EMP-011678,Support,San Francisco,2023-10-14,On Leave,74928.5,40.0,5
EMP-011679,It,New York,2021-05-13,Active,88697.0,40.0,3
EMP-011680,It,New York,2021-10-16,Terminated,70881.0,40.0,3
EMP-011681,It,Remote,2020-01-26,Active,63091.0,30.0,3
EMP-011682,It,London,2021-10-20,Active,74928.5,40.0,4
EMP-011683,Finance,London,2022-09-27,Active,93573.0,40.0,5
EMP-011684,Hr,San Francisco,2019-05-17,Terminated,73526.0,20.0,2
EMP-011685,Sales,London,2020-07-30,On Leave,118629.0,40.0,3
EMP-011686,Hr,Remote,2019-11-02,Active,99494.0,0.0,4
EMP-011687,Marketing,San Francisco,2020-01-23,Active,54863.0,35.0,3
EMP-011688,Hr,Remote,2023-01-04,Active,74928.5,40.0,3
EMP-011689,Marketing,Remote,2018-03-14,Active,77672.0,40.0,3
EMP-011690,Finance,Chicago,2016-11-15,Terminated,109587.0,40.0,3
EMP-011691,Support,Remote,2019-02-08,On Leave,90266.0,40.0,3
EMP-011692,Marketing,San Francisco,2016-11-14,Active,114349.0,40.0,3
EMP-011693,It,London,2019-06-27,Active,60042.0,40.0,3
EMP-011694,Support,Chicago,2023-02-17,Active,72069.0,40.0,4
EMP-011695,It,Remote,2020-07-22,Active,72676.0,0.0,3
EMP-011696,Finance,San Francisco,2022-09-12,Terminated,81031.0,40.0,2
EMP-011697,Hr,New York,2016-06-30,Active,94186.0,30.0,3
EMP-011698,Marketing,London,2023-02-09,On Leave,115809.0,40.0,1
EMP-011699,Sales,San Francisco,2020-06-01,Active,121067.0,40.0,3
EMP-011700,It,New York,2015-04-15,Terminated,116664.0,40.0,3
EMP-011701,Sales,New York,2020-09-12,Active,91727.0,40.0,2
EMP-011702,It,Remote,2023-07-25,Terminated,66444.0,35.0,3
EMP-011703,Sales,San Francisco,2015-09-18,Terminated,80647.0,20.0,4
EMP-011704,Support,London,2020-03-29,Active,91381.0,40.0,4
EMP-011705,Hr,San Francisco,2023-03-29,Active,78377.0,40.0,3
EMP-011706,Sales,New York,2015-02-01,On Leave,52155.0,40.0,3
EMP-011707,Sales,Remote,2020-09-04,Active,63441.0,20.0,3
EMP-011708,Support,Chicago,2019-04-11,Active,96701.0,30.0,1
EMP-011709,Finance,London,2018-02-14,Active,68837.0,40.0,5
EMP-011710,Support,San Francisco,2020-08-24,Active,75604.0,40.0,4
EMP-011711,It,Chicago,2015-06-23,Active,73039.0,40.0,3
EMP-011712,Sales,Chicago,2021-10-11,Terminated,52695.0,40.0,3
EMP-011713,Sales,Remote,2015-01-15,Active,70718.0,40.0,4
EMP-011714,Support,Chicago,2017-10-05,Active,63555.0,40.0,3
EMP-011715,It,San Francisco,2019-07-15,Active,57705.0,40.0,3
EMP-011716,Support,Remote,2018-05-24,Terminated,48542.0,35.0,4
EMP-011717,Sales,Remote,2017-10-07,Active,72485.0,40.0,4
EMP-011718,Sales,Chicago,2022-06-23,Terminated,90454.0,40.0,3
EMP-011719,It,San Francisco,2023-05-31,Active,103015.0,40.0,3
EMP-011720,Support,San Francisco,2022-11-11,Terminated,40146.0,40.0,4
EMP-011721,Marketing,New York,2019-09-14,Active,115160.0,40.0,3
EMP-011722,Support,Remote,2022-12-16,Terminated,82324.0,40.0,3
EMP-011723,Sales,London,2023-04-15,Active,46824.0,40.0,3
EMP-011724,It,London,2018-09-07,Active,64908.0,30.0,3
EMP-011725,It,London,2017-07-20,Active,28065.0,40.0,4
EMP-011726,Finance,New York,2015-11-19,Active,34456.0,40.0,4
EMP-011727,It,London,2019-04-24,Active,118036.0,35.0,5
EMP-011728,Hr,London,2023-07-08,Terminated,57517.0,40.0,2
EMP-011729,Sales,San Francisco,2020-01-18,On Leave,88422.0,20.0,2
EMP-011730,Sales,Remote,2021-01-03,Active,72220.0,0.0,2
EMP-011731,Support,New York,2016-01-07,Active,75445.0,20.0,4
EMP-011732,Finance,London,2016-04-16,On Leave,84201.0,40.0,5
EMP-011733,Support,Chicago,2019-03-07,Active,22899.0,40.0,3
EMP-011734,Sales,Chicago,2023-07-24,Active,74928.5,35.0,3
EMP-011735,It,London,2018-03-31,Active,72532.0,40.0,4
EMP-011736,Sales,San Francisco,2022-11-24,Active,74928.5,40.0,5
EMP-011737,It,Remote,2016-01-31,Active,86700.0,40.0,5
EMP-011738,It,London,2020-07-21,Terminated,56972.0,40.0,3
EMP-011739,It,London,2020-05-28,Active,80205.0,20.0,5
EMP-011740,Sales,London,2022-09-27,Terminated,70865.0,40.0,4
EMP-011741,Hr,Remote,2015-01-11,Active,92775.0,40.0,4
EMP-011742,Sales,London,2016-09-16,Active,69651.0,40.0,2
EMP-011743,Finance,Remote,2016-12-23,Active,49249.0,35.0,3
EMP-011744,It,Remote,2023-07-20,Active,84059.0,40.0,3
EMP-011745,Hr,Chicago,2016-05-20,Active,68235.0,40.0,4
EMP-011746,Finance,London,2015-05-02,Active,29475.0,0.0,3
EMP-011747,Finance,London,2019-10-23,Active,79941.0,40.0,4
EMP-011748,Sales,New York,2019-10-04,Active,61564.0,40.0,4
EMP-011749,It,New York,2022-08-06,Active,83644.0,40.0,3
EMP-011750,Finance,New York,2023-07-16,Active,53624.0,40.0,3
EMP-011751,Marketing,Remote,2019-11-06,Active,44840.0,40.0,3
EMP-011752,It,Chicago,2023-05-15,Terminated,74928.5,0.0,4
EMP-011753,Finance,Remote,2021-07-11,Active,96079.0,40.0,4
EMP-011754,Hr,San Francisco,2017-05-19,Terminated,74836.0,0.0,1
EMP-011755,Sales,Chicago,2023-05-10,Active,85944.0,40.0,3
EMP-011756,Support,Chicago,2021-01-02,Active,95260.0,0.0,3
EMP-011757,It,Remote,2018-09-23,Terminated,74745.0,20.0,3
EMP-011758,Sales,Remote,2021-02-13,Terminated,44787.0,40.0,3
EMP-011759,Support,New York,2018-08-12,Active,82487.0,40.0,1
EMP-011760,It,Chicago,2016-01-11,Terminated,100056.0,0.0,3
EMP-011761,It,New York,2021-06-21,Terminated,89830.0,40.0,3
EMP-011762,Finance,San Francisco,2022-06-01,Active,76483.0,40.0,3
EMP-011763,Marketing,Remote,2021-07-23,Active,89132.0,0.0,1
EMP-011764,It,New York,2017-01-23,Active,69419.0,40.0,2
EMP-011765,Sales,Remote,2023-08-11,Terminated,101104.0,40.0,3
EMP-011766,Finance,London,2015-03-25,Terminated,74928.5,40.0,3
EMP-011767,It,London,2017-12-29,Terminated,42595.0,40.0,4
EMP-011768,Sales,Remote,2017-05-04,Active,102898.0,40.0,3
EMP-011769,It,San Francisco,2015-06-08,Active,130932.0,40.0,4
EMP-011770,Sales,London,2018-08-26,Active,88140.0,40.0,2
EMP-011771,Sales,Remote,2020-08-10,Active,99594.0,40.0,3
EMP-011772,Sales,Remote,2022-12-10,Active,58823.0,40.0,3
EMP-011773,Marketing,Remote,2023-11-28,Terminated,74928.5,40.0,1
EMP-011774,It,New York,2022-04-10,Active,69762.0,20.0,5
EMP-011775,Sales,London,2019-03-21,Active,64939.0,30.0,5
EMP-011776,Marketing,Remote,2021-07-06,Active,42204.0,40.0,4
EMP-011777,Marketing,London,2022-08-04,Active,70683.0,40.0,3
EMP-011778,It,San Francisco,2019-03-10,Active,95910.0,30.0,2
EMP-011779,Marketing,London,2022-01-24,Active,42537.0,40.0,4
EMP-011780,It,New York,2019-05-06,Terminated,79478.0,40.0,3
EMP-011781,Sales,New York,2018-06-24,Active,78711.0,40.0,3
EMP-011782,It,London,2019-09-26,Active,67467.0,40.0,3
EMP-011783,Support,San Francisco,2021-01-30,Active,87413.0,0.0,3
EMP-011784,Sales,San Francisco,2021-07-17,Active,85066.0,40.0,4
EMP-011785,Sales,Remote,2018-03-18,Terminated,65689.0,40.0,3
EMP-011786,Hr,London,2020-02-21,Active,101522.0,20.0,4
EMP-011787,It,Remote,2023-03-10,Terminated,89015.0,20.0,3
EMP-011788,Sales,Remote,2023-10-15,Terminated,114337.0,40.0,3
EMP-011789,It,Remote,2017-01-16,Active,73339.0,40.0,3
EMP-011790,Marketing,Remote,2016-09-25,Active,66956.0,40.0,3
EMP-011791,Finance,Remote,2021-02-02,Terminated,69788.0,40.0,5
EMP-011792,It,Remote,2018-09-25,Active,104458.0,40.0,3
EMP-011793,Marketing,New York,2015-03-21,Terminated,71283.0,40.0,3
EMP-011794,Marketing,San Francisco,2018-02-14,Terminated,72809.0,40.0,3
EMP-011795,Marketing,New York,2022-04-05,Active,124024.0,20.0,3
EMP-011796,Marketing,London,2022-03-06,Terminated,41388.0,40.0,3
EMP-011797,Marketing,Remote,2019-06-15,Active,83921.0,20.0,3
EMP-011798,It,London,2019-04-03,Active,73464.0,40.0,5
EMP-011799,It,San Francisco,2020-03-19,Terminated,74928.5,40.0,3
EMP-011800,Hr,San Francisco,2016-12-22,Terminated,51166.0,40.0,3
EMP-011801,Support,Chicago,2019-09-26,Terminated,58402.0,40.0,3
EMP-011802,Marketing,London,2015-02-06,Active,64798.0,40.0,5
EMP-011803,Marketing,New York,2019-04-13,Terminated,87394.0,20.0,5
EMP-011804,Support,London,2018-01-09,Terminated,96311.0,40.0,3
EMP-011805,It,London,2021-01-27,Active,30530.0,40.0,3
EMP-011806,Sales,Remote,2020-09-29,Active,44961.0,40.0,3
EMP-011807,It,San Francisco,2018-06-05,Terminated,88697.0,40.0,4
EMP-011808,Sales,San Francisco,2015-01-24,Active,90806.0,20.0,3
EMP-011809,It,London,2017-04-09,Active,38409.0,40.0,1
EMP-011810,Sales,London,2020-09-12,Active,96857.0,40.0,1
EMP-011811,Finance,Remote,2015-08-26,Terminated,74651.0,40.0,4
EMP-011812,Finance,London,2015-12-20,Active,93677.0,40.0,3
EMP-011813,Sales,Remote,2020-10-27,Active,53707.0,40.0,5
EMP-011814,It,Remote,2021-10-20,Active,40249.0,40.0,3
EMP-011815,Finance,Remote,2017-11-22,Active,67284.0,40.0,5
EMP-011816,It,New York,2019-05-29,Active,68393.0,40.0,3
EMP-011817,Support,London,2023-07-06,Active,66996.0,40.0,4
EMP-011818,Sales,New York,2023-07-06,Active,65245.0,40.0,3
EMP-011819,It,London,2017-10-07,Active,117322.0,40.0,3
EMP-011820,Hr,Chicago,2022-04-16,Active,32505.0,40.0,3
EMP-011821,It,Remote,2020-05-06,Active,53878.0,40.0,3
EMP-011822,Sales,San Francisco,2023-10-12,On Leave,64535.0,40.0,3
EMP-011823,Finance,Remote,2019-04-19,Terminated,75600.0,40.0,3
EMP-011824,It,Chicago,2021-12-21,Active,92775.0,30.0,3
EMP-011825,Support,San Francisco,2021-11-29,Active,96634.0,40.0,3
EMP-011826,It,Chicago,2019-06-24,Terminated,101913.0,20.0,3
EMP-011827,It,New York,2022-02-28,Active,87036.0,40.0,3
EMP-011828,Support,New York,2017-05-08,Active,74928.5,40.0,3
EMP-011829,Marketing,Remote,2016-02-06,Active,33391.0,40.0,3
EMP-011830,Support,Remote,2018-10-29,Active,103682.0,0.0,3
EMP-011831,It,London,2023-06-29,Terminated,102066.0,40.0,1
EMP-011832,It,Remote,2019-07-04,Active,90901.0,30.0,4
EMP-011833,Sales,London,2020-09-19,Active,54493.0,40.0,4
EMP-011834,Support,San Francisco,2020-08-13,Active,66937.0,40.0,4
EMP-011835,Marketing,Chicago,2016-03-11,Active,65028.0,40.0,3
EMP-011836,It,Remote,2018-07-06,Terminated,49382.0,40.0,3
EMP-011837,Sales,London,2021-05-12,Active,81476.0,40.0,3
EMP-011838,Sales,London,2023-09-30,On Leave,128887.0,40.0,4
EMP-011839,Sales,London,2016-07-06,Active,62609.0,40.0,3
EMP-011840,Support,Remote,2018-09-11,Terminated,107419.0,40.0,3
EMP-011841,Support,London,2015-11-09,Active,52867.0,40.0,3
EMP-011842,It,Remote,2017-03-07,Active,36583.0,40.0,5
EMP-011843,It,San Francisco,2018-05-23,Active,99687.0,40.0,2
EMP-011844,Sales,London,2019-11-13,Terminated,69530.0,40.0,5
EMP-011845,Hr,Remote,2017-01-27,Active,106781.0,40.0,3
EMP-011846,Hr,Remote,2017-01-17,Terminated,111772.0,40.0,4
EMP-011847,Finance,Remote,2021-12-31,Active,68040.0,40.0,5
EMP-011848,Support,San Francisco,2023-08-31,Active,108575.0,40.0,5
EMP-011849,Support,London,2017-11-29,Active,53099.0,40.0,3
EMP-011850,Sales,London,2021-03-11,Active,52705.0,35.0,3
EMP-011851,Marketing,London,2017-04-28,Active,101807.0,40.0,3
EMP-011852,Hr,London,2023-05-09,Active,36305.0,40.0,3
EMP-011853,Finance,New York,2021-01-20,Active,74961.0,40.0,3
EMP-011854,Sales,London,2022-03-23,Active,106241.0,40.0,5
EMP-011855,Support,London,2015-06-12,Active,107920.0,40.0,4
EMP-011856,Hr,Chicago,2020-05-21,Active,64183.0,40.0,2
EMP-011857,It,New York,2019-10-01,Active,100231.0,40.0,5
EMP-011858,Finance,Remote,2017-08-21,Active,46927.0,40.0,5
EMP-011859,It,London,2017-05-12,Terminated,58316.0,40.0,3
EMP-011860,Hr,New York,2020-03-21,Active,80760.0,40.0,4
EMP-011861,Finance,New York,2021-05-11,Terminated,84444.0,0.0,3
EMP-011862,Sales,London,2015-04-20,Active,48807.0,40.0,3
EMP-011863,It,London,2020-02-09,Terminated,121557.0,40.0,4
EMP-011864,Finance,New York,2016-07-14,Active,28063.0,40.0,3
EMP-011865,Finance,Remote,2016-04-06,Terminated,76355.0,40.0,2
EMP-011866,Sales,Chicago,2020-08-10,Active,79898.0,30.0,4
EMP-011867,Sales,San Francisco,2017-10-18,Active,31326.0,30.0,3
EMP-011868,Sales,London,2018-12-20,Active,108103.0,40.0,3
EMP-011869,Support,London,2018-03-29,Active,56488.0,40.0,3
EMP-011870,Marketing,New York,2020-11-01,Active,77461.0,40.0,3
EMP-011871,Hr,San Francisco,2019-03-26,Active,83201.0,40.0,4
EMP-011872,Support,London,2023-09-02,Active,38644.0,20.0,3
EMP-011873,It,Remote,2018-03-04,Active,48197.0,20.0,4
EMP-011874,It,San Francisco,2021-08-30,Active,114076.0,40.0,3
EMP-011875,Marketing,New York,2017-04-25,Terminated,74928.5,35.0,2
EMP-011876,Finance,Remote,2019-07-31,Terminated,7574.0,20.0,1
EMP-011877,Support,Chicago,2019-12-22,Active,67452.0,40.0,3
EMP-011878,Sales,San Francisco,2017-12-17,Terminated,74177.0,40.0,4
EMP-011879,Marketing,London,2019-03-31,Active,80484.0,40.0,1
EMP-011880,It,New York,2017-07-06,Active,74928.5,0.0,3
EMP-011881,Hr,London,2015-01-20,Active,74267.0,40.0,3
EMP-011882,It,New York,2016-12-09,Active,54184.0,40.0,3
EMP-011883,It,London,2021-04-20,Active,80526.0,20.0,4
EMP-011884,Sales,Remote,2021-12-09,Active,87658.0,40.0,3
EMP-011885,Support,London,2017-07-10,Active,85000.0,40.0,3
EMP-011886,Sales,Remote,2018-09-03,Active,110099.0,40.0,5
EMP-011887,It,Chicago,2015-05-03,Terminated,129764.0,40.0,3
EMP-011888,Sales,London,2017-02-18,Active,46660.0,40.0,4
EMP-011889,Sales,Chicago,2022-01-05,Terminated,65450.0,20.0,3
EMP-011890,Sales,London,2020-06-14,On Leave,93577.0,40.0,3
EMP-011891,Sales,Remote,2016-11-07,On Leave,71830.0,30.0,4
EMP-011892,Support,Remote,2017-04-26,On Leave,6930.0,0.0,4
EMP-011893,It,Remote,2022-05-08,Active,70186.0,20.0,3
EMP-011894,Sales,Remote,2016-11-18,Active,105854.0,40.0,3
EMP-011895,It,London,2018-01-03,Active,40131.0,20.0,3
EMP-011896,It,Remote,2020-12-23,Active,80513.0,35.0,3
EMP-011897,Marketing,San Francisco,2020-01-19,Active,27316.0,30.0,3
EMP-011898,It,San Francisco,2019-02-23,Active,96751.0,40.0,4
EMP-011899,Support,London,2023-02-05,Terminated,81039.0,40.0,3
EMP-011900,Sales,San Francisco,2016-12-23,Active,60798.0,40.0,3
EMP-011901,It,London,2021-09-03,Active,64551.0,40.0,4
EMP-011902,Finance,Remote,2016-06-06,Active,37523.0,40.0,4
EMP-011903,Support,San Francisco,2020-07-16,Terminated,74928.5,40.0,3
EMP-011904,It,Chicago,2022-11-01,Active,55016.0,40.0,4
EMP-011905,Marketing,New York,2019-02-14,Active,87507.0,0.0,5
EMP-011906,Sales,Remote,2021-07-08,Terminated,50952.0,40.0,3
EMP-011907,Sales,London,2022-05-20,Terminated,129960.0,20.0,3
EMP-011908,Sales,London,2016-03-23,Terminated,113992.0,40.0,3
EMP-011909,Sales,Chicago,2021-05-09,Terminated,126844.0,40.0,3
EMP-011910,Finance,San Francisco,2023-04-12,Active,129763.0,40.0,3
EMP-011911,Support,New York,2020-03-09,Terminated,59137.0,40.0,4
EMP-011912,Marketing,London,2016-09-03,Active,52897.0,35.0,2
EMP-011913,It,Chicago,2016-02-22,Terminated,125653.0,40.0,3
EMP-011914,It,London,2017-05-03,Active,71473.0,40.0,3
EMP-011915,Sales,London,2015-12-07,Active,74928.5,0.0,3
EMP-011916,Marketing,London,2019-08-15,Active,59483.0,40.0,4
EMP-011917,It,Remote,2015-08-18,Active,59894.0,40.0,3
EMP-011918,Finance,Remote,2017-01-04,Active,95749.0,40.0,4
EMP-011919,Sales,London,2018-12-16,Active,25753.0,40.0,5
EMP-011920,Sales,San Francisco,2019-04-07,Active,94579.0,40.0,3
EMP-011921,Finance,Chicago,2020-02-02,Active,88112.0,20.0,2
EMP-011922,Support,Chicago,2021-05-08,Active,61746.0,40.0,5
EMP-011923,It,New York,2015-06-05,Active,75605.0,40.0,3
EMP-011924,Support,New York,2015-09-23,Terminated,79521.0,40.0,3
EMP-011925,Marketing,New York,2015-07-20,Active,80926.0,40.0,3
EMP-011926,It,London,2018-10-22,Active,92254.0,40.0,2
EMP-011927,Sales,San Francisco,2015-05-18,Terminated,74928.5,40.0,2
EMP-011928,Hr,London,2021-09-18,Active,142443.0,40.0,3
EMP-011929,Hr,San Francisco,2017-01-03,Active,69860.0,40.0,5
EMP-011930,Hr,Chicago,2023-06-15,Active,71733.0,30.0,4
EMP-011931,Finance,London,2019-05-18,Active,123617.0,40.0,3
EMP-011932,Sales,London,2019-01-07,Active,29274.0,40.0,3
EMP-011933,It,London,2022-01-09,Active,123356.0,40.0,2
EMP-011934,Support,London,2021-06-02,On Leave,77337.0,20.0,3
EMP-011935,Sales,London,2020-06-19,Active,74928.5,40.0,5
EMP-011936,It,Remote,2023-06-01,Active,47009.0,30.0,5
EMP-011937,Hr,Remote,2018-10-19,Active,43272.0,30.0,5
EMP-011938,Support,San Francisco,2022-04-11,Terminated,66454.0,40.0,2
EMP-011939,Hr,London,2018-06-03,Terminated,81950.0,40.0,3
EMP-011940,It,San Francisco,2022-07-18,Active,90562.0,40.0,2
EMP-011941,Hr,London,2017-05-02,Active,81650.0,40.0,3
EMP-011942,It,Remote,2017-08-08,Active,62245.0,40.0,2
EMP-011943,Sales,London,2021-02-06,Active,108488.0,20.0,2
EMP-011944,Marketing,San Francisco,2016-11-30,Active,141845.0,40.0,3
EMP-011945,Marketing,Remote,2017-01-23,Active,112366.0,40.0,3
EMP-011946,It,London,2017-09-30,Active,66018.0,20.0,2
EMP-011947,Marketing,Remote,2021-02-09,Terminated,87552.0,40.0,3
EMP-011948,Finance,Chicago,2023-01-02,Active,89154.0,40.0,3
EMP-011949,Sales,Remote,2021-01-26,Active,115092.0,40.0,1
EMP-011950,Finance,Remote,2022-06-14,Terminated,66545.0,40.0,4
EMP-011951,Support,Remote,2019-11-22,Active,50877.0,40.0,3
EMP-011952,Finance,London,2015-08-15,Terminated,103346.0,40.0,4
EMP-011953,Support,Chicago,2015-11-27,Active,85159.0,40.0,3
EMP-011954,Support,San Francisco,2019-12-28,Terminated,47281.0,40.0,3
EMP-011955,Sales,Remote,2017-12-13,Active,92639.0,40.0,3
EMP-011956,It,Remote,2016-12-26,Active,120956.0,40.0,4
EMP-011957,Sales,New York,2019-03-13,Active,57656.0,40.0,2
EMP-011958,It,London,2020-12-30,Active,52725.0,40.0,3
EMP-011959,Sales,San Francisco,2018-06-19,Active,75752.0,40.0,3
EMP-011960,It,Remote,2022-03-22,Active,92007.0,40.0,3
EMP-011961,Marketing,Remote,2021-08-24,Active,73127.0,40.0,4
EMP-011962,Marketing,San Francisco,2021-08-12,Terminated,103361.0,40.0,5
EMP-011963,Finance,Chicago,2023-11-13,Terminated,81518.0,40.0,3
EMP-011964,Support,Remote,2017-08-28,Active,100291.0,40.0,3
EMP-011965,Hr,San Francisco,2020-10-20,Active,56979.0,40.0,3
EMP-011966,Hr,Remote,2022-09-12,Active,44307.0,20.0,4
EMP-011967,It,Chicago,2020-03-19,On Leave,66499.0,40.0,2
EMP-011968,Support,Chicago,2022-02-08,Active,41339.0,20.0,2
EMP-011969,It,London,2018-09-24,Terminated,85233.0,40.0,3
EMP-011970,Sales,New York,2020-04-24,Active,24582.0,40.0,3
EMP-011971,It,Chicago,2015-07-02,Active,63682.0,0.0,3
EMP-011972,Sales,Chicago,2023-11-15,Active,67851.0,40.0,5
EMP-011973,Sales,Remote,2022-03-14,Active,48834.0,40.0,3
EMP-011974,Support,Chicago,2022-10-26,Active,67341.0,40.0,3
EMP-011975,Support,San Francisco,2021-04-01,Active,75107.0,40.0,2
EMP-011976,It,London,2016-09-03,Terminated,106731.0,35.0,4
EMP-011977,It,London,2015-04-12,Active,48982.0,40.0,4
EMP-011978,Finance,San Francisco,2022-10-13,Active,83933.0,0.0,3
EMP-011979,Finance,Remote,2018-07-26,Active,88894.0,40.0,4
EMP-011980,It,Chicago,2017-05-17,Active,74471.0,40.0,3
EMP-011981,Finance,London,2020-01-21,Active,62549.0,30.0,4
EMP-011982,Hr,New York,2018-10-15,Active,46525.0,20.0,3
EMP-011983,Finance,Chicago,2020-11-12,Active,122464.0,40.0,3
EMP-011984,Finance,London,2019-05-10,Active,76816.0,40.0,4
EMP-011985,Finance,New York,2021-04-10,Active,67111.0,40.0,3
EMP-011986,Hr,London,2022-09-06,Terminated,128039.0,40.0,3
EMP-011987,It,Remote,2016-10-04,Active,80557.0,35.0,3
EMP-011988,Finance,Remote,2017-12-18,Active,138587.0,40.0,4
EMP-011989,Marketing,Remote,2018-12-06,Active,39592.0,40.0,3
EMP-011990,Hr,London,2023-08-29,Active,69072.0,0.0,3
EMP-011991,It,Chicago,2018-04-15,Active,40750.0,40.0,3
EMP-011992,Sales,Chicago,2018-06-06,Active,71947.0,40.0,5
EMP-011993,It,New York,2020-11-17,Active,71827.0,40.0,3
EMP-011994,Sales,New York,2018-10-09,Active,63549.0,40.0,3
EMP-011995,Sales,Remote,2023-07-24,Active,76347.0,40.0,5
EMP-011996,It,Chicago,2023-01-19,Active,64768.0,20.0,3
EMP-011997,Marketing,London,2019-08-15,Active,72241.0,40.0,1
EMP-011998,Sales,Remote,2020-10-20,Active,56105.0,40.0,3
EMP-011999,Sales,Remote,2015-07-10,Active,111071.0,0.0,3
EMP-012000,Support,New York,2021-04-05,Active,47281.0,40.0,3
EMP-012001,Sales,London,2021-05-13,Active,80309.0,40.0,3
EMP-012002,Sales,Chicago,2018-03-26,Active,45184.0,20.0,3
EMP-012003,Support,San Francisco,2016-12-23,Active,54126.0,40.0,3
EMP-012004,Finance,New York,2023-03-27,Active,56793.0,40.0,3
EMP-012005,Finance,Remote,2018-11-03,Terminated,71705.0,20.0,3
EMP-012006,Support,San Francisco,2020-11-18,Active,79386.0,40.0,3
EMP-012007,Hr,London,2015-04-20,Active,47332.0,40.0,4
EMP-012008,Sales,London,2018-09-23,Active,64662.0,40.0,3
EMP-012009,Sales,Remote,2022-05-10,Active,50221.0,35.0,3
EMP-012010,Sales,London,2018-06-27,Active,49117.0,40.0,3
EMP-012011,Support,London,2020-06-05,Terminated,103339.0,40.0,4
EMP-012012,Support,London,2016-11-20,Active,40200.0,40.0,2
EMP-012013,Hr,London,2018-10-01,Active,74928.5,35.0,3
EMP-012014,Marketing,Remote,2023-05-08,Terminated,117452.0,30.0,3
EMP-012015,Finance,London,2020-02-05,Active,105154.0,40.0,4
EMP-012016,It,London,2023-02-12,Active,85634.0,20.0,2
EMP-012017,Marketing,New York,2023-02-12,Active,74594.0,40.0,3
EMP-012018,It,London,2023-07-01,Active,93416.0,40.0,5
EMP-012019,Finance,New York,2023-01-22,Terminated,84235.0,40.0,3
EMP-012020,Sales,Remote,2015-01-11,Active,110566.0,40.0,3
EMP-012021,It,London,2023-05-29,Active,71657.0,40.0,3
EMP-012022,Marketing,San Francisco,2016-03-27,On Leave,100028.0,40.0,2
EMP-012023,Support,London,2015-05-12,Active,66857.0,40.0,3
EMP-012024,Hr,London,2015-07-02,Active,74928.5,35.0,4
EMP-012025,Finance,London,2018-02-20,Terminated,70954.0,40.0,3
EMP-012026,Hr,London,2020-08-02,On Leave,34527.0,40.0,3
EMP-012027,It,San Francisco,2018-08-15,Active,76943.0,35.0,3
EMP-012028,Finance,London,2015-03-25,Active,94115.0,20.0,4
EMP-012029,Sales,Chicago,2019-04-16,Active,115717.0,40.0,3
EMP-012030,Sales,Remote,2018-12-24,Active,50096.0,40.0,1
EMP-012031,Marketing,London,2021-10-23,Terminated,31389.0,40.0,3
EMP-012032,Sales,Remote,2017-07-08,Active,87418.0,40.0,3
EMP-012033,Sales,London,2016-12-16,Active,86644.0,40.0,3
EMP-012034,Sales,London,2017-04-21,Active,39723.0,40.0,4
EMP-012035,It,Chicago,2017-09-25,Active,66760.0,40.0,3
EMP-012036,Hr,London,2020-05-23,Terminated,67881.0,40.0,3
EMP-012037,Hr,New York,2019-03-30,Active,95578.0,20.0,5
EMP-012038,Sales,Remote,2018-01-12,Active,64657.0,40.0,4
EMP-012039,It,San Francisco,2018-05-15,On Leave,64112.0,40.0,3
EMP-012040,Hr,Remote,2018-05-04,Active,77866.0,40.0,2
EMP-012041,Hr,London,2023-10-02,Active,40547.0,40.0,5
EMP-012042,Finance,Chicago,2017-02-04,Active,122520.0,35.0,2
EMP-012043,Finance,Remote,2022-05-12,Active,98352.0,40.0,3
EMP-012044,It,Remote,2021-05-16,Terminated,57455.0,40.0,3
EMP-012045,It,Chicago,2015-01-19,Active,47059.0,40.0,2
EMP-012046,Sales,London,2023-12-09,Active,48996.0,40.0,2
EMP-012047,Marketing,Chicago,2021-10-22,Active,89669.0,40.0,3
EMP-012048,Sales,New York,2021-02-21,Active,49740.0,0.0,3
EMP-012049,Sales,Remote,2018-08-25,Active,68767.0,20.0,5
EMP-012050,Marketing,London,2019-12-30,Active,32729.0,40.0,3
EMP-012051,Sales,Remote,2017-04-12,Active,88532.0,40.0,5
EMP-012052,Sales,Remote,2015-04-27,Active,89469.0,40.0,2
EMP-012053,It,London,2022-07-11,Active,70386.0,40.0,3
EMP-012054,Hr,San Francisco,2023-01-25,Active,79839.0,40.0,3
EMP-012055,Sales,Remote,2016-06-18,Active,94894.0,40.0,3
EMP-012056,Sales,London,2022-01-31,Terminated,79167.0,40.0,3
EMP-012057,It,London,2021-09-02,Active,94521.0,40.0,3
EMP-012058,It,New York,2016-08-09,Active,45801.0,40.0,3
EMP-012059,Sales,London,2018-10-18,On Leave,84467.0,40.0,5
EMP-012060,It,New York,2018-10-21,Active,79836.0,40.0,3
EMP-012061,Finance,London,2021-11-03,Active,105050.0,40.0,3
EMP-012062,Hr,Remote,2022-07-16,Active,75759.0,20.0,3
EMP-012063,Support,San Francisco,2015-11-08,Active,72566.0,20.0,3
EMP-012064,Sales,San Francisco,2020-01-25,Active,74928.5,35.0,3
EMP-012065,It,Chicago,2021-11-08,Active,112281.0,40.0,3
EMP-012066,It,New York,2022-01-28,Terminated,16095.0,40.0,3
EMP-012067,Hr,London,2016-05-01,Active,87779.0,20.0,3
EMP-012068,Sales,Remote,2019-09-24,Active,74490.0,40.0,2
EMP-012069,It,London,2022-09-19,Terminated,70410.0,40.0,3
EMP-012070,Finance,Remote,2017-11-12,Terminated,66767.0,40.0,2
EMP-012071,Marketing,London,2018-10-29,Terminated,73604.0,40.0,3
EMP-012072,Sales,Remote,2022-03-28,On Leave,86964.0,40.0,5
EMP-012073,Sales,London,2015-10-21,Terminated,55124.0,40.0,5
EMP-012074,It,Remote,2022-09-26,Active,78376.0,35.0,3
EMP-012075,Sales,Remote,2017-10-19,Active,83769.0,40.0,4
EMP-012076,It,San Francisco,2015-01-05,Active,51156.0,40.0,3
EMP-012077,Sales,London,2017-02-08,Active,74928.5,40.0,2
EMP-012078,It,San Francisco,2015-10-22,Active,83973.0,40.0,3
EMP-012079,It,New York,2015-10-31,Active,55026.0,40.0,4
EMP-012080,Hr,Remote,2021-03-27,Active,45298.0,40.0,4
EMP-012081,It,London,2016-12-04,Active,54697.0,40.0,3
EMP-012082,Finance,Remote,2023-05-31,Active,78384.0,40.0,5
EMP-012083,Hr,London,2019-08-25,Active,73102.0,40.0,3
EMP-012084,It,New York,2019-02-21,Active,109848.0,0.0,4
EMP-012085,Sales,Chicago,2018-11-28,Active,74928.5,40.0,3
EMP-012086,Support,Chicago,2021-03-26,Active,52773.0,40.0,5
EMP-012087,Sales,London,2019-01-26,Active,91426.0,40.0,3
EMP-012088,It,London,2016-02-27,Active,50499.0,40.0,3
EMP-012089,It,London,2022-12-03,Active,55229.0,40.0,3
EMP-012090,Finance,London,2018-11-09,Terminated,55556.0,40.0,3
EMP-012091,It,London,2015-09-01,Terminated,66.0,40.0,3
EMP-012092,Finance,San Francisco,2019-10-07,Active,89172.0,40.0,3
EMP-012093,Marketing,London,2020-10-28,Terminated,98500.0,40.0,4
EMP-012094,It,Chicago,2017-06-24,Active,97917.0,40.0,4
EMP-012095,Sales,London,2022-03-15,Terminated,122136.0,40.0,3
EMP-012096,Sales,Remote,2021-01-10,Active,112676.0,20.0,3
EMP-012097,Sales,London,2020-11-07,Active,66651.0,40.0,2
EMP-012098,Finance,Remote,2018-10-15,Terminated,102731.0,40.0,4
EMP-012099,Sales,Chicago,2023-08-28,Active,72559.0,40.0,4
EMP-012100,It,Remote,2017-06-20,Active,64351.0,40.0,2
EMP-012101,Sales,Chicago,2020-03-13,Active,56111.0,40.0,4
EMP-012102,Support,New York,2017-10-12,Terminated,68309.0,40.0,4
EMP-012103,Sales,Remote,2021-09-14,Active,83224.0,30.0,4
EMP-012104,It,Chicago,2015-06-07,Active,114528.0,40.0,3
EMP-012105,Marketing,Remote,2015-05-31,Terminated,93216.0,40.0,3
EMP-012106,Finance,Chicago,2022-04-19,On Leave,55717.0,40.0,3
EMP-012107,Hr,Remote,2018-11-28,Active,48897.0,40.0,3
EMP-012108,Marketing,Remote,2018-01-26,Active,89214.0,40.0,4
EMP-012109,Support,London,2020-06-19,Active,74928.5,20.0,4
EMP-012110,Finance,Chicago,2021-04-26,Active,105687.0,40.0,3
EMP-012111,It,Chicago,2016-10-23,Terminated,68281.0,30.0,4
EMP-012112,Sales,San Francisco,2016-09-01,Terminated,86738.0,35.0,1
EMP-012113,Finance,Remote,2023-08-16,Active,74928.5,20.0,3
EMP-012114,It,Remote,2020-04-22,Active,41224.0,40.0,3
EMP-012115,It,Remote,2018-07-06,Active,81944.0,40.0,3
EMP-012116,Marketing,Remote,2022-03-19,Active,97609.0,40.0,5
EMP-012117,Marketing,New York,2019-09-23,Active,87760.0,40.0,3
EMP-012118,Sales,New York,2017-03-05,Active,72984.0,40.0,3
EMP-012119,It,London,2016-11-10,Active,140249.0,40.0,4
EMP-012120,Sales,Chicago,2018-07-28,Active,123263.0,40.0,5
EMP-012121,It,Chicago,2022-09-27,Active,75235.0,40.0,3
EMP-012122,Sales,Chicago,2015-07-21,Active,70257.0,40.0,3
EMP-012123,Sales,Chicago,2016-12-19,Active,92507.0,40.0,4
EMP-012124,Sales,Remote,2023-01-14,Active,73562.0,40.0,3
EMP-012125,Finance,Remote,2016-02-05,Active,106789.0,40.0,3
EMP-012126,Marketing,New York,2020-08-31,Terminated,43319.0,40.0,5
EMP-012127,Sales,Remote,2016-12-02,Terminated,68983.0,40.0,3
EMP-012128,Support,San Francisco,2020-06-14,Terminated,92131.0,20.0,3
EMP-012129,Support,Remote,2018-06-13,Active,100094.0,40.0,3
EMP-012130,Marketing,Remote,2015-12-01,Active,37977.0,40.0,3
EMP-012131,Support,London,2020-03-29,Active,51148.0,40.0,3
EMP-012132,Sales,Remote,2021-02-23,On Leave,33094.0,40.0,3
EMP-012133,Finance,Remote,2021-02-14,On Leave,53171.0,20.0,3
EMP-012134,It,Remote,2020-09-24,Terminated,43070.0,40.0,3
EMP-012135,Hr,New York,2019-07-03,Active,88478.0,40.0,3
EMP-012136,Sales,Remote,2019-09-04,Terminated,80725.0,40.0,4
EMP-012137,Hr,London,2020-09-20,On Leave,71154.0,40.0,5
EMP-012138,It,San Francisco,2021-03-18,Active,75652.0,40.0,3
EMP-012139,It,Chicago,2020-11-22,Active,104856.0,40.0,4
EMP-012140,Sales,Remote,2020-04-13,Active,48943.0,40.0,2
EMP-012141,Finance,New York,2016-05-27,Active,26745.0,40.0,3
EMP-012142,Support,New York,2016-11-23,Active,92763.0,0.0,3
EMP-012143,Support,San Francisco,2017-05-05,On Leave,65226.0,40.0,4
EMP-012144,Sales,London,2023-04-11,On Leave,49539.0,30.0,3
EMP-012145,It,London,2021-11-01,Active,88850.0,40.0,5
EMP-012146,Finance,New York,2019-12-23,Active,25809.0,30.0,3
EMP-012147,Finance,Remote,2017-04-08,Active,53560.0,40.0,5
EMP-012148,Marketing,Remote,2015-12-31,Terminated,15284.0,30.0,2
EMP-012149,It,Chicago,2023-02-02,Active,81477.0,40.0,3
EMP-012150,Sales,New York,2023-01-13,Active,114342.0,40.0,3
EMP-012151,Sales,London,2015-12-30,Terminated,60671.0,40.0,4
EMP-012152,It,Chicago,2022-03-05,Active,55211.0,40.0,3
EMP-012153,Sales,New York,2019-01-08,Active,74928.5,30.0,4
EMP-012154,Support,San Francisco,2017-11-30,Active,90686.0,40.0,3
EMP-012155,It,Remote,2021-08-26,Active,134511.0,40.0,4
EMP-012156,Sales,London,2020-07-12,Active,79020.0,40.0,3
EMP-012157,Sales,New York,2022-01-07,Active,80666.0,20.0,3
EMP-012158,Marketing,London,2015-09-02,Terminated,111121.0,40.0,4
EMP-012159,Hr,London,2017-11-13,Active,71284.0,40.0,3
EMP-012160,Support,London,2017-11-15,Active,81180.0,40.0,2
EMP-012161,Sales,London,2017-12-19,Active,14468.0,35.0,1
EMP-012162,Finance,Remote,2019-07-10,Active,118443.0,40.0,3
EMP-012163,It,San Francisco,2017-07-19,Active,84772.0,40.0,4
EMP-012164,Support,Remote,2018-12-31,On Leave,72316.0,40.0,3
EMP-012165,Hr,Remote,2018-04-23,Active,97684.0,40.0,3
EMP-012166,Sales,Remote,2021-08-13,Terminated,45463.0,40.0,2
EMP-012167,Sales,London,2020-06-06,Active,61216.0,35.0,4
EMP-012168,Sales,Remote,2020-11-18,Active,88833.0,40.0,3
EMP-012169,Sales,Chicago,2016-11-23,Active,76101.0,40.0,3
EMP-012170,Marketing,San Francisco,2017-12-05,Active,86166.0,40.0,3
EMP-012171,Sales,London,2015-03-11,Active,81233.0,40.0,4
EMP-012172,Support,Remote,2015-12-23,Active,90764.0,40.0,1
EMP-012173,Hr,New York,2017-05-21,Active,41980.0,40.0,1
EMP-012174,Sales,New York,2015-08-04,Terminated,106954.0,35.0,2
EMP-012175,It,New York,2020-06-03,Active,62903.0,40.0,4
EMP-012176,Sales,San Francisco,2023-12-25,Active,76443.0,40.0,4
EMP-012177,Hr,London,2015-11-28,Terminated,59981.0,40.0,3
EMP-012178,Finance,Remote,2022-05-23,Active,67815.0,35.0,1
EMP-012179,Finance,London,2016-01-26,On Leave,80727.0,0.0,4
EMP-012180,Marketing,London,2021-01-11,Active,93379.0,40.0,4
EMP-012181,Support,Remote,2020-10-15,Terminated,97531.0,20.0,5
EMP-012182,Hr,San Francisco,2023-02-15,Active,85813.0,40.0,4
EMP-012183,Marketing,New York,2016-01-10,Active,60105.0,40.0,3
EMP-012184,It,Remote,2017-11-02,Active,84236.0,35.0,3
EMP-012185,Sales,Remote,2015-10-26,Terminated,81007.0,40.0,3
EMP-012186,It,London,2018-09-01,Active,76477.0,40.0,3
EMP-012187,Sales,London,2023-03-16,Active,88356.0,40.0,3
EMP-012188,Finance,New York,2022-01-12,On Leave,43106.0,40.0,2
EMP-012189,Marketing,San Francisco,2021-07-04,Active,24327.0,40.0,4
EMP-012190,Finance,Chicago,2019-10-19,Active,104750.0,40.0,1
EMP-012191,It,London,2022-12-14,Active,71716.0,40.0,1
EMP-012192,It,London,2019-01-17,Active,85398.0,0.0,1
EMP-012193,It,London,2016-05-07,Active,53311.0,40.0,5
EMP-012194,Finance,London,2022-07-16,Terminated,106556.0,40.0,5
EMP-012195,It,New York,2017-07-08,Terminated,83752.0,0.0,3
EMP-012196,Sales,San Francisco,2015-06-26,Terminated,70512.0,40.0,2
EMP-012197,Marketing,Remote,2016-02-19,Active,82145.0,40.0,1
EMP-012198,It,New York,2020-06-24,Active,31457.0,40.0,5
EMP-012199,Marketing,San Francisco,2020-06-18,Active,84328.0,40.0,3
EMP-012200,It,Remote,2017-05-05,Active,112171.0,0.0,3
EMP-012201,Marketing,London,2021-07-18,Active,74928.5,40.0,3
EMP-012202,It,San Francisco,2021-12-17,Terminated,79654.0,40.0,5
EMP-012203,It,London,2023-04-14,Terminated,67074.0,30.0,4
EMP-012204,It,London,2020-04-06,Active,102069.0,0.0,4
EMP-012205,Sales,San Francisco,2022-01-05,Active,105775.0,40.0,3
EMP-012206,Support,Remote,2021-10-11,Active,64201.0,0.0,3
EMP-012207,It,Chicago,2017-04-27,Active,83966.0,40.0,3
EMP-012208,Finance,London,2017-10-16,Active,80805.0,30.0,3
EMP-012209,It,London,2019-04-22,Active,85044.0,0.0,3
EMP-012210,Sales,London,2015-03-04,Active,55682.0,40.0,5
EMP-012211,Sales,Remote,2017-09-04,Active,103569.0,40.0,4
EMP-012212,Marketing,New York,2019-04-07,Active,89130.0,40.0,3
EMP-012213,Sales,Remote,2015-12-22,Terminated,105060.0,40.0,3
EMP-012214,Hr,London,2016-02-20,Active,47116.0,40.0,3
EMP-012215,Sales,London,2019-03-03,Active,48585.0,40.0,4
EMP-012216,It,New York,2021-07-30,Terminated,126485.0,20.0,3
EMP-012217,Sales,New York,2022-07-03,Active,103678.0,40.0,5
EMP-012218,Sales,Chicago,2019-12-01,Active,54623.0,40.0,3
EMP-012219,Finance,San Francisco,2019-04-10,Active,96704.0,40.0,3
EMP-012220,It,London,2018-06-17,Terminated,63355.0,30.0,3
EMP-012221,Marketing,San Francisco,2016-09-26,Active,32532.0,40.0,3
EMP-012222,Support,London,2016-04-26,Active,22494.0,40.0,3
EMP-012223,Sales,New York,2022-02-15,Active,74450.0,40.0,4
EMP-012224,Support,New York,2019-03-09,Active,114020.0,20.0,3
EMP-012225,Sales,Chicago,2022-02-10,Terminated,113035.0,20.0,4
EMP-012226,Hr,Remote,2021-05-03,Terminated,106504.0,20.0,2
EMP-012227,It,Remote,2016-09-29,Active,95750.0,40.0,3
EMP-012228,Marketing,Remote,2019-08-05,Active,82934.0,0.0,3
EMP-012229,It,Remote,2018-12-30,Active,103799.0,40.0,5
EMP-012230,Finance,New York,2018-10-25,Active,24728.0,40.0,1
EMP-012231,It,London,2019-11-19,Terminated,99745.0,40.0,1
EMP-012232,Sales,Chicago,2023-11-03,Active,46975.0,20.0,4
EMP-012233,Hr,Remote,2022-04-26,Active,52182.0,35.0,4
EMP-012234,Support,London,2023-02-18,On Leave,92396.0,40.0,3
EMP-012235,Sales,Remote,2015-04-08,Active,98218.0,40.0,5
EMP-012236,Sales,Chicago,2016-04-06,Terminated,59757.0,40.0,3
EMP-012237,Hr,New York,2015-10-06,Terminated,91155.0,20.0,3
EMP-012238,Marketing,Remote,2017-05-15,Active,74928.5,40.0,4
EMP-012239,It,Remote,2018-12-23,Terminated,67234.0,30.0,3
EMP-012240,Marketing,London,2020-10-11,Active,78846.0,40.0,3
EMP-012241,Support,San Francisco,2019-07-05,Terminated,127022.0,20.0,4
EMP-012242,Marketing,London,2023-02-16,Terminated,67961.0,40.0,3
EMP-012243,Finance,Remote,2023-06-17,Terminated,68823.0,40.0,2
EMP-012244,Hr,London,2016-06-21,Terminated,78750.0,40.0,3
EMP-012245,Support,London,2022-09-04,Active,70426.0,20.0,3
EMP-012246,Support,Remote,2019-05-03,Terminated,94763.0,40.0,3
EMP-012247,It,Remote,2019-01-30,Terminated,111731.0,40.0,3
EMP-012248,Support,San Francisco,2022-01-24,Active,68833.0,40.0,2
EMP-012249,It,London,2015-11-03,Active,53580.0,40.0,2
EMP-012250,Sales,San Francisco,2022-12-10,Active,124373.0,40.0,4
EMP-012251,Sales,London,2021-01-14,Active,77995.0,35.0,3
EMP-012252,It,Remote,2022-11-16,Active,32387.0,20.0,5
EMP-012253,Hr,London,2023-12-13,Active,121557.0,40.0,5
EMP-012254,Marketing,London,2019-08-30,Active,103155.0,40.0,3
EMP-012255,It,San Francisco,2015-11-03,Active,115034.0,40.0,4
EMP-012256,Support,New York,2016-07-01,On Leave,110856.0,40.0,3
EMP-012257,Hr,Remote,2017-11-29,Active,141125.0,40.0,3
EMP-012258,It,Remote,2015-12-07,Active,49077.0,20.0,3
EMP-012259,It,Remote,2022-05-04,Terminated,55109.0,40.0,3
EMP-012260,Support,London,2017-09-02,Active,62693.0,40.0,3
EMP-012261,Finance,New York,2023-10-13,Active,61979.0,0.0,3
EMP-012262,Finance,San Francisco,2021-04-28,Terminated,78074.0,0.0,3
EMP-012263,It,London,2016-07-24,Active,62753.0,20.0,3
EMP-012264,Finance,Remote,2019-04-14,Active,45261.0,20.0,3
EMP-012265,It,Remote,2019-03-15,Active,53139.0,40.0,3
EMP-012266,Support,Remote,2019-06-07,Active,67656.0,0.0,5
EMP-012267,It,Remote,2019-10-27,Active,103608.0,35.0,3
EMP-012268,Hr,Remote,2015-04-13,Active,60617.0,40.0,3
EMP-012269,It,Chicago,2021-03-05,Active,95249.0,20.0,2
EMP-012270,Hr,London,2019-05-21,Active,41968.0,40.0,3
EMP-012271,It,San Francisco,2022-02-12,Active,74928.5,20.0,3
EMP-012272,Hr,Remote,2022-05-04,Active,71671.0,40.0,3
EMP-012273,Hr,Remote,2017-01-27,Active,59750.0,40.0,3
EMP-012274,Marketing,Remote,2015-06-09,Active,52957.0,40.0,3
EMP-012275,It,San Francisco,2021-04-30,Terminated,50029.0,35.0,5
EMP-012276,Marketing,London,2023-10-19,Active,57312.0,40.0,3
EMP-012277,It,New York,2019-01-08,Terminated,50316.0,0.0,3
EMP-012278,Support,London,2017-05-03,Active,52582.0,40.0,1
EMP-012279,It,London,2016-05-29,Terminated,41029.0,20.0,3
EMP-012280,Support,London,2017-08-02,Active,21765.0,40.0,4
EMP-012281,Support,Remote,2017-12-13,Active,19765.0,20.0,2
EMP-012282,Hr,London,2018-10-25,Active,136527.0,40.0,3
EMP-012283,Sales,Remote,2020-11-24,Active,73419.0,30.0,5
EMP-012284,It,London,2017-06-16,Terminated,113114.0,40.0,3
EMP-012285,Support,London,2015-06-17,Active,70560.0,30.0,4
EMP-012286,Sales,San Francisco,2018-05-11,Active,71393.0,40.0,2
EMP-012287,Finance,San Francisco,2022-09-13,Active,82667.0,20.0,3
EMP-012288,Support,Chicago,2019-06-27,Active,91002.0,20.0,3
EMP-012289,Finance,Remote,2023-09-07,Terminated,43833.0,40.0,1
EMP-012290,It,Chicago,2019-07-14,Terminated,65506.0,40.0,3
EMP-012291,It,Remote,2017-06-25,Active,82620.0,40.0,3
EMP-012292,Marketing,Remote,2016-09-27,Active,26662.0,40.0,3
EMP-012293,It,Chicago,2021-04-01,Active,107433.0,40.0,3
EMP-012294,Marketing,Chicago,2019-10-30,Active,101569.0,20.0,3
EMP-012295,Marketing,New York,2020-06-08,Terminated,22456.0,40.0,2
EMP-012296,It,London,2021-10-18,Terminated,53025.0,40.0,3
EMP-012297,Support,San Francisco,2021-07-14,Terminated,77621.0,40.0,5
EMP-012298,Sales,Chicago,2015-05-23,Active,96046.0,40.0,3
EMP-012299,Support,San Francisco,2022-03-23,Active,113153.0,40.0,3
EMP-012300,Support,Remote,2019-10-17,Active,59066.0,20.0,3
EMP-012301,It,Chicago,2018-07-11,Active,133454.0,40.0,3
EMP-012302,Hr,Remote,2019-11-02,Active,73781.0,40.0,1
EMP-012303,Hr,Chicago,2020-07-06,Terminated,69397.0,35.0,3
EMP-012304,Support,London,2016-05-06,Active,89043.0,40.0,4
EMP-012305,Finance,Remote,2018-10-04,Active,82770.0,40.0,4
EMP-012306,It,New York,2018-01-08,Active,81372.0,40.0,4
EMP-012307,Marketing,Remote,2018-02-25,On Leave,124904.0,40.0,1
EMP-012308,Sales,London,2015-10-28,Active,81184.0,30.0,3
EMP-012309,Hr,London,2016-06-09,Terminated,50393.0,40.0,3
EMP-012310,Support,Remote,2016-06-15,Active,54006.0,40.0,3
EMP-012311,It,Remote,2018-05-11,Active,111816.0,40.0,4
EMP-012312,Sales,London,2023-01-19,Active,92096.0,35.0,3
EMP-012313,Finance,London,2016-11-08,Terminated,36091.0,40.0,3
EMP-012314,It,Remote,2018-09-30,Active,34862.0,40.0,1
EMP-012315,Support,London,2017-10-21,Terminated,75626.0,40.0,3
EMP-012316,It,New York,2022-02-01,Active,90412.0,40.0,3
EMP-012317,Support,Chicago,2015-06-14,Active,58049.0,40.0,1
EMP-012318,Sales,New York,2016-10-08,Active,32996.0,35.0,3
EMP-012319,Marketing,London,2016-11-23,Active,46871.0,40.0,3
EMP-012320,Finance,London,2023-12-08,Terminated,116144.0,40.0,3
EMP-012321,Hr,London,2020-02-20,Terminated,87424.0,20.0,4
EMP-012322,Hr,Chicago,2016-04-01,Active,100002.0,40.0,3
EMP-012323,Hr,London,2017-06-13,Active,104125.0,40.0,3
EMP-012324,Sales,New York,2016-07-05,Active,59350.0,40.0,3
EMP-012325,It,New York,2016-02-14,On Leave,65674.0,40.0,3
EMP-012326,It,Remote,2022-03-05,Active,70800.0,40.0,5
EMP-012327,Finance,Remote,2019-06-18,Active,85417.0,30.0,4
EMP-012328,Finance,New York,2020-09-05,Active,102238.0,40.0,4
EMP-012329,Hr,Chicago,2017-12-24,Active,121747.0,40.0,3
EMP-012330,Hr,London,2019-12-25,Terminated,95358.0,35.0,4
EMP-012331,Marketing,Remote,2017-04-26,Active,95540.0,40.0,4
EMP-012332,Sales,Remote,2017-10-09,Active,123166.0,40.0,3
EMP-012333,Sales,San Francisco,2020-11-13,Active,69874.0,40.0,3
EMP-012334,Sales,San Francisco,2016-05-09,Active,74928.5,40.0,4
EMP-012335,Support,Remote,2020-07-21,Active,89457.0,40.0,3
EMP-012336,Support,London,2022-09-02,Active,90374.0,30.0,4
EMP-012337,Finance,Chicago,2016-01-31,Active,69637.0,40.0,1
EMP-012338,Finance,Remote,2023-01-28,Active,40144.0,40.0,3
EMP-012339,It,Remote,2015-09-19,Active,83621.0,0.0,3
EMP-012340,It,San Francisco,2018-02-20,Active,74928.5,40.0,4
EMP-012341,Sales,Chicago,2020-06-29,Terminated,60614.0,40.0,4
EMP-012342,Sales,Chicago,2020-01-13,Terminated,72582.0,0.0,4
EMP-012343,Support,San Francisco,2015-11-13,Terminated,52953.0,40.0,3
EMP-012344,Sales,Chicago,2022-03-11,Terminated,53165.0,40.0,3
EMP-012345,Sales,Chicago,2023-10-04,On Leave,62976.0,40.0,3
EMP-012346,Sales,San Francisco,2016-08-18,Active,41789.0,40.0,5
EMP-012347,Support,New York,2023-01-21,Active,60413.0,40.0,3
EMP-012348,It,Remote,2020-01-05,Active,92843.0,40.0,3
EMP-012349,It,London,2023-06-04,Active,111403.0,40.0,4
EMP-012350,Marketing,Remote,2016-08-01,Active,126886.0,30.0,4
EMP-012351,Marketing,London,2022-02-16,Active,64997.0,30.0,3
EMP-012352,Marketing,New York,2015-07-16,Terminated,105003.0,40.0,2
EMP-012353,Support,London,2022-12-13,Terminated,83404.0,40.0,3
EMP-012354,Hr,New York,2021-01-24,Active,69066.0,40.0,4
EMP-012355,Hr,Chicago,2018-05-02,Terminated,85055.0,40.0,4
EMP-012356,Hr,London,2016-09-18,Terminated,102553.0,20.0,4
EMP-012357,Finance,New York,2022-05-07,Active,62542.0,40.0,4
EMP-012358,It,London,2020-06-05,On Leave,61967.0,40.0,1
EMP-012359,It,New York,2018-03-30,On Leave,64755.0,40.0,3
EMP-012360,It,Remote,2018-12-29,Active,59331.0,20.0,4
EMP-012361,It,New York,2022-06-09,Terminated,104972.0,40.0,3
EMP-012362,Finance,London,2018-01-19,Active,74928.5,40.0,3
EMP-012363,Sales,Chicago,2015-10-22,Terminated,60310.0,40.0,4
EMP-012364,Sales,London,2023-03-15,Active,82780.0,40.0,4
EMP-012365,It,San Francisco,2018-06-27,Active,80758.0,40.0,3
EMP-012366,Marketing,London,2018-02-19,Active,64754.0,30.0,5
EMP-012367,Hr,Remote,2016-11-02,Active,117091.0,40.0,3
EMP-012368,Marketing,Remote,2023-01-28,Terminated,59234.0,40.0,3
EMP-012369,Hr,Remote,2016-12-15,Active,70723.0,40.0,4
EMP-012370,Marketing,Remote,2020-09-23,Active,26831.0,40.0,3
EMP-012371,Sales,New York,2022-12-05,Active,67375.0,20.0,3
EMP-012372,Sales,Remote,2015-04-25,Active,41926.0,40.0,4
EMP-012373,Marketing,London,2022-06-17,Terminated,52093.0,20.0,3
EMP-012374,Marketing,Remote,2018-09-11,Terminated,26104.0,40.0,3
EMP-012375,Support,London,2020-12-02,Terminated,52687.0,40.0,3
EMP-012376,Sales,Chicago,2018-05-09,Active,74928.5,40.0,4
EMP-012377,Marketing,London,2021-04-05,Active,68895.0,40.0,4
EMP-012378,Support,Remote,2017-04-15,Active,64631.0,20.0,3
EMP-012379,It,London,2015-03-14,Active,66877.0,40.0,4
EMP-012380,Sales,New York,2023-07-13,Active,62375.0,40.0,3
EMP-012381,Finance,New York,2015-02-23,Terminated,74135.0,40.0,4
EMP-012382,Sales,Chicago,2022-06-01,Active,72244.0,40.0,1
EMP-012383,Sales,Chicago,2016-07-09,Active,74928.5,40.0,4
EMP-012384,Marketing,London,2018-07-13,Active,69976.0,40.0,2
EMP-012385,It,Chicago,2022-05-27,On Leave,64159.0,40.0,4
EMP-012386,Sales,Chicago,2016-11-07,Terminated,94456.0,40.0,4
EMP-012387,It,New York,2022-10-16,Active,90072.0,40.0,4
EMP-012388,It,London,2019-06-25,Active,74189.0,35.0,3
EMP-012389,Support,Remote,2018-04-18,Active,104878.0,40.0,5
EMP-012390,Marketing,Chicago,2020-12-17,Terminated,77066.0,30.0,3
EMP-012391,Marketing,London,2018-01-27,Active,70971.0,0.0,3
EMP-012392,Sales,Remote,2018-02-15,Terminated,73285.0,40.0,3
EMP-012393,Sales,New York,2021-08-08,Active,79128.0,35.0,3
EMP-012394,It,Remote,2017-10-15,Active,52070.0,0.0,3
EMP-012395,Hr,New York,2016-10-21,On Leave,28159.0,40.0,3
EMP-012396,Hr,New York,2022-04-08,Active,82037.0,40.0,3
EMP-012397,Sales,San Francisco,2022-04-01,Terminated,95851.0,20.0,3
EMP-012398,Support,London,2019-06-24,Active,49976.0,35.0,4
EMP-012399,Hr,Remote,2019-09-28,Active,101827.0,40.0,3
EMP-012400,Sales,Chicago,2021-04-07,Active,33839.0,40.0,3
EMP-012401,Hr,Remote,2019-08-01,Active,61030.0,40.0,3
EMP-012402,It,London,2018-10-02,Active,117650.0,40.0,5
EMP-012403,It,New York,2023-12-15,Terminated,83898.0,20.0,4
EMP-012404,Finance,San Francisco,2016-04-30,Active,67438.0,0.0,3
EMP-012405,It,London,2020-05-02,On Leave,81307.0,40.0,2
EMP-012406,Support,Remote,2022-12-21,Active,104909.0,40.0,3
EMP-012407,Marketing,Remote,2021-03-08,Active,38871.0,40.0,3
EMP-012408,It,London,2022-12-05,Active,107946.0,40.0,5
EMP-012409,Support,Chicago,2018-01-10,On Leave,62749.0,0.0,3
EMP-012410,Hr,Remote,2017-06-13,Active,92710.0,40.0,3
EMP-012411,Finance,Remote,2022-08-30,Active,59644.0,40.0,3
EMP-012412,It,Chicago,2018-07-19,Active,117093.0,30.0,5
EMP-012413,Hr,San Francisco,2021-05-21,Active,74221.0,40.0,3
EMP-012414,Support,New York,2016-04-30,Active,41780.0,40.0,4
EMP-012415,It,London,2021-10-20,Active,86752.0,20.0,3
EMP-012416,Marketing,London,2019-12-10,Active,107531.0,40.0,4
EMP-012417,It,New York,2017-06-01,Active,104707.0,40.0,3
EMP-012418,Hr,Remote,2019-06-14,Terminated,77338.0,40.0,3
EMP-012419,Sales,San Francisco,2021-04-09,Terminated,95302.0,20.0,3
EMP-012420,Sales,Chicago,2015-02-09,Terminated,64461.0,40.0,3
EMP-012421,It,London,2020-09-26,Active,89776.0,40.0,3
EMP-012422,Marketing,London,2019-11-16,Active,84070.0,40.0,3
EMP-012423,Finance,Remote,2016-12-25,Terminated,2618.0,20.0,3
EMP-012424,Finance,London,2021-10-11,Active,49985.0,40.0,4
EMP-012425,Sales,Remote,2017-09-24,Active,80196.0,40.0,4
EMP-012426,Hr,London,2017-06-29,Active,79125.0,40.0,3
EMP-012427,Support,Chicago,2019-03-29,Terminated,74273.0,35.0,4
EMP-012428,Hr,Chicago,2021-01-31,On Leave,74928.5,40.0,1
EMP-012429,Finance,San Francisco,2023-05-12,Terminated,105192.0,20.0,3
EMP-012430,Sales,London,2016-04-09,On Leave,83853.0,40.0,3
EMP-012431,Sales,London,2018-07-27,Terminated,16684.0,40.0,3
EMP-012432,It,San Francisco,2015-08-09,Active,123693.0,40.0,3
EMP-012433,Marketing,San Francisco,2021-10-29,Terminated,27336.0,40.0,4
EMP-012434,Sales,Chicago,2019-01-11,On Leave,74928.5,40.0,1
EMP-012435,It,Chicago,2021-05-12,Active,35892.0,40.0,2
EMP-012436,It,Remote,2017-11-25,Active,110586.0,40.0,1
EMP-012437,It,London,2022-08-07,Active,68050.0,0.0,3
EMP-012438,It,Chicago,2019-10-24,Terminated,84607.0,20.0,5
EMP-012439,Sales,London,2023-06-29,Active,25346.0,40.0,3
EMP-012440,Finance,Chicago,2015-09-17,Active,74928.5,40.0,3
EMP-012441,It,London,2019-08-18,Active,85408.0,40.0,5
EMP-012442,It,San Francisco,2021-11-24,Terminated,90433.0,20.0,3
EMP-012443,It,London,2020-05-26,Active,98740.0,40.0,3
EMP-012444,Sales,London,2015-03-18,Active,79463.0,40.0,4
EMP-012445,Hr,New York,2023-10-02,Active,69732.0,40.0,3
EMP-012446,It,London,2017-09-07,Active,74928.5,35.0,5
EMP-012447,Marketing,New York,2017-03-30,Active,63922.0,40.0,4
EMP-012448,It,London,2019-05-16,Active,105162.0,40.0,3
EMP-012449,Hr,London,2019-11-18,Active,54055.0,40.0,4
EMP-012450,It,New York,2021-11-23,Active,28923.0,35.0,3
EMP-012451,Marketing,New York,2018-07-16,Active,74928.5,40.0,4
EMP-012452,Finance,London,2018-12-17,Active,90151.0,40.0,3
EMP-012453,It,London,2019-10-25,Active,67429.0,40.0,2
EMP-012454,Marketing,Remote,2018-07-20,Active,90112.0,40.0,3
EMP-012455,Hr,Chicago,2023-03-26,Active,24988.0,40.0,2
EMP-012456,It,Remote,2022-08-30,Active,436.0,40.0,4
EMP-012457,It,Chicago,2019-02-04,Active,81603.0,40.0,3
EMP-012458,Hr,New York,2015-01-01,Active,100117.0,40.0,4
EMP-012459,Sales,London,2023-02-09,Active,32225.0,40.0,4
EMP-012460,Sales,London,2016-02-13,Terminated,88151.0,20.0,4
EMP-012461,It,London,2017-03-14,Active,104757.0,40.0,3
EMP-012462,Marketing,London,2016-05-15,Active,74890.0,40.0,3
EMP-012463,Hr,Remote,2016-08-14,Active,97527.0,40.0,4
EMP-012464,Finance,Remote,2022-03-24,Active,79760.0,40.0,3
EMP-012465,Support,San Francisco,2020-03-19,Terminated,68427.0,40.0,4
EMP-012466,Hr,New York,2023-08-09,Active,95525.0,40.0,3
EMP-012467,It,Remote,2017-01-30,Active,122820.0,40.0,4
EMP-012468,It,Chicago,2019-05-16,Active,61054.0,40.0,3
EMP-012469,It,San Francisco,2023-10-18,Active,72807.0,40.0,4
EMP-012470,It,San Francisco,2022-06-09,Active,50233.0,40.0,3
EMP-012471,Hr,London,2021-07-22,Active,78880.0,40.0,4
EMP-012472,Support,Remote,2016-09-13,Active,71090.0,30.0,2
EMP-012473,Sales,Chicago,2021-12-04,Active,103961.0,40.0,3
EMP-012474,Hr,London,2018-02-16,Active,74928.5,40.0,2
EMP-012475,Support,London,2019-10-10,Terminated,94700.0,40.0,5
EMP-012476,Sales,London,2020-06-25,Active,101169.0,40.0,3
EMP-012477,Support,London,2020-06-25,Terminated,57379.0,40.0,3
EMP-012478,It,London,2021-07-16,Terminated,51127.0,40.0,3
EMP-012479,It,Remote,2020-12-15,Active,85920.0,20.0,3
EMP-012480,It,New York,2015-08-13,Active,75501.0,35.0,3
EMP-012481,Finance,San Francisco,2019-02-12,Active,124980.0,0.0,3
EMP-012482,It,Chicago,2020-12-22,Active,26959.0,0.0,3
EMP-012483,Marketing,San Francisco,2017-08-30,Active,90490.0,40.0,5
EMP-012484,It,Remote,2017-10-26,Terminated,90076.0,35.0,3
EMP-012485,It,New York,2016-02-14,Active,55951.0,40.0,3
EMP-012486,Support,London,2018-10-07,Active,50811.0,40.0,4
EMP-012487,It,New York,2023-11-18,Active,66518.0,30.0,3
EMP-012488,Sales,London,2017-07-26,Active,33962.0,40.0,3
EMP-012489,Sales,London,2019-10-13,Active,111433.0,40.0,3
EMP-012490,Support,New York,2021-09-09,Active,142518.0,40.0,3
EMP-012491,It,London,2015-02-14,Active,66468.0,40.0,3
EMP-012492,Sales,San Francisco,2023-02-07,Active,59018.0,40.0,3
EMP-012493,Sales,London,2018-06-24,Terminated,42229.0,40.0,2
EMP-012494,Finance,London,2022-10-27,Active,47597.0,40.0,5
EMP-012495,It,London,2015-05-09,Active,60264.0,20.0,3
EMP-012496,Sales,San Francisco,2016-04-23,Terminated,105219.0,40.0,3
EMP-012497,Hr,San Francisco,2017-11-26,Active,154825.0,40.0,4
EMP-012498,Marketing,San Francisco,2018-02-09,Terminated,56929.0,40.0,3
EMP-012499,Hr,London,2022-08-18,Active,52449.0,40.0,3
EMP-012500,Sales,New York,2015-02-06,Terminated,45800.0,40.0,5
